VendaID,ClienteID,ProdutoID,DataVenda,Quantidade,ValorUnitario,ValorTotal
1,724,116,13/02/2025,3,928.68,2786.04
2,537,182,19/09/2025,4,2300.18,9200.72
3,627,41,09/10/2025,4,2208.11,8832.44
4,390,12,21/06/2025,2,1216.64,2433.28
5,580,169,25/03/2025,2,2665.01,5330.02
6,890,38,31/12/2025,2,714.32,1428.64
7,53,108,08/06/2025,3,708.88,2126.64
8,748,197,28/05/2025,4,2649.99,10599.96
9,642,47,09/03/2025,1,1157.01,1157.01
10,984,52,15/11/2025,1,2248.08,2248.08
11,784,65,23/08/2025,1,1653.49,1653.49
12,510,128,03/01/2025,5,1571.74,7858.7
13,623,127,22/04/2025,2,281.63,563.26
14,603,169,21/08/2025,4,2665.01,10660.04
15,420,114,04/11/2025,1,1690.85,1690.85
16,615,2,08/10/2025,2,1604.35,3208.7
17,285,159,17/04/2025,5,568.25,2841.25
18,51,48,29/01/2025,2,2767.18,5534.36
19,669,90,16/03/2025,1,60.93,60.93
20,875,9,05/11/2025,5,2113.6,10568.0
21,306,85,26/01/2025,1,615.06,615.06
22,112,107,24/03/2025,2,891.64,1783.28
23,689,73,05/12/2025,5,753.81,3769.05
24,709,180,21/10/2025,5,2951.82,14759.1
25,807,144,22/08/2025,2,568.72,1137.44
26,768,149,19/01/2025,3,472.83,1418.49
27,96,197,15/06/2025,3,2649.99,7949.97
28,378,98,07/08/2025,1,1142.29,1142.29
29,864,141,30/05/2025,1,2752.99,2752.99
30,483,35,22/12/2025,1,1391.9,1391.9
31,881,71,27/09/2025,3,604.38,1813.14
32,424,135,23/12/2025,2,1751.47,3502.94
33,215,157,25/02/2025,1,419.58,419.58
34,586,187,14/02/2025,5,897.37,4486.85
35,496,186,28/12/2025,5,1394.81,6974.05
36,295,110,12/06/2025,5,2713.54,13567.7
37,266,135,16/11/2025,5,1751.47,8757.35
38,363,34,16/10/2025,5,481.05,2405.25
39,509,134,10/09/2025,4,636.14,2544.56
40,828,47,30/04/2025,5,1157.01,5785.05
41,726,75,01/01/2025,2,983.77,1967.54
42,122,7,17/11/2025,4,2303.52,9214.08
43,816,31,12/11/2025,2,84.67,169.34
44,425,106,20/06/2025,1,2595.56,2595.56
45,359,144,06/01/2025,2,568.72,1137.44
46,656,52,11/05/2025,3,2248.08,6744.24
47,810,18,03/06/2025,3,2297.27,6891.81
48,519,141,04/01/2025,3,2752.99,8258.97
49,117,176,24/06/2025,3,1571.53,4714.59
50,406,186,12/11/2025,5,1394.81,6974.05
51,984,8,10/04/2025,2,1086.73,2173.46
52,339,87,31/08/2025,4,354.87,1419.48
53,817,10,04/09/2025,2,2650.82,5301.64
54,160,161,02/10/2025,4,508.08,2032.32
55,918,86,31/07/2025,4,484.85,1939.4
56,951,191,24/09/2025,1,357.25,357.25
57,307,145,12/10/2025,3,2186.7,6560.1
58,549,5,23/10/2025,2,1684.1,3368.2
59,702,85,03/02/2025,3,615.06,1845.18
60,993,39,16/01/2025,3,293.88,881.64
61,348,97,26/03/2025,5,2091.31,10456.55
62,585,156,06/04/2025,4,256.84,1027.36
63,610,30,28/12/2025,3,660.17,1980.51
64,879,81,20/05/2025,1,2963.2,2963.2
65,424,23,02/05/2025,4,1092.83,4371.32
66,381,116,21/04/2025,3,928.68,2786.04
67,538,78,27/02/2025,2,587.66,1175.32
68,384,10,17/02/2025,2,2650.82,5301.64
69,455,130,05/09/2025,1,1263.65,1263.65
70,927,129,08/04/2025,2,2620.65,5241.3
71,349,124,08/06/2025,5,2833.53,14167.65
72,795,84,20/02/2025,2,153.74,307.48
73,842,133,16/04/2025,2,1358.52,2717.04
74,742,10,18/07/2025,4,2650.82,10603.28
75,731,134,03/01/2025,1,636.14,636.14
76,319,12,14/02/2025,5,1216.64,6083.2
77,342,120,22/02/2025,1,723.89,723.89
78,534,197,12/01/2025,3,2649.99,7949.97
79,592,195,24/11/2025,3,553.06,1659.18
80,914,54,13/04/2025,3,181.3,543.9
81,198,74,30/09/2025,3,813.45,2440.35
82,327,198,10/12/2025,4,765.25,3061.0
83,121,70,22/03/2025,2,1198.05,2396.1
84,281,30,15/11/2025,1,660.17,660.17
85,574,132,16/04/2025,1,2731.01,2731.01
86,556,90,13/06/2025,5,60.93,304.65
87,278,37,21/10/2025,3,2671.08,8013.24
88,251,44,09/06/2025,1,2462.16,2462.16
89,628,87,16/08/2025,5,354.87,1774.35
90,52,34,30/08/2025,1,481.05,481.05
91,925,173,24/02/2025,1,1842.28,1842.28
92,393,14,07/08/2025,1,2995.33,2995.33
93,402,46,31/10/2025,5,131.37,656.85
94,645,177,12/11/2025,4,1381.56,5526.24
95,365,80,12/04/2025,3,2313.65,6940.95
96,731,195,10/02/2025,5,553.06,2765.3
97,998,194,18/10/2025,4,983.91,3935.64
98,135,24,19/02/2025,4,1353.55,5414.2
99,467,80,29/08/2025,4,2313.65,9254.6
100,238,58,12/11/2025,2,476.53,953.06
101,265,94,04/04/2025,0,627.33,2509.32
102,717,171,16/06/2025,3,1831.63,5494.89
103,465,125,03/02/2025,1,692.24,692.24
104,487,29,03/09/2025,3,39.58,118.74
105,473,44,28/06/2025,3,2462.16,7386.48
106,619,148,18/09/2025,2,1340.15,2680.3
107,106,104,16/06/2025,1,218.46,218.46
108,570,167,04/06/2025,1,2604.04,2604.04
109,546,119,30/10/2025,4,1079.03,4316.12
110,424,62,05/05/2025,5,2363.38,11816.9
111,562,41,16/07/2025,4,2208.11,8832.44
112,68,88,22/12/2025,2,744.28,1488.56
113,606,111,18/10/2025,4,2602.98,10411.92
114,807,88,22/12/2025,5,744.28,3721.4
115,242,45,31/12/2025,1,1793.79,1793.79
116,588,125,31/10/2025,1,692.24,692.24
117,611,119,12/10/2025,3,1079.03,3237.09
118,100,114,07/06/2025,2,1690.85,3381.7
119,979,104,03/11/2025,1,218.46,218.46
120,112,176,14/07/2025,5,1571.53,7857.65
121,336,127,16/02/2025,1,281.63,281.63
122,223,36,22/11/2025,5,432.46,2162.3
123,830,1,05/12/2025,2,321.65,643.3
124,153,116,30/05/2025,5,928.68,4643.4
125,400,158,17/08/2025,5,1416.92,7084.6
126,201,53,03/06/2025,3,2787.39,8362.17
127,584,174,11/08/2025,3,1789.54,5368.62
128,736,89,26/10/2025,1,2781.65,2781.65
129,9,157,26/07/2025,5,419.58,2097.9
130,868,33,01/02/2025,3,1677.84,5033.52
131,379,141,01/01/2025,1,2752.99,2752.99
132,721,144,26/02/2025,3,568.72,1706.16
133,882,73,01/05/2025,1,753.81,753.81
134,443,180,21/07/2025,5,2951.82,14759.1
135,641,82,27/07/2025,4,2468.32,9873.28
136,391,112,19/04/2025,5,282.3,1411.5
137,679,45,13/03/2025,4,1793.79,7175.16
138,193,143,04/07/2025,4,2846.83,11387.32
139,861,107,28/05/2025,2,891.64,1783.28
140,894,172,10/03/2025,2,2166.2,4332.4
141,12,19,15/03/2025,1,2481.94,2481.94
142,739,125,11/03/2025,4,692.24,2768.96
143,87,36,22/08/2025,4,432.46,1729.84
144,916,179,06/08/2025,5,1565.73,7828.65
145,639,47,18/09/2025,4,1157.01,4628.04
146,435,142,16/07/2025,4,222.09,888.36
147,364,58,06/08/2025,2,476.53,953.06
148,620,2,13/09/2025,5,1604.35,8021.75
149,868,188,31/12/2025,2,2076.06,4152.12
150,514,69,07/10/2025,4,1686.7,6746.8
151,591,94,20/01/2025,1,627.33,627.33
152,582,124,27/02/2025,3,2833.53,8500.59
153,595,124,14/03/2025,1,2833.53,2833.53
154,748,188,24/05/2025,5,2076.06,10380.3
155,477,133,25/09/2025,1,1358.52,1358.52
156,912,157,06/05/2025,1,419.58,419.58
157,484,162,17/12/2025,1,116.04,116.04
158,649,139,09/06/2025,5,2987.14,14935.7
159,628,14,01/10/2025,3,2995.33,8985.99
160,798,3,21/08/2025,4,595.5,2382.0
161,525,121,19/06/2025,5,842.12,4210.6
162,432,91,29/05/2025,3,929.25,2787.75
163,172,10,05/06/2025,5,2650.82,13254.1
164,745,145,01/02/2025,3,2186.7,6560.1
165,645,122,28/03/2025,5,1884.86,9424.3
166,587,14,16/11/2025,3,2995.33,8985.99
167,28,74,12/02/2025,4,813.45,3253.8
168,130,130,23/05/2025,1,1263.65,1263.65
169,259,34,24/05/2025,5,481.05,2405.25
170,282,66,27/02/2025,1,273.54,273.54
171,619,45,19/03/2025,5,1793.79,8968.95
172,675,115,31/03/2025,3,138.46,415.38
173,268,180,06/09/2025,2,2951.82,5903.64
174,186,136,25/06/2025,1,2590.51,2590.51
175,87,38,20/03/2025,5,714.32,3571.6
176,858,127,16/07/2025,4,281.63,1126.52
177,244,170,23/11/2025,4,1226.5,4906.0
178,172,54,26/06/2025,5,181.3,906.5
179,56,165,01/03/2025,3,2278.17,6834.51
180,54,43,24/07/2025,4,1475.06,5900.24
181,488,78,30/09/2025,4,587.66,2350.64
182,240,98,31/08/2025,4,1142.29,4569.16
183,269,38,11/08/2025,5,714.32,3571.6
184,13,74,15/07/2025,4,813.45,3253.8
185,695,81,16/12/2025,5,2963.2,14816.0
186,979,11,30/09/2025,1,-50.0,-50.0
187,653,91,09/11/2025,4,929.25,3717.0
188,941,167,21/06/2025,3,2604.04,7812.12
189,277,69,11/05/2025,1,1686.7,1686.7
190,671,150,25/08/2025,4,338.18,1352.72
191,792,173,11/12/2025,2,1842.28,3684.56
192,603,198,24/09/2025,2,765.25,1530.5
193,346,174,10/06/2025,2,1789.54,3579.08
194,561,3,04/02/2025,1,595.5,595.5
195,13,106,26/09/2025,1,2595.56,2595.56
196,107,176,29/06/2025,4,1571.53,6286.12
197,225,186,09/05/2025,3,1394.81,4184.43
198,198,9,14/11/2025,1,2113.6,2113.6
199,95,15,03/12/2025,5,2801.89,14009.45
200,916,56,23/11/2025,5,1703.44,8517.2
201,125,182,14/02/2025,1,2300.18,-100.0
202,877,155,12/07/2025,2,2068.39,4136.78
203,673,196,05/04/2025,5,2691.92,13459.6
204,918,29,10/05/2025,2,39.58,79.16
205,302,120,24/11/2025,1,723.89,723.89
206,465,71,21/12/2025,4,604.38,2417.52
207,926,171,12/05/2025,3,1831.63,5494.89
208,166,200,22/05/2025,1,291.75,291.75
209,796,16,18/07/2025,4,1659.24,6636.96
210,341,16,16/05/2025,3,1659.24,4977.72
211,183,113,09/09/2025,1,1511.94,1511.94
212,951,52,21/07/2025,5,2248.08,11240.4
213,183,166,25/02/2025,4,547.69,2190.76
214,148,139,22/04/2025,4,2987.14,11948.56
215,629,165,15/08/2025,1,2278.17,2278.17
216,733,67,18/01/2025,1,1314.78,1314.78
217,75,19,09/05/2025,5,2481.94,12409.7
218,796,115,12/09/2025,1,138.46,138.46
219,153,168,20/01/2025,1,2069.83,2069.83
220,681,100,19/03/2025,3,199.13,597.39
221,717,85,22/10/2025,4,615.06,2460.24
222,4,132,02/09/2025,4,2731.01,10924.04
223,447,104,04/10/2025,1,218.46,218.46
224,232,1,19/12/2025,4,321.65,1286.6
225,838,200,04/03/2025,4,291.75,1167.0
226,581,138,20/06/2025,3,2730.5,8191.5
227,699,78,29/01/2025,4,587.66,2350.64
228,648,166,07/07/2025,1,547.69,547.69
229,548,88,24/08/2025,1,744.28,744.28
230,779,197,28/11/2025,3,2649.99,7949.97
231,208,46,21/01/2025,5,131.37,656.85
232,991,99,03/06/2025,2,149.58,299.16
233,713,100,19/11/2025,1,199.13,199.13
234,706,92,13/02/2025,4,87.79,351.16
235,907,162,08/04/2025,4,116.04,464.16
236,144,10,13/01/2025,2,2650.82,5301.64
237,738,152,08/09/2025,2,1858.5,3717.0
238,399,17,26/11/2025,5,2537.66,12688.3
239,316,128,19/08/2025,5,1571.74,7858.7
240,990,5,23/06/2025,1,1684.1,1684.1
241,58,87,27/07/2025,1,354.87,354.87
242,122,55,23/08/2025,5,142.72,713.6
243,963,174,18/03/2025,5,1789.54,8947.7
244,759,149,06/02/2025,2,472.83,945.66
245,38,189,08/09/2025,2,1401.47,2802.94
246,670,5,13/11/2025,4,1684.1,6736.4
247,47,63,08/01/2025,2,413.92,827.84
248,177,162,07/06/2025,1,116.04,116.04
249,841,25,09/11/2025,4,20.58,82.32
250,175,152,24/02/2025,1,1858.5,1858.5
251,117,128,12/11/2025,5,1571.74,7858.7
252,226,17,07/08/2025,2,2537.66,5075.32
253,346,189,16/06/2025,4,1401.47,5605.88
254,124,176,07/10/2025,5,1571.53,7857.65
255,141,83,24/01/2025,2,1877.08,3754.16
256,608,45,02/02/2025,3,1793.79,5381.37
257,124,71,01/08/2025,2,604.38,1208.76
258,173,179,11/10/2025,3,1565.73,4697.19
259,169,113,25/10/2025,2,1511.94,3023.88
260,42,35,20/11/2025,1,1391.9,1391.9
261,628,97,09/01/2025,2,2091.31,4182.62
262,901,125,04/01/2025,1,692.24,692.24
263,8,46,28/12/2025,1,131.37,131.37
264,668,152,02/08/2025,3,1858.5,5575.5
265,711,198,21/12/2025,4,765.25,3061.0
266,130,53,24/11/2025,2,2787.39,5574.78
267,278,134,30/07/2025,4,636.14,2544.56
268,245,45,21/12/2025,5,1793.79,8968.95
269,39,153,13/09/2025,2,1709.79,3419.58
270,627,23,28/06/2025,3,1092.83,3278.49
271,429,2,01/05/2025,5,1604.35,8021.75
272,197,31,18/02/2025,5,84.67,423.35
273,634,93,17/09/2025,5,2225.24,11126.2
274,225,119,22/05/2025,2,1079.03,2158.06
275,55,50,18/03/2025,1,1261.23,1261.23
276,702,122,01/04/2025,4,1884.86,7539.44
277,164,172,28/01/2025,1,2166.2,2166.2
278,661,94,18/04/2025,3,627.33,1881.99
279,446,65,12/11/2025,3,1653.49,4960.47
280,825,195,23/01/2025,4,553.06,2212.24
281,107,190,03/10/2025,1,289.51,289.51
282,181,41,06/09/2025,1,2208.11,2208.11
283,528,30,01/05/2025,1,660.17,660.17
284,739,114,24/10/2025,5,1690.85,8454.25
285,334,108,13/12/2025,2,708.88,1417.76
286,920,84,26/02/2025,2,153.74,307.48
287,334,59,02/05/2025,1,2913.7,2913.7
288,756,106,12/07/2025,2,2595.56,5191.12
289,913,57,30/08/2025,1,1517.16,1517.16
290,600,125,12/08/2025,1,692.24,692.24
291,149,56,21/08/2025,5,1703.44,8517.2
292,183,100,11/03/2025,3,199.13,597.39
293,469,185,20/11/2025,2,2325.56,4651.12
294,368,70,21/06/2025,2,1198.05,2396.1
295,131,9,31/01/2025,5,2113.6,10568.0
296,288,35,27/08/2025,1,1391.9,1391.9
297,470,108,25/06/2025,2,708.88,1417.76
298,226,76,22/03/2025,5,286.99,1434.95
299,809,164,29/03/2025,5,683.21,3416.05
300,592,142,14/02/2025,2,222.09,444.18
301,422,134,21/04/2025,4,636.14,2544.56
302,606,122,23/05/2025,4,1884.86,7539.44
303,15,187,07/05/2025,4,897.37,3589.48
304,254,84,24/10/2025,4,153.74,614.96
305,228,152,21/10/2025,2,1858.5,3717.0
306,920,2,23/01/2025,4,1604.35,6417.4
307,42,121,18/01/2025,5,842.12,4210.6
308,436,136,03/09/2025,4,2590.51,10362.04
309,830,179,20/08/2025,1,1565.73,1565.73
310,508,62,13/10/2025,1,2363.38,2363.38
311,772,4,22/04/2025,4,1718.68,6874.72
312,136,92,03/05/2025,3,87.79,263.37
313,664,24,03/09/2025,1,1353.55,1353.55
314,686,79,27/12/2025,2,1789.75,3579.5
315,471,147,13/01/2025,5,2884.36,14421.8
316,1000,117,12/03/2025,4,1192.33,4769.32
317,896,181,05/04/2025,4,1681.95,6727.8
318,809,95,27/12/2025,4,2256.06,9024.24
319,649,1,17/07/2025,1,321.65,321.65
320,915,177,29/09/2025,3,1381.56,4144.68
321,34,76,19/05/2025,4,286.99,1147.96
322,715,157,22/10/2025,5,419.58,2097.9
323,814,54,14/11/2025,1,181.3,181.3
324,902,86,21/09/2025,1,484.85,484.85
325,969,173,27/01/2025,3,1842.28,5526.84
326,114,99,27/08/2025,3,149.58,448.74
327,634,11,07/07/2025,3,-50.0,-150.0
328,180,166,27/12/2025,5,547.69,2738.45
329,69,144,12/03/2025,2,568.72,1137.44
330,343,62,28/02/2025,5,2363.38,11816.9
331,665,123,26/12/2025,5,2673.4,13367.0
332,215,193,14/06/2025,2,423.21,846.42
333,362,69,15/12/2025,5,1686.7,8433.5
334,434,71,02/02/2025,1,604.38,604.38
335,382,89,06/09/2025,4,2781.65,11126.6
336,514,135,29/08/2025,1,1751.47,1751.47
337,727,137,30/05/2025,5,2071.83,10359.15
338,463,159,11/12/2025,3,568.25,1704.75
339,969,178,07/04/2025,1,2635.78,2635.78
340,914,118,11/02/2025,1,74.75,74.75
341,401,46,09/02/2025,3,131.37,394.11
342,112,43,27/02/2025,3,1475.06,4425.18
343,714,38,19/03/2025,4,714.32,2857.28
344,896,53,18/11/2025,5,2787.39,13936.95
345,24,76,16/12/2025,4,286.99,1147.96
346,555,34,27/06/2025,4,481.05,1924.2
347,431,114,30/05/2025,1,1690.85,1690.85
348,194,17,29/04/2025,1,2537.66,2537.66
349,855,134,30/07/2025,3,636.14,1908.42
350,593,88,06/09/2025,3,744.28,2232.84
351,608,171,08/10/2025,5,1831.63,9158.15
352,456,118,18/10/2025,3,74.75,224.25
353,136,79,14/05/2025,2,1789.75,3579.5
354,233,124,28/05/2025,3,2833.53,8500.59
355,789,13,30/06/2025,2,1979.45,3958.9
356,292,117,13/11/2025,2,1192.33,2384.66
357,947,42,27/05/2025,5,2382.85,11914.25
358,187,45,24/03/2025,2,1793.79,3587.58
359,244,30,12/06/2025,1,660.17,660.17
360,589,33,14/05/2025,4,1677.84,6711.36
361,379,48,15/10/2025,2,2767.18,5534.36
362,725,9,26/06/2025,3,2113.6,6340.8
363,152,96,04/10/2025,4,1459.42,5837.68
364,999,42,04/06/2025,5,2382.85,11914.25
365,125,7,13/09/2025,4,2303.52,9214.08
366,787,38,13/06/2025,4,714.32,2857.28
367,160,2,17/09/2025,5,1604.35,8021.75
368,340,166,31/08/2025,3,547.69,1643.07
369,918,75,08/12/2025,5,983.77,4918.85
370,151,145,23/06/2025,4,2186.7,8746.8
371,706,29,21/01/2025,4,39.58,158.32
372,143,174,01/03/2025,5,1789.54,8947.7
373,316,7,13/11/2025,4,2303.52,9214.08
374,862,57,02/07/2025,4,1517.16,6068.64
375,95,84,08/11/2025,1,153.74,153.74
376,657,50,27/09/2025,5,1261.23,6306.15
377,228,197,11/04/2025,3,2649.99,7949.97
378,24,22,17/08/2025,5,2301.81,11509.05
379,694,172,20/09/2025,1,2166.2,2166.2
380,404,50,12/06/2025,4,1261.23,5044.92
381,618,155,29/01/2025,5,2068.39,10341.95
382,931,171,23/07/2025,3,1831.63,5494.89
383,152,184,09/07/2025,4,1206.16,4824.64
384,396,96,26/05/2025,1,1459.42,1459.42
385,354,90,17/08/2025,3,60.93,182.79
386,896,144,21/04/2025,1,568.72,568.72
387,746,114,15/08/2025,4,1690.85,6763.4
388,296,42,01/08/2025,4,2382.85,9531.4
389,143,151,14/02/2025,5,98.07,490.35
390,148,54,01/09/2025,3,181.3,543.9
391,889,135,03/02/2025,3,1751.47,5254.41
392,956,152,15/02/2025,4,1858.5,7434.0
393,7,105,01/08/2025,3,1995.69,5987.07
394,180,143,30/12/2025,4,2846.83,11387.32
395,582,194,13/04/2025,2,983.91,1967.82
396,191,98,11/10/2025,3,1142.29,3426.87
397,503,11,27/10/2025,3,-50.0,-150.0
398,312,127,26/08/2025,5,281.63,1408.15
399,230,7,20/03/2025,1,2303.52,2303.52
400,269,77,05/03/2025,4,1282.15,5128.6
401,670,171,02/08/2025,3,1831.63,5494.89
402,184,126,15/01/2025,2,2693.58,5387.16
403,123,196,10/09/2025,3,2691.92,8075.76
404,994,18,05/07/2025,5,2297.27,11486.35
405,596,124,12/08/2025,5,2833.53,14167.65
406,890,67,22/12/2025,4,1314.78,5259.12
407,838,31,20/09/2025,3,84.67,254.01
408,751,148,13/05/2025,1,1340.15,1340.15
409,167,149,16/03/2025,1,472.83,472.83
410,328,119,02/07/2025,2,1079.03,2158.06
411,168,14,04/07/2025,3,2995.33,8985.99
412,430,163,25/01/2025,3,2777.8,8333.4
413,297,75,24/11/2025,5,983.77,4918.85
414,959,20,10/04/2025,5,1833.07,9165.35
415,785,161,18/02/2025,2,508.08,1016.16
416,614,193,06/10/2025,2,423.21,846.42
417,331,81,19/05/2025,3,2963.2,8889.6
418,702,179,19/02/2025,3,1565.73,4697.19
419,548,149,15/03/2025,3,472.83,1418.49
420,14,36,25/05/2025,5,432.46,2162.3
421,382,200,30/07/2025,4,291.75,1167.0
422,349,42,22/04/2025,1,2382.85,2382.85
423,159,129,07/04/2025,2,2620.65,5241.3
424,815,144,20/12/2025,5,568.72,2843.6
425,852,135,31/12/2025,5,1751.47,8757.35
426,565,180,02/08/2025,1,2951.82,2951.82
427,472,20,09/03/2025,1,1833.07,1833.07
428,946,5,28/06/2025,4,1684.1,6736.4
429,320,177,13/03/2025,3,1381.56,4144.68
430,837,114,25/09/2025,5,1690.85,8454.25
431,782,88,30/12/2025,2,744.28,1488.56
432,312,8,24/04/2025,1,1086.73,1086.73
433,132,178,19/12/2025,2,2635.78,5271.56
434,233,79,18/04/2025,2,1789.75,3579.5
435,134,21,20/12/2025,4,1645.97,6583.88
436,782,29,10/01/2025,1,39.58,39.58
437,794,124,22/01/2025,4,2833.53,11334.12
438,202,28,04/12/2025,1,2980.37,2980.37
439,526,152,29/08/2025,1,1858.5,1858.5
440,122,65,03/02/2025,1,1653.49,1653.49
441,309,171,19/02/2025,1,1831.63,1831.63
442,802,32,16/04/2025,5,2758.95,13794.75
443,602,52,10/12/2025,2,2248.08,4496.16
444,360,8,16/03/2025,1,1086.73,1086.73
445,867,192,24/10/2025,3,2814.77,8444.31
446,357,91,14/09/2025,2,929.25,1858.5
447,800,187,04/05/2025,5,897.37,4486.85
448,518,146,20/02/2025,1,2642.79,2642.79
449,840,149,28/09/2025,1,472.83,472.83
450,223,184,25/05/2025,2,1206.16,2412.32
451,176,194,03/01/2025,5,983.91,4919.55
452,997,186,20/04/2025,1,1394.81,1394.81
453,943,130,07/07/2025,4,1263.65,5054.6
454,715,151,14/08/2025,2,98.07,196.14
455,690,28,01/07/2025,2,2980.37,5960.74
456,389,109,21/09/2025,2,1535.45,3070.9
457,234,105,10/06/2025,1,1995.69,1995.69
458,127,120,24/09/2025,1,723.89,723.89
459,140,127,27/12/2025,3,281.63,844.89
460,296,143,12/02/2025,1,2846.83,2846.83
461,336,127,17/07/2025,1,281.63,281.63
462,291,117,09/06/2025,5,1192.33,5961.65
463,704,114,11/10/2025,2,1690.85,3381.7
464,418,75,07/04/2025,4,983.77,3935.08
465,878,18,14/12/2025,4,2297.27,9189.08
466,377,46,12/12/2025,1,131.37,131.37
467,504,173,22/07/2025,1,1842.28,1842.28
468,449,134,03/03/2025,1,636.14,636.14
469,147,102,22/12/2025,4,828.42,3313.68
470,605,27,03/02/2025,2,68.58,137.16
471,373,51,13/04/2025,3,2611.96,7835.88
472,610,104,30/04/2025,1,218.46,218.46
473,859,109,23/05/2025,4,1535.45,6141.8
474,784,183,31/10/2025,5,585.75,2928.75
475,280,194,02/07/2025,4,983.91,3935.64
476,488,171,27/07/2025,5,1831.63,9158.15
477,497,131,17/03/2025,3,475.19,1425.57
478,787,117,04/03/2025,1,1192.33,1192.33
479,257,126,29/04/2025,4,2693.58,10774.32
480,644,35,20/02/2025,1,1391.9,1391.9
481,756,14,13/09/2025,1,2995.33,2995.33
482,695,7,15/07/2025,2,2303.52,4607.04
483,620,174,20/03/2025,3,1789.54,5368.62
484,311,160,19/02/2025,5,1484.51,7422.55
485,779,20,10/09/2025,5,1833.07,9165.35
486,812,120,31/05/2025,2,723.89,1447.78
487,678,128,16/09/2025,4,1571.74,6286.96
488,268,139,04/10/2025,3,2987.14,8961.42
489,560,5,09/08/2025,1,1684.1,1684.1
490,902,31,19/08/2025,4,84.67,338.68
491,323,97,24/08/2025,4,2091.31,8365.24
492,37,9,13/10/2025,2,2113.6,4227.2
493,676,200,28/12/2025,3,291.75,875.25
494,169,126,10/03/2025,4,2693.58,10774.32
495,320,184,07/09/2025,4,1206.16,4824.64
496,783,29,12/12/2025,5,39.58,197.9
497,503,169,17/12/2025,5,2665.01,13325.05
498,553,147,01/09/2025,4,2884.36,11537.44
499,576,41,29/01/2025,5,2208.11,11040.55
500,401,68,30/10/2025,4,2290.86,9163.44
501,995,97,13/12/2025,5,2091.31,10456.55
502,362,197,14/06/2025,3,2649.99,7949.97
503,63,8,24/01/2025,5,1086.73,5433.65
504,132,94,26/10/2025,3,627.33,1881.99
505,28,196,14/07/2025,3,2691.92,8075.76
506,100,110,02/07/2025,3,2713.54,8140.62
507,422,90,05/12/2025,1,60.93,60.93
508,251,64,28/11/2025,2,1438.05,2876.1
509,320,152,19/12/2025,1,1858.5,1858.5
510,68,79,22/06/2025,1,1789.75,1789.75
511,174,6,16/06/2025,5,1257.25,6286.25
512,39,118,18/10/2025,4,74.75,299.0
513,528,108,11/01/2025,3,708.88,2126.64
514,713,121,12/01/2025,5,842.12,4210.6
515,325,97,19/07/2025,5,2091.31,10456.55
516,331,147,08/09/2025,1,2884.36,2884.36
517,103,177,22/06/2025,2,1381.56,2763.12
518,509,129,27/03/2025,3,2620.65,7861.95
519,630,77,12/08/2025,3,1282.15,3846.45
520,207,128,02/10/2025,1,1571.74,1571.74
521,220,74,25/01/2025,3,813.45,2440.35
522,305,147,26/04/2025,4,2884.36,11537.44
523,640,191,24/10/2025,1,357.25,357.25
524,98,152,20/05/2025,3,1858.5,5575.5
525,69,146,01/09/2025,5,2642.79,13213.95
526,438,54,09/02/2025,3,181.3,543.9
527,668,78,03/06/2025,5,587.66,2938.3
528,444,170,10/06/2025,5,1226.5,6132.5
529,205,107,09/05/2025,4,891.64,3566.56
530,640,132,10/12/2025,4,2731.01,10924.04
531,782,141,10/01/2025,2,2752.99,5505.98
532,643,181,06/04/2025,5,1681.95,8409.75
533,591,128,05/12/2025,2,1571.74,3143.48
534,986,191,18/05/2025,4,357.25,1429.0
535,960,164,11/11/2025,5,683.21,3416.05
536,874,197,17/10/2025,4,2649.99,10599.96
537,745,161,25/09/2025,1,508.08,508.08
538,206,94,17/03/2025,4,627.33,2509.32
539,247,39,11/08/2025,3,293.88,881.64
540,421,82,21/11/2025,1,2468.32,2468.32
541,209,106,27/05/2025,3,2595.56,7786.68
542,662,42,18/12/2025,3,2382.85,7148.55
543,616,61,03/05/2025,4,681.82,2727.28
544,117,39,15/01/2025,2,293.88,587.76
545,252,80,06/09/2025,4,2313.65,9254.6
546,574,112,28/11/2025,4,282.3,1129.2
547,928,10,23/03/2025,2,2650.82,5301.64
548,280,35,13/05/2025,1,1391.9,1391.9
549,809,72,01/04/2025,5,2991.29,14956.45
550,660,11,11/01/2025,4,-50.0,-200.0
551,57,22,05/11/2025,3,2301.81,6905.43
552,306,17,06/07/2025,4,2537.66,10150.64
553,688,169,23/07/2025,1,2665.01,2665.01
554,966,186,01/05/2025,2,1394.81,2789.62
555,115,147,03/03/2025,5,2884.36,14421.8
556,535,171,26/09/2025,5,1831.63,9158.15
557,258,128,02/05/2025,1,1571.74,1571.74
558,615,32,18/06/2025,3,2758.95,8276.85
559,853,150,01/05/2025,4,338.18,1352.72
560,958,109,15/03/2025,2,1535.45,3070.9
561,110,45,21/05/2025,2,1793.79,3587.58
562,451,105,29/10/2025,3,1995.69,5987.07
563,58,126,11/07/2025,5,2693.58,13467.9
564,717,29,07/10/2025,3,39.58,118.74
565,434,122,23/05/2025,2,1884.86,3769.72
566,901,38,01/09/2025,3,714.32,2142.96
567,733,95,11/01/2025,3,2256.06,6768.18
568,661,156,06/12/2025,1,256.84,256.84
569,819,14,10/05/2025,2,2995.33,5990.66
570,566,99,24/11/2025,3,149.58,448.74
571,982,180,17/12/2025,3,2951.82,8855.46
572,125,137,15/08/2025,2,2071.83,4143.66
573,398,3,11/05/2025,4,595.5,2382.0
574,309,24,02/06/2025,2,1353.55,2707.1
575,216,42,20/11/2025,4,2382.85,9531.4
576,325,197,18/01/2025,4,2649.99,10599.96
577,281,21,30/08/2025,4,1645.97,6583.88
578,755,106,05/08/2025,3,2595.56,7786.68
579,898,26,24/12/2025,2,2949.21,5898.42
580,268,130,30/06/2025,1,1263.65,1263.65
581,431,155,17/06/2025,5,2068.39,10341.95
582,465,178,27/01/2025,1,2635.78,2635.78
583,657,165,19/11/2025,2,2278.17,4556.34
584,455,165,02/01/2025,2,2278.17,4556.34
585,411,52,10/06/2025,3,2248.08,6744.24
586,590,22,22/03/2025,1,2301.81,2301.81
587,256,133,01/11/2025,2,1358.52,2717.04
588,703,106,20/08/2025,3,2595.56,7786.68
589,490,189,14/05/2025,2,1401.47,2802.94
590,178,176,17/06/2025,5,1571.53,7857.65
591,819,73,13/02/2025,2,753.81,1507.62
592,425,95,21/07/2025,2,2256.06,4512.12
593,898,97,25/04/2025,5,2091.31,10456.55
594,22,6,28/11/2025,5,1257.25,6286.25
595,627,161,15/02/2025,2,508.08,1016.16
596,998,119,15/05/2025,2,1079.03,2158.06
597,719,44,25/07/2025,1,2462.16,2462.16
598,633,110,14/05/2025,5,2713.54,13567.7
599,153,23,29/03/2025,3,1092.83,3278.49
600,970,146,08/01/2025,1,2642.79,2642.79
601,736,135,21/08/2025,4,1751.47,7005.88
602,848,173,02/03/2025,4,1842.28,7369.12
603,230,183,08/04/2025,2,585.75,1171.5
604,969,69,11/09/2025,3,1686.7,5060.1
605,392,34,16/04/2025,4,481.05,1924.2
606,615,56,13/12/2025,3,1703.44,5110.32
607,194,108,29/07/2025,2,708.88,1417.76
608,812,38,29/05/2025,1,714.32,714.32
609,1000,68,13/11/2025,2,2290.86,4581.72
610,462,64,26/10/2025,3,1438.05,4314.15
611,701,166,13/02/2025,4,547.69,2190.76
612,11,121,15/06/2025,2,842.12,1684.24
613,998,178,18/12/2025,4,2635.78,10543.12
614,218,183,29/12/2025,4,585.75,2343.0
615,434,189,12/05/2025,5,1401.47,7007.35
616,75,25,31/01/2025,5,20.58,102.9
617,54,86,30/08/2025,2,484.85,969.7
618,931,91,10/12/2025,5,929.25,4646.25
619,991,154,03/01/2025,1,1797.15,1797.15
620,260,130,15/07/2025,5,1263.65,6318.25
621,310,102,09/03/2025,3,828.42,2485.26
622,992,144,25/10/2025,1,568.72,568.72
623,184,67,15/09/2025,2,1314.78,2629.56
624,505,87,09/03/2025,4,354.87,1419.48
625,92,82,10/08/2025,5,2468.32,12341.6
626,146,67,10/06/2025,1,1314.78,1314.78
627,46,33,24/05/2025,4,1677.84,6711.36
628,766,93,25/05/2025,4,2225.24,8900.96
629,925,68,16/05/2025,5,2290.86,11454.3
630,530,81,26/03/2025,4,2963.2,11852.8
631,324,189,19/03/2025,4,1401.47,5605.88
632,570,169,28/01/2025,4,2665.01,10660.04
633,194,39,28/04/2025,1,293.88,293.88
634,188,10,14/05/2025,4,2650.82,10603.28
635,168,181,12/08/2025,4,1681.95,6727.8
636,119,127,15/08/2025,1,281.63,281.63
637,366,182,06/09/2025,5,2300.18,11500.9
638,469,127,17/03/2025,1,281.63,281.63
639,127,90,15/04/2025,1,60.93,60.93
640,890,73,28/03/2025,2,753.81,1507.62
641,768,131,16/10/2025,3,475.19,1425.57
642,913,170,19/04/2025,5,1226.5,6132.5
643,598,2,20/10/2025,5,1604.35,8021.75
644,185,107,07/05/2025,1,891.64,891.64
645,787,128,18/06/2025,1,1571.74,1571.74
646,27,73,21/07/2025,1,753.81,753.81
647,383,152,15/06/2025,1,1858.5,1858.5
648,158,8,24/08/2025,1,1086.73,1086.73
649,851,182,21/08/2025,4,2300.18,9200.72
650,644,69,03/12/2025,5,1686.7,8433.5
651,6,85,02/12/2025,1,615.06,615.06
652,638,116,19/10/2025,3,928.68,2786.04
653,133,55,26/11/2025,1,142.72,142.72
654,290,83,06/02/2025,1,1877.08,1877.08
655,561,155,17/02/2025,4,2068.39,8273.56
656,409,66,03/05/2025,2,273.54,547.08
657,989,198,15/02/2025,4,765.25,3061.0
658,22,54,18/07/2025,2,181.3,362.6
659,799,104,28/11/2025,3,218.46,655.38
660,771,168,03/03/2025,2,2069.83,4139.66
661,306,126,08/06/2025,4,2693.58,10774.32
662,926,176,09/03/2025,5,1571.53,7857.65
663,368,171,08/07/2025,1,1831.63,1831.63
664,525,52,17/08/2025,4,2248.08,8992.32
665,907,100,18/05/2025,4,199.13,796.52
666,577,154,16/02/2025,4,1797.15,7188.6
667,775,109,11/11/2025,3,1535.45,4606.35
668,191,112,17/02/2025,4,282.3,1129.2
669,42,132,26/08/2025,3,2731.01,8193.03
670,693,58,11/09/2025,2,476.53,953.06
671,540,162,12/02/2025,5,116.04,580.2
672,298,120,10/02/2025,4,723.89,2895.56
673,929,123,18/03/2025,3,2673.4,8020.2
674,131,176,08/05/2025,3,1571.53,4714.59
675,536,110,19/10/2025,3,2713.54,8140.62
676,49,142,24/01/2025,1,222.09,222.09
677,526,28,06/08/2025,5,2980.37,14901.85
678,423,25,05/12/2025,4,20.58,82.32
679,738,146,01/07/2025,3,2642.79,7928.37
680,261,150,15/09/2025,1,338.18,338.18
681,17,30,02/04/2025,4,660.17,2640.68
682,806,47,24/01/2025,4,1157.01,4628.04
683,86,107,10/06/2025,3,891.64,2674.92
684,602,186,10/12/2025,4,1394.81,5579.24
685,461,160,24/06/2025,3,1484.51,4453.53
686,990,48,05/04/2025,2,2767.18,5534.36
687,81,192,13/05/2025,5,2814.77,14073.85
688,893,173,11/08/2025,1,1842.28,1842.28
689,548,5,22/07/2025,1,1684.1,1684.1
690,120,4,02/12/2025,2,1718.68,3437.36
691,489,118,03/12/2025,4,74.75,299.0
692,989,191,07/09/2025,5,357.25,1786.25
693,311,159,04/07/2025,5,568.25,2841.25
694,708,173,04/06/2025,4,1842.28,7369.12
695,90,33,08/01/2025,2,1677.84,3355.68
696,196,29,23/12/2025,1,39.58,39.58
697,994,49,18/04/2025,1,1056.83,1056.83
698,493,167,29/11/2025,2,2604.04,5208.08
699,248,112,08/04/2025,5,282.3,1411.5
700,89,78,17/03/2025,4,587.66,2350.64
701,486,109,01/03/2025,1,1535.45,1535.45
702,171,40,06/09/2025,4,1715.81,6863.24
703,483,6,27/10/2025,4,1257.25,5029.0
704,249,52,19/10/2025,3,2248.08,6744.24
705,850,101,20/06/2025,1,2371.78,2371.78
706,9,27,01/08/2025,4,68.58,274.32
707,869,127,02/11/2025,5,281.63,1408.15
708,749,142,19/01/2025,3,222.09,666.27
709,500,103,20/09/2025,4,1971.18,7884.72
710,606,186,14/12/2025,5,1394.81,6974.05
711,927,125,01/02/2025,2,692.24,1384.48
712,541,5,23/10/2025,4,1684.1,6736.4
713,324,142,18/05/2025,1,222.09,222.09
714,915,166,31/08/2025,4,547.69,2190.76
715,120,127,27/11/2025,5,281.63,1408.15
716,356,115,11/01/2025,4,138.46,553.84
717,166,74,29/08/2025,2,813.45,1626.9
718,353,113,17/09/2025,2,1511.94,3023.88
719,225,151,05/11/2025,3,98.07,294.21
720,874,184,09/03/2025,4,1206.16,4824.64
721,905,76,02/08/2025,4,286.99,1147.96
722,854,173,30/08/2025,3,1842.28,5526.84
723,819,42,17/04/2025,5,2382.85,11914.25
724,290,177,08/12/2025,1,1381.56,1381.56
725,495,34,13/04/2025,2,481.05,962.1
726,161,156,21/02/2025,4,256.84,1027.36
727,813,107,05/06/2025,4,891.64,3566.56
728,241,54,25/01/2025,5,181.3,906.5
729,19,92,02/07/2025,3,87.79,263.37
730,694,41,15/09/2025,2,2208.11,4416.22
731,33,17,09/08/2025,3,2537.66,7612.98
732,117,159,03/03/2025,2,568.25,1136.5
733,576,58,13/05/2025,4,476.53,1906.12
734,349,91,13/10/2025,1,929.25,929.25
735,274,39,06/11/2025,5,293.88,1469.4
736,686,27,13/08/2025,1,68.58,68.58
737,819,118,24/02/2025,1,74.75,74.75
738,801,157,22/02/2025,5,419.58,2097.9
739,844,144,17/09/2025,1,568.72,568.72
740,108,43,16/04/2025,1,1475.06,1475.06
741,933,93,30/05/2025,2,2225.24,4450.48
742,726,114,13/09/2025,5,1690.85,8454.25
743,751,26,28/11/2025,2,2949.21,5898.42
744,373,86,04/03/2025,2,484.85,969.7
745,869,52,01/08/2025,4,2248.08,8992.32
746,788,197,06/05/2025,1,2649.99,2649.99
747,855,122,27/05/2025,3,1884.86,5654.58
748,518,44,17/05/2025,1,2462.16,2462.16
749,382,184,04/07/2025,4,1206.16,4824.64
750,645,171,19/03/2025,2,1831.63,3663.26
751,772,193,04/08/2025,5,423.21,2116.05
752,807,59,08/08/2025,2,2913.7,5827.4
753,424,105,22/09/2025,4,1995.69,7982.76
754,814,175,16/01/2025,3,1931.35,5794.05
755,454,38,22/09/2025,1,714.32,714.32
756,967,18,23/06/2025,1,2297.27,2297.27
757,323,103,11/08/2025,2,1971.18,3942.36
758,63,101,05/12/2025,1,2371.78,2371.78
759,945,165,22/10/2025,2,2278.17,4556.34
760,60,162,01/06/2025,5,116.04,580.2
761,430,103,05/06/2025,5,1971.18,9855.9
762,739,191,26/06/2025,3,357.25,1071.75
763,9,72,09/11/2025,5,2991.29,14956.45
764,943,38,17/08/2025,4,714.32,2857.28
765,660,53,16/11/2025,5,2787.39,13936.95
766,808,159,24/12/2025,4,568.25,2273.0
767,354,167,12/04/2025,4,2604.04,10416.16
768,903,78,19/01/2025,1,587.66,587.66
769,551,86,06/03/2025,4,484.85,1939.4
770,533,139,20/04/2025,3,2987.14,8961.42
771,96,131,09/06/2025,5,475.19,2375.95
772,534,88,12/01/2025,2,744.28,1488.56
773,29,139,13/05/2025,5,2987.14,14935.7
774,248,199,05/08/2025,3,2160.76,6482.28
775,518,29,10/07/2025,1,39.58,39.58
776,266,161,01/07/2025,5,508.08,2540.4
777,127,13,18/08/2025,1,1979.45,1979.45
778,306,147,21/08/2025,1,2884.36,2884.36
779,348,61,17/10/2025,5,681.82,3409.1
780,732,161,01/11/2025,5,508.08,2540.4
781,240,90,26/05/2025,3,60.93,182.79
782,683,184,11/12/2025,5,1206.16,6030.8
783,144,183,24/09/2025,4,585.75,2343.0
784,756,64,17/06/2025,1,1438.05,1438.05
785,529,150,04/07/2025,2,338.18,676.36
786,466,26,31/12/2025,2,2949.21,5898.42
787,436,106,17/02/2025,1,2595.56,2595.56
788,64,109,01/09/2025,2,1535.45,3070.9
789,220,115,09/07/2025,1,138.46,138.46
790,694,135,29/10/2025,4,1751.47,7005.88
791,573,133,16/05/2025,4,1358.52,5434.08
792,599,128,14/08/2025,4,1571.74,6286.96
793,706,126,25/03/2025,4,2693.58,10774.32
794,148,130,06/09/2025,2,1263.65,2527.3
795,729,118,27/12/2025,2,74.75,149.5
796,526,136,22/12/2025,1,2590.51,2590.51
797,218,117,17/01/2025,4,1192.33,4769.32
798,765,41,09/07/2025,5,2208.11,11040.55
799,944,31,29/07/2025,5,84.67,423.35
800,113,31,20/10/2025,3,84.67,254.01
801,297,11,20/03/2025,5,-50.0,-250.0
802,121,96,11/07/2025,3,1459.42,4378.26
803,311,76,15/01/2025,4,286.99,1147.96
804,811,37,29/10/2025,2,2671.08,5342.16
805,432,13,26/05/2025,3,1979.45,5938.35
806,221,47,02/01/2025,4,1157.01,4628.04
807,126,141,04/02/2025,3,2752.99,8258.97
808,892,12,04/09/2025,4,1216.64,4866.56
809,587,80,20/08/2025,5,2313.65,11568.25
810,922,87,01/09/2025,4,354.87,1419.48
811,855,185,09/03/2025,5,2325.56,11627.8
812,781,36,22/11/2025,5,432.46,2162.3
813,472,195,08/12/2025,4,553.06,2212.24
814,460,39,15/02/2025,3,293.88,881.64
815,820,160,29/07/2025,5,1484.51,7422.55
816,397,60,23/06/2025,4,1734.26,6937.04
817,554,12,23/05/2025,4,1216.64,4866.56
818,662,23,29/12/2025,2,1092.83,2185.66
819,26,147,15/10/2025,3,2884.36,8653.08
820,661,32,13/02/2025,5,2758.95,13794.75
821,198,159,23/10/2025,5,568.25,2841.25
822,776,14,25/09/2025,5,2995.33,14976.65
823,194,193,15/09/2025,4,423.21,1692.84
824,919,5,04/12/2025,1,1684.1,1684.1
825,959,137,10/01/2025,2,2071.83,4143.66
826,282,53,28/12/2025,2,2787.39,5574.78
827,860,149,13/02/2025,4,472.83,1891.32
828,827,137,14/06/2025,5,2071.83,10359.15
829,412,151,09/09/2025,1,98.07,98.07
830,883,6,12/08/2025,3,1257.25,3771.75
831,185,107,28/09/2025,1,891.64,891.64
832,325,98,16/02/2025,3,1142.29,3426.87
833,118,26,28/03/2025,5,2949.21,14746.05
834,293,37,11/05/2025,2,2671.08,5342.16
835,787,23,07/06/2025,2,1092.83,2185.66
836,976,105,31/01/2025,2,1995.69,3991.38
837,630,84,14/01/2025,2,153.74,307.48
838,731,15,19/07/2025,3,2801.89,8405.67
839,102,82,31/07/2025,2,2468.32,4936.64
840,915,83,12/07/2025,3,1877.08,5631.24
841,965,31,14/04/2025,1,84.67,84.67
842,246,193,28/10/2025,5,423.21,2116.05
843,243,127,16/09/2025,5,281.63,1408.15
844,395,30,01/02/2025,3,660.17,1980.51
845,326,119,28/07/2025,5,1079.03,5395.15
846,68,124,28/07/2025,1,2833.53,2833.53
847,649,60,18/05/2025,1,1734.26,1734.26
848,568,151,07/05/2025,1,98.07,98.07
849,782,143,05/06/2025,2,2846.83,5693.66
850,582,105,12/02/2025,4,1995.69,7982.76
851,867,163,15/04/2025,5,2777.8,13889.0
852,802,37,04/10/2025,3,2671.08,8013.24
853,173,63,05/08/2025,5,413.92,2069.6
854,985,143,22/01/2025,4,2846.83,11387.32
855,2,119,29/05/2025,5,1079.03,5395.15
856,669,43,31/01/2025,1,1475.06,1475.06
857,956,124,03/11/2025,3,2833.53,8500.59
858,257,175,29/06/2025,4,1931.35,7725.4
859,863,162,27/10/2025,2,116.04,232.08
860,861,131,24/01/2025,3,475.19,1425.57
861,166,190,16/10/2025,5,289.51,1447.55
862,72,77,22/07/2025,1,1282.15,1282.15
863,716,32,12/10/2025,2,2758.95,5517.9
864,287,111,09/11/2025,2,2602.98,5205.96
865,517,82,22/11/2025,3,2468.32,7404.96
866,268,193,20/05/2025,4,423.21,1692.84
867,252,170,24/06/2025,3,1226.5,3679.5
868,216,118,18/06/2025,5,74.75,373.75
869,17,178,27/11/2025,2,2635.78,5271.56
870,945,1,01/09/2025,5,321.65,1608.25
871,5,3,31/07/2025,2,595.5,1191.0
872,570,179,21/07/2025,4,1565.73,6262.92
873,552,21,03/10/2025,1,1645.97,1645.97
874,32,172,11/12/2025,4,2166.2,8664.8
875,127,91,04/11/2025,4,929.25,3717.0
876,367,100,23/12/2025,2,199.13,398.26
877,9,32,09/07/2025,4,2758.95,11035.8
878,959,50,05/01/2025,4,1261.23,5044.92
879,227,191,24/05/2025,1,357.25,357.25
880,697,182,09/04/2025,3,2300.18,6900.54
881,93,158,24/04/2025,3,1416.92,4250.76
882,240,127,19/01/2025,3,281.63,844.89
883,288,127,18/04/2025,5,281.63,1408.15
884,8,51,26/02/2025,4,2611.96,10447.84
885,891,72,14/09/2025,5,2991.29,14956.45
886,506,44,10/04/2025,5,2462.16,12310.8
887,676,190,11/12/2025,5,289.51,1447.55
888,699,155,31/03/2025,5,2068.39,10341.95
889,67,151,03/02/2025,2,98.07,196.14
890,131,67,27/04/2025,5,1314.78,6573.9
891,903,134,09/04/2025,3,636.14,1908.42
892,869,174,21/12/2025,1,1789.54,1789.54
893,695,137,10/05/2025,5,2071.83,10359.15
894,698,144,02/01/2025,4,568.72,2274.88
895,961,110,15/06/2025,1,2713.54,2713.54
896,443,105,04/03/2025,3,1995.69,5987.07
897,697,133,11/09/2025,4,1358.52,5434.08
898,371,133,25/04/2025,1,1358.52,1358.52
899,49,72,30/09/2025,4,2991.29,11965.16
900,460,81,20/07/2025,1,2963.2,2963.2
901,200,86,20/10/2025,1,484.85,484.85
902,828,7,20/12/2025,2,2303.52,4607.04
903,434,20,11/04/2025,2,1833.07,3666.14
904,169,85,02/02/2025,3,615.06,1845.18
905,642,161,15/01/2025,1,508.08,508.08
906,492,111,31/10/2025,1,2602.98,2602.98
907,817,161,09/05/2025,3,508.08,1524.24
908,254,28,03/05/2025,4,2980.37,11921.48
909,982,88,20/06/2025,1,744.28,744.28
910,533,61,04/11/2025,1,681.82,681.82
911,635,113,17/11/2025,1,1511.94,1511.94
912,458,149,13/02/2025,1,472.83,472.83
913,998,16,13/07/2025,1,1659.24,1659.24
914,321,178,07/03/2025,1,2635.78,2635.78
915,64,114,04/06/2025,1,1690.85,1690.85
916,626,161,03/02/2025,4,508.08,2032.32
917,105,174,14/10/2025,1,1789.54,1789.54
918,54,76,25/07/2025,4,286.99,1147.96
919,99,159,30/04/2025,4,568.25,2273.0
920,886,154,06/01/2025,5,1797.15,8985.75
921,465,99,08/08/2025,4,149.58,598.32
922,902,159,21/02/2025,5,568.25,2841.25
923,348,167,21/08/2025,1,2604.04,2604.04
924,530,85,09/04/2025,5,615.06,3075.3
925,111,27,01/11/2025,1,68.58,68.58
926,731,18,10/04/2025,5,2297.27,11486.35
927,927,147,23/11/2025,2,2884.36,5768.72
928,522,66,04/08/2025,3,273.54,820.62
929,493,186,16/08/2025,5,1394.81,6974.05
930,191,63,23/01/2025,2,413.92,827.84
931,62,33,27/10/2025,3,1677.84,5033.52
932,447,132,09/06/2025,3,2731.01,8193.03
933,598,139,17/03/2025,2,2987.14,5974.28
934,481,80,25/06/2025,5,2313.65,11568.25
935,299,95,23/09/2025,1,2256.06,2256.06
936,601,169,30/01/2025,2,2665.01,5330.02
937,244,130,28/01/2025,5,1263.65,6318.25
938,433,89,13/04/2025,2,2781.65,5563.3
939,656,52,24/06/2025,1,2248.08,2248.08
940,194,171,22/12/2025,4,1831.63,7326.52
941,709,120,21/12/2025,5,723.89,3619.45
942,340,149,21/06/2025,5,472.83,2364.15
943,631,77,18/06/2025,4,1282.15,5128.6
944,167,27,22/01/2025,4,68.58,274.32
945,508,57,24/11/2025,1,1517.16,1517.16
946,229,178,27/08/2025,2,2635.78,5271.56
947,639,55,04/09/2025,2,142.72,285.44
948,753,197,12/07/2025,3,2649.99,7949.97
949,211,103,04/01/2025,2,1971.18,3942.36
950,372,3,03/07/2025,1,595.5,595.5
951,31,143,14/03/2025,1,2846.83,2846.83
952,298,113,20/11/2025,2,1511.94,3023.88
953,600,196,23/01/2025,3,2691.92,8075.76
954,999,8,12/04/2025,2,1086.73,2173.46
955,291,45,15/05/2025,2,1793.79,3587.58
956,737,45,11/10/2025,3,1793.79,5381.37
957,252,46,12/01/2025,2,131.37,262.74
958,181,68,11/01/2025,1,2290.86,2290.86
959,852,174,14/07/2025,2,1789.54,3579.08
960,671,29,18/04/2025,3,39.58,118.74
961,313,117,09/07/2025,2,1192.33,2384.66
962,829,96,27/09/2025,2,1459.42,2918.84
963,819,160,31/12/2025,4,1484.51,5938.04
964,67,31,08/03/2025,2,84.67,169.34
965,814,49,30/09/2025,2,1056.83,2113.66
966,388,178,12/06/2025,3,2635.78,7907.34
967,614,110,24/01/2025,2,2713.54,5427.08
968,782,158,07/04/2025,5,1416.92,7084.6
969,875,138,18/03/2025,3,2730.5,8191.5
970,336,64,19/11/2025,1,1438.05,1438.05
971,815,72,18/09/2025,2,2991.29,5982.58
972,992,150,18/04/2025,4,338.18,1352.72
973,745,21,06/12/2025,4,1645.97,6583.88
974,630,17,18/09/2025,2,2537.66,5075.32
975,398,193,11/07/2025,5,423.21,2116.05
976,511,133,02/04/2025,4,1358.52,5434.08
977,330,183,27/09/2025,3,585.75,1757.25
978,712,124,31/08/2025,4,2833.53,11334.12
979,275,149,23/11/2025,4,472.83,1891.32
980,944,150,17/04/2025,1,338.18,338.18
981,225,52,01/05/2025,4,2248.08,8992.32
982,406,56,06/08/2025,3,1703.44,5110.32
983,911,97,22/03/2025,5,2091.31,10456.55
984,958,96,09/10/2025,3,1459.42,4378.26
985,87,35,01/06/2025,1,1391.9,1391.9
986,456,133,28/04/2025,3,1358.52,4075.56
987,598,11,20/09/2025,4,-50.0,-200.0
988,637,87,19/08/2025,4,354.87,1419.48
989,479,111,08/07/2025,4,2602.98,10411.92
990,824,128,20/05/2025,3,1571.74,4715.22
991,392,7,15/08/2025,2,2303.52,4607.04
992,240,68,03/07/2025,1,2290.86,2290.86
993,924,22,14/09/2025,3,2301.81,6905.43
994,526,140,22/05/2025,1,1975.57,1975.57
995,949,59,02/03/2025,1,2913.7,2913.7
996,74,93,07/10/2025,1,2225.24,2225.24
997,206,86,12/12/2025,2,484.85,969.7
998,338,65,16/12/2025,3,1653.49,4960.47
999,866,71,28/12/2025,2,604.38,1208.76
1000,619,36,14/05/2025,5,432.46,2162.3
1001,9,198,25/05/2025,3,765.25,2295.75
1002,843,89,27/07/2025,4,2781.65,11126.6
1003,842,149,30/08/2025,1,472.83,472.83
1004,670,132,23/07/2025,2,2731.01,5462.02
1005,234,59,31/08/2025,2,2913.7,5827.4
1006,240,133,10/10/2025,5,1358.52,6792.6
1007,776,120,24/06/2025,4,723.89,2895.56
1008,811,22,07/04/2025,3,2301.81,6905.43
1009,440,198,18/04/2025,4,765.25,3061.0
1010,450,116,16/01/2025,5,928.68,4643.4
1011,384,36,07/03/2025,5,432.46,2162.3
1012,313,189,13/09/2025,1,1401.47,1401.47
1013,830,169,23/06/2025,3,2665.01,7995.03
1014,231,108,18/12/2025,4,708.88,2835.52
1015,771,104,03/06/2025,5,218.46,1092.3
1016,334,151,18/10/2025,1,98.07,98.07
1017,805,9,20/03/2025,2,2113.6,4227.2
1018,976,85,19/11/2025,5,615.06,3075.3
1019,819,155,21/10/2025,5,2068.39,10341.95
1020,888,101,15/04/2025,4,2371.78,9487.12
1021,972,101,01/10/2025,1,2371.78,2371.78
1022,396,49,25/02/2025,4,1056.83,4227.32
1023,337,146,24/11/2025,4,2642.79,10571.16
1024,917,78,29/03/2025,1,587.66,587.66
1025,107,173,01/04/2025,5,1842.28,9211.4
1026,33,177,08/09/2025,5,1381.56,6907.8
1027,28,48,05/02/2025,2,2767.18,5534.36
1028,934,99,16/04/2025,3,149.58,448.74
1029,239,75,05/02/2025,5,983.77,4918.85
1030,466,15,23/09/2025,3,2801.89,8405.67
1031,12,44,30/07/2025,3,2462.16,7386.48
1032,401,41,08/03/2025,1,2208.11,2208.11
1033,550,108,05/02/2025,4,708.88,2835.52
1034,399,53,16/04/2025,2,2787.39,5574.78
1035,318,111,23/03/2025,4,2602.98,10411.92
1036,619,148,28/10/2025,3,1340.15,4020.45
1037,208,129,22/05/2025,4,2620.65,10482.6
1038,207,2,17/08/2025,2,1604.35,3208.7
1039,66,103,07/05/2025,5,1971.18,9855.9
1040,539,85,09/09/2025,5,615.06,3075.3
1041,472,119,21/01/2025,5,1079.03,5395.15
1042,755,24,27/11/2025,3,1353.55,4060.65
1043,903,117,25/12/2025,3,1192.33,3576.99
1044,863,183,20/07/2025,3,585.75,1757.25
1045,628,45,08/05/2025,4,1793.79,7175.16
1046,184,159,23/08/2025,4,568.25,2273.0
1047,394,169,24/12/2025,2,2665.01,5330.02
1048,583,25,24/12/2025,4,20.58,82.32
1049,969,12,22/03/2025,2,1216.64,2433.28
1050,281,161,30/05/2025,5,508.08,2540.4
1051,683,18,10/09/2025,2,2297.27,4594.54
1052,422,196,04/03/2025,5,2691.92,13459.6
1053,378,20,16/09/2025,1,1833.07,1833.07
1054,785,200,29/07/2025,3,291.75,875.25
1055,462,43,17/04/2025,3,1475.06,4425.18
1056,519,12,14/01/2025,4,1216.64,4866.56
1057,75,164,15/07/2025,4,683.21,2732.84
1058,352,191,10/04/2025,4,357.25,1429.0
1059,407,10,09/05/2025,1,2650.82,2650.82
1060,118,182,17/06/2025,2,2300.18,4600.36
1061,687,192,06/09/2025,4,2814.77,11259.08
1062,473,18,08/10/2025,1,2297.27,2297.27
1063,673,63,13/03/2025,4,413.92,1655.68
1064,483,72,29/03/2025,2,2991.29,5982.58
1065,859,5,21/02/2025,5,1684.1,8420.5
1066,182,76,01/10/2025,1,286.99,286.99
1067,760,101,09/02/2025,2,2371.78,4743.56
1068,688,196,13/12/2025,1,2691.92,2691.92
1069,280,40,03/07/2025,4,1715.81,6863.24
1070,183,56,12/12/2025,1,1703.44,1703.44
1071,546,56,23/12/2025,4,1703.44,6813.76
1072,49,163,25/11/2025,5,2777.8,13889.0
1073,679,184,19/07/2025,1,1206.16,1206.16
1074,707,79,27/01/2025,4,1789.75,7159.0
1075,613,2,13/07/2025,1,1604.35,1604.35
1076,786,52,11/07/2025,2,2248.08,4496.16
1077,931,62,16/02/2025,2,2363.38,4726.76
1078,17,108,08/01/2025,1,708.88,708.88
1079,346,50,23/04/2025,1,1261.23,1261.23
1080,982,25,27/03/2025,2,20.58,41.16
1081,46,107,25/02/2025,5,891.64,4458.2
1082,836,84,15/10/2025,3,153.74,461.22
1083,642,49,17/04/2025,5,1056.83,5284.15
1084,957,139,08/08/2025,4,2987.14,11948.56
1085,124,60,24/02/2025,2,1734.26,3468.52
1086,366,83,08/01/2025,2,1877.08,3754.16
1087,412,168,07/01/2025,3,2069.83,6209.49
1088,399,55,23/04/2025,4,142.72,570.88
1089,68,169,29/11/2025,3,2665.01,7995.03
1090,639,95,04/02/2025,1,2256.06,2256.06
1091,907,56,04/06/2025,4,1703.44,6813.76
1092,786,154,22/02/2025,4,1797.15,7188.6
1093,730,138,29/03/2025,5,2730.5,13652.5
1094,258,25,16/06/2025,5,20.58,102.9
1095,647,179,14/12/2025,4,1565.73,6262.92
1096,947,198,20/06/2025,2,765.25,1530.5
1097,180,163,08/12/2025,3,2777.8,8333.4
1098,494,18,10/01/2025,3,2297.27,6891.81
1099,624,150,15/07/2025,4,338.18,1352.72
1100,524,164,15/09/2025,2,683.21,1366.42
1101,602,181,30/04/2025,1,1681.95,1681.95
1102,22,158,08/06/2025,1,1416.92,1416.92
1103,243,189,05/05/2025,4,1401.47,5605.88
1104,635,21,12/03/2025,1,1645.97,1645.97
1105,384,128,14/04/2025,3,1571.74,4715.22
1106,156,97,25/11/2025,2,2091.31,4182.62
1107,39,61,16/08/2025,5,681.82,3409.1
1108,757,85,23/05/2025,2,615.06,1230.12
1109,326,165,24/09/2025,1,2278.17,2278.17
1110,811,107,13/01/2025,3,891.64,2674.92
1111,235,188,25/06/2025,3,2076.06,6228.18
1112,249,53,28/01/2025,5,2787.39,13936.95
1113,929,171,18/12/2025,2,1831.63,3663.26
1114,713,185,08/11/2025,2,2325.56,4651.12
1115,894,98,14/06/2025,5,1142.29,5711.45
1116,188,114,03/02/2025,1,1690.85,1690.85
1117,891,126,09/04/2025,1,2693.58,2693.58
1118,54,163,15/04/2025,2,2777.8,5555.6
1119,129,24,31/10/2025,2,1353.55,2707.1
1120,563,53,17/09/2025,2,2787.39,5574.78
1121,81,110,09/06/2025,4,2713.54,10854.16
1122,169,185,06/05/2025,2,2325.56,4651.12
1123,435,46,08/05/2025,5,131.37,656.85
1124,311,74,18/08/2025,5,813.45,4067.25
1125,991,163,20/05/2025,2,2777.8,5555.6
1126,884,124,04/07/2025,1,2833.53,2833.53
1127,408,97,30/08/2025,2,2091.31,4182.62
1128,452,109,09/11/2025,5,1535.45,7677.25
1129,753,111,04/09/2025,2,2602.98,5205.96
1130,21,196,07/08/2025,4,2691.92,10767.68
1131,875,22,01/11/2025,3,2301.81,6905.43
1132,551,40,31/03/2025,5,1715.81,8579.05
1133,264,98,06/06/2025,4,1142.29,4569.16
1134,465,73,15/10/2025,4,753.81,3015.24
1135,621,124,20/06/2025,1,2833.53,2833.53
1136,140,184,11/04/2025,4,1206.16,4824.64
1137,159,49,07/01/2025,1,1056.83,1056.83
1138,883,129,09/09/2025,3,2620.65,7861.95
1139,415,107,11/07/2025,4,891.64,3566.56
1140,394,126,25/11/2025,3,2693.58,8080.74
1141,603,19,20/01/2025,4,2481.94,9927.76
1142,944,32,17/10/2025,4,2758.95,11035.8
1143,167,50,11/05/2025,4,1261.23,5044.92
1144,790,193,18/09/2025,3,423.21,1269.63
1145,727,126,23/12/2025,3,2693.58,8080.74
1146,60,167,06/08/2025,4,2604.04,10416.16
1147,754,64,02/09/2025,2,1438.05,2876.1
1148,36,93,24/12/2025,1,2225.24,2225.24
1149,682,166,14/05/2025,2,547.69,1095.38
1150,620,117,11/05/2025,2,1192.33,2384.66
1151,254,155,06/12/2025,5,2068.39,10341.95
1152,862,42,01/03/2025,1,2382.85,2382.85
1153,790,24,23/07/2025,4,1353.55,5414.2
1154,724,151,23/09/2025,1,98.07,98.07
1155,932,49,26/03/2025,4,1056.83,4227.32
1156,850,110,21/12/2025,3,2713.54,8140.62
1157,310,129,04/12/2025,5,2620.65,13103.25
1158,908,98,07/06/2025,5,1142.29,5711.45
1159,752,106,25/02/2025,1,2595.56,2595.56
1160,652,147,15/03/2025,3,2884.36,8653.08
1161,276,192,23/07/2025,2,2814.77,5629.54
1162,716,79,28/03/2025,1,1789.75,1789.75
1163,836,126,19/02/2025,1,2693.58,2693.58
1164,72,199,26/09/2025,4,2160.76,8643.04
1165,427,168,09/08/2025,3,2069.83,6209.49
1166,175,46,06/04/2025,3,131.37,394.11
1167,721,35,07/09/2025,2,1391.9,2783.8
1168,187,129,19/08/2025,1,2620.65,2620.65
1169,581,55,13/04/2025,2,142.72,285.44
1170,61,192,09/04/2025,2,2814.77,5629.54
1171,266,105,17/11/2025,4,1995.69,7982.76
1172,935,160,22/11/2025,1,1484.51,1484.51
1173,171,21,13/02/2025,3,1645.97,4937.91
1174,387,32,02/02/2025,3,2758.95,8276.85
1175,351,8,01/05/2025,5,1086.73,5433.65
1176,490,125,05/01/2025,1,692.24,692.24
1177,63,69,07/12/2025,1,1686.7,1686.7
1178,597,11,19/04/2025,1,-50.0,-50.0
1179,535,2,05/11/2025,4,1604.35,6417.4
1180,533,195,06/09/2025,3,553.06,1659.18
1181,485,194,06/11/2025,3,983.91,2951.73
1182,440,87,16/12/2025,3,354.87,1064.61
1183,912,88,03/05/2025,3,744.28,2232.84
1184,964,93,13/07/2025,4,2225.24,8900.96
1185,626,15,19/06/2025,3,2801.89,8405.67
1186,826,26,22/08/2025,1,2949.21,2949.21
1187,892,179,13/03/2025,4,1565.73,6262.92
1188,27,155,29/09/2025,1,2068.39,2068.39
1189,287,180,08/07/2025,2,2951.82,5903.64
1190,463,159,21/09/2025,4,568.25,2273.0
1191,424,170,02/01/2025,2,1226.5,2453.0
1192,654,83,21/11/2025,1,1877.08,1877.08
1193,369,12,14/12/2025,3,1216.64,3649.92
1194,455,60,06/09/2025,5,1734.26,8671.3
1195,410,190,11/02/2025,5,289.51,1447.55
1196,357,110,04/12/2025,4,2713.54,10854.16
1197,878,180,17/07/2025,1,2951.82,2951.82
1198,301,156,31/12/2025,2,256.84,513.68
1199,147,134,16/09/2025,5,636.14,3180.7
1200,33,33,14/02/2025,4,1677.84,6711.36
1201,309,173,28/08/2025,5,1842.28,9211.4
1202,173,115,04/09/2025,1,138.46,138.46
1203,679,139,05/05/2025,2,2987.14,5974.28
1204,217,44,24/02/2025,1,2462.16,2462.16
1205,446,184,24/03/2025,1,1206.16,1206.16
1206,952,84,24/05/2025,4,153.74,614.96
1207,226,185,07/12/2025,3,2325.56,6976.68
1208,488,172,07/12/2025,1,2166.2,2166.2
1209,140,137,16/02/2025,4,2071.83,8287.32
1210,815,178,25/04/2025,3,2635.78,7907.34
1211,955,148,03/02/2025,5,1340.15,6700.75
1212,660,88,15/07/2025,4,744.28,2977.12
1213,670,165,12/08/2025,5,2278.17,11390.85
1214,828,60,13/05/2025,2,1734.26,3468.52
1215,119,75,27/02/2025,1,983.77,983.77
1216,92,88,07/04/2025,5,744.28,3721.4
1217,763,30,08/07/2025,5,660.17,3300.85
1218,131,81,23/10/2025,4,2963.2,11852.8
1219,755,1,01/02/2025,3,321.65,964.95
1220,605,138,18/07/2025,2,2730.5,5461.0
1221,434,82,14/12/2025,3,2468.32,7404.96
1222,957,33,06/12/2025,5,1677.84,8389.2
1223,617,152,24/02/2025,2,1858.5,3717.0
1224,405,3,24/08/2025,5,595.5,2977.5
1225,324,38,23/04/2025,3,714.32,2142.96
1226,512,175,17/03/2025,4,1931.35,7725.4
1227,616,73,07/12/2025,2,753.81,1507.62
1228,870,180,03/11/2025,1,2951.82,2951.82
1229,328,80,19/12/2025,5,2313.65,11568.25
1230,127,71,02/09/2025,5,604.38,3021.9
1231,647,56,30/05/2025,4,1703.44,6813.76
1232,722,97,20/06/2025,1,2091.31,2091.31
1233,157,184,26/04/2025,2,1206.16,2412.32
1234,718,189,02/04/2025,1,1401.47,1401.47
1235,878,125,03/06/2025,4,692.24,2768.96
1236,835,169,12/01/2025,2,2665.01,5330.02
1237,562,101,05/08/2025,3,2371.78,7115.34
1238,695,122,20/07/2025,3,1884.86,5654.58
1239,401,19,25/05/2025,5,2481.94,12409.7
1240,290,179,25/12/2025,2,1565.73,3131.46
1241,877,141,19/02/2025,4,2752.99,11011.96
1242,135,83,28/01/2025,5,1877.08,9385.4
1243,871,182,23/08/2025,3,2300.18,6900.54
1244,671,42,12/03/2025,5,2382.85,11914.25
1245,453,179,30/05/2025,4,1565.73,6262.92
1246,919,38,22/04/2025,2,714.32,1428.64
1247,824,192,30/11/2025,2,2814.77,5629.54
1248,10,93,22/02/2025,5,2225.24,11126.2
1249,695,38,07/08/2025,4,714.32,2857.28
1250,696,44,19/02/2025,1,2462.16,2462.16
1251,365,122,27/01/2025,2,1884.86,3769.72
1252,121,132,31/10/2025,3,2731.01,8193.03
1253,445,39,06/05/2025,4,293.88,1175.52
1254,35,31,23/07/2025,2,84.67,169.34
1255,501,78,30/03/2025,5,587.66,2938.3
1256,669,191,21/12/2025,4,357.25,1429.0
1257,815,172,26/08/2025,1,2166.2,2166.2
1258,886,167,21/05/2025,4,2604.04,10416.16
1259,648,168,08/07/2025,4,2069.83,8279.32
1260,12,31,12/02/2025,1,84.67,84.67
1261,125,126,26/04/2025,5,2693.58,13467.9
1262,24,151,21/10/2025,5,98.07,490.35
1263,492,71,31/10/2025,1,604.38,604.38
1264,186,99,27/11/2025,4,149.58,598.32
1265,720,112,20/10/2025,3,282.3,846.9
1266,129,26,02/02/2025,3,2949.21,8847.63
1267,731,138,27/07/2025,2,2730.5,5461.0
1268,833,180,21/07/2025,1,2951.82,2951.82
1269,570,138,08/09/2025,5,2730.5,13652.5
1270,66,133,03/10/2025,5,1358.52,6792.6
1271,731,167,17/04/2025,1,2604.04,2604.04
1272,989,169,03/04/2025,1,2665.01,2665.01
1273,883,154,03/01/2025,2,1797.15,3594.3
1274,569,115,04/03/2025,3,138.46,415.38
1275,41,33,16/04/2025,5,1677.84,8389.2
1276,669,42,15/10/2025,1,2382.85,2382.85
1277,263,193,13/02/2025,1,423.21,423.21
1278,128,130,06/07/2025,3,1263.65,3790.95
1279,990,140,05/08/2025,2,1975.57,3951.14
1280,968,169,08/05/2025,1,2665.01,2665.01
1281,308,12,31/05/2025,5,1216.64,6083.2
1282,675,137,13/03/2025,4,2071.83,8287.32
1283,591,126,25/09/2025,3,2693.58,8080.74
1284,933,91,03/10/2025,5,929.25,4646.25
1285,523,54,06/12/2025,1,181.3,181.3
1286,840,12,19/01/2025,2,1216.64,2433.28
1287,193,37,21/04/2025,3,2671.08,8013.24
1288,981,35,10/10/2025,5,1391.9,6959.5
1289,222,152,23/05/2025,3,1858.5,5575.5
1290,132,187,05/08/2025,5,897.37,4486.85
1291,77,141,14/05/2025,3,2752.99,8258.97
1292,391,167,24/07/2025,2,2604.04,5208.08
1293,468,22,13/12/2025,3,2301.81,6905.43
1294,436,178,02/10/2025,2,2635.78,5271.56
1295,209,19,21/11/2025,3,2481.94,7445.82
1296,714,166,10/07/2025,2,547.69,1095.38
1297,578,169,06/11/2025,5,2665.01,13325.05
1298,168,108,11/06/2025,2,708.88,1417.76
1299,807,112,14/01/2025,4,282.3,1129.2
1300,988,155,09/02/2025,2,2068.39,4136.78
1301,277,32,26/02/2025,5,2758.95,13794.75
1302,701,141,03/02/2025,4,2752.99,11011.96
1303,338,164,05/07/2025,1,683.21,683.21
1304,932,86,16/03/2025,3,484.85,1454.55
1305,890,58,06/01/2025,3,476.53,1429.59
1306,101,97,13/07/2025,2,2091.31,4182.62
1307,975,27,31/03/2025,1,68.58,68.58
1308,540,187,29/10/2025,3,897.37,2692.11
1309,842,126,28/09/2025,1,2693.58,2693.58
1310,358,180,25/05/2025,5,2951.82,14759.1
1311,565,70,20/02/2025,5,1198.05,5990.25
1312,919,13,12/06/2025,2,1979.45,3958.9
1313,970,193,03/04/2025,4,423.21,1692.84
1314,354,190,10/10/2025,5,289.51,1447.55
1315,609,104,31/10/2025,4,218.46,873.84
1316,131,67,18/12/2025,1,1314.78,1314.78
1317,526,183,03/12/2025,2,585.75,1171.5
1318,130,37,18/10/2025,4,2671.08,10684.32
1319,754,69,24/11/2025,1,1686.7,1686.7
1320,998,95,14/12/2025,2,2256.06,4512.12
1321,624,108,04/04/2025,4,708.88,2835.52
1322,450,91,15/09/2025,4,929.25,3717.0
1323,294,71,24/09/2025,4,604.38,2417.52
1324,965,184,06/06/2025,2,1206.16,2412.32
1325,651,23,28/07/2025,3,1092.83,3278.49
1326,790,81,21/11/2025,1,2963.2,2963.2
1327,82,20,17/02/2025,2,1833.07,3666.14
1328,170,148,13/02/2025,1,1340.15,1340.15
1329,762,74,10/09/2025,5,813.45,4067.25
1330,828,3,13/12/2025,4,595.5,2382.0
1331,521,188,03/09/2025,2,2076.06,4152.12
1332,510,132,24/12/2025,5,2731.01,13655.05
1333,128,104,12/11/2025,1,218.46,218.46
1334,195,191,06/08/2025,1,357.25,357.25
1335,720,137,06/05/2025,3,2071.83,6215.49
1336,757,170,17/12/2025,5,1226.5,6132.5
1337,624,11,18/08/2025,5,-50.0,-250.0
1338,988,44,26/04/2025,5,2462.16,12310.8
1339,180,20,10/03/2025,3,1833.07,5499.21
1340,527,91,05/08/2025,1,929.25,929.25
1341,508,98,11/07/2025,2,1142.29,2284.58
1342,994,29,14/12/2025,3,39.58,118.74
1343,256,139,29/05/2025,1,2987.14,2987.14
1344,307,124,16/05/2025,3,2833.53,8500.59
1345,219,1,21/07/2025,5,321.65,1608.25
1346,223,79,19/01/2025,5,1789.75,8948.75
1347,958,119,07/09/2025,5,1079.03,5395.15
1348,59,92,12/11/2025,1,87.79,87.79
1349,472,85,01/07/2025,3,615.06,1845.18
1350,110,2,06/04/2025,3,1604.35,4813.05
1351,412,91,21/02/2025,1,929.25,929.25
1352,442,126,13/02/2025,2,2693.58,5387.16
1353,542,132,30/07/2025,2,2731.01,5462.02
1354,127,125,21/03/2025,1,692.24,692.24
1355,788,169,26/04/2025,3,2665.01,7995.03
1356,482,102,03/06/2025,3,828.42,2485.26
1357,374,110,02/10/2025,2,2713.54,5427.08
1358,832,69,13/08/2025,1,1686.7,1686.7
1359,673,113,13/03/2025,2,1511.94,3023.88
1360,363,192,03/01/2025,4,2814.77,11259.08
1361,368,182,26/02/2025,2,2300.18,4600.36
1362,195,73,10/03/2025,1,753.81,753.81
1363,405,108,17/01/2025,3,708.88,2126.64
1364,165,171,03/09/2025,2,1831.63,3663.26
1365,983,171,02/03/2025,3,1831.63,5494.89
1366,432,126,11/09/2025,5,2693.58,13467.9
1367,820,175,16/06/2025,2,1931.35,3862.7
1368,770,196,14/09/2025,4,2691.92,10767.68
1369,744,190,09/03/2025,4,289.51,1158.04
1370,113,28,06/03/2025,1,2980.37,2980.37
1371,160,89,07/01/2025,5,2781.65,13908.25
1372,786,176,27/01/2025,2,1571.53,3143.06
1373,695,88,02/11/2025,4,744.28,2977.12
1374,756,3,03/09/2025,4,595.5,2382.0
1375,297,73,12/02/2025,4,753.81,3015.24
1376,780,110,13/11/2025,2,2713.54,5427.08
1377,157,187,06/04/2025,5,897.37,4486.85
1378,256,72,15/05/2025,1,2991.29,2991.29
1379,718,64,12/04/2025,4,1438.05,5752.2
1380,486,181,25/12/2025,1,1681.95,1681.95
1381,748,129,03/04/2025,5,2620.65,13103.25
1382,194,152,28/04/2025,2,1858.5,3717.0
1383,124,34,20/01/2025,4,481.05,1924.2
1384,281,50,07/08/2025,2,1261.23,2522.46
1385,19,158,16/02/2025,2,1416.92,2833.84
1386,886,14,28/07/2025,4,2995.33,11981.32
1387,538,79,24/04/2025,2,1789.75,3579.5
1388,345,110,01/02/2025,4,2713.54,10854.16
1389,523,110,05/06/2025,1,2713.54,2713.54
1390,113,69,24/05/2025,3,1686.7,5060.1
1391,966,90,07/05/2025,4,60.93,243.72
1392,328,13,21/01/2025,2,1979.45,3958.9
1393,1,14,19/04/2025,3,2995.33,8985.99
1394,293,121,07/11/2025,3,842.12,2526.36
1395,104,111,10/05/2025,2,2602.98,5205.96
1396,972,126,21/06/2025,3,2693.58,8080.74
1397,312,29,09/12/2025,1,39.58,39.58
1398,14,175,08/03/2025,5,1931.35,9656.75
1399,340,93,29/10/2025,3,2225.24,6675.72
1400,542,155,02/05/2025,3,2068.39,6205.17
1401,666,71,27/10/2025,2,604.38,1208.76
1402,394,23,08/03/2025,1,1092.83,1092.83
1403,645,191,03/03/2025,5,357.25,1786.25
1404,43,151,09/04/2025,2,98.07,196.14
1405,722,115,08/02/2025,1,138.46,138.46
1406,965,140,25/06/2025,5,1975.57,9877.85
1407,309,186,14/04/2025,4,1394.81,5579.24
1408,547,185,23/01/2025,2,2325.56,4651.12
1409,131,50,09/10/2025,4,1261.23,5044.92
1410,729,65,27/06/2025,5,1653.49,8267.45
1411,917,94,19/11/2025,4,627.33,2509.32
1412,735,31,04/02/2025,4,84.67,338.68
1413,495,108,15/09/2025,5,708.88,3544.4
1414,810,6,03/11/2025,2,1257.25,2514.5
1415,281,179,29/05/2025,2,1565.73,3131.46
1416,47,145,22/12/2025,1,2186.7,2186.7
1417,195,190,11/09/2025,4,289.51,1158.04
1418,702,137,08/02/2025,5,2071.83,10359.15
1419,170,113,16/07/2025,5,1511.94,7559.7
1420,576,200,25/07/2025,4,291.75,1167.0
1421,622,70,05/04/2025,2,1198.05,2396.1
1422,4,41,22/04/2025,5,2208.11,11040.55
1423,607,179,20/09/2025,1,1565.73,1565.73
1424,467,129,13/05/2025,5,2620.65,13103.25
1425,311,57,29/12/2025,3,1517.16,4551.48
1426,275,142,29/03/2025,1,222.09,222.09
1427,230,12,02/05/2025,5,1216.64,6083.2
1428,299,11,23/05/2025,2,-50.0,-100.0
1429,950,35,27/01/2025,3,1391.9,4175.7
1430,658,64,01/10/2025,2,1438.05,2876.1
1431,119,1,20/11/2025,3,321.65,964.95
1432,620,95,12/02/2025,3,2256.06,6768.18
1433,970,181,16/05/2025,5,1681.95,8409.75
1434,740,35,10/11/2025,4,1391.9,5567.6
1435,302,84,17/11/2025,1,153.74,153.74
1436,836,3,23/04/2025,3,595.5,1786.5
1437,749,72,12/05/2025,2,2991.29,5982.58
1438,995,5,03/12/2025,5,1684.1,8420.5
1439,889,200,24/02/2025,5,291.75,1458.75
1440,740,191,01/12/2025,4,357.25,1429.0
1441,264,161,10/10/2025,5,508.08,2540.4
1442,212,114,16/06/2025,2,1690.85,3381.7
1443,276,53,19/11/2025,5,2787.39,13936.95
1444,828,193,21/03/2025,4,423.21,1692.84
1445,457,60,08/07/2025,4,1734.26,6937.04
1446,152,123,11/09/2025,1,2673.4,2673.4
1447,186,118,01/04/2025,2,74.75,149.5
1448,194,146,03/04/2025,4,2642.79,10571.16
1449,664,73,08/06/2025,1,753.81,753.81
1450,167,46,18/12/2025,4,131.37,525.48
1451,623,49,15/03/2025,1,1056.83,1056.83
1452,74,110,21/08/2025,2,2713.54,5427.08
1453,931,166,21/02/2025,4,547.69,2190.76
1454,742,135,07/01/2025,2,1751.47,3502.94
1455,618,26,16/07/2025,4,2949.21,11796.84
1456,22,29,26/11/2025,1,39.58,39.58
1457,958,12,08/05/2025,2,1216.64,2433.28
1458,789,22,15/03/2025,3,2301.81,6905.43
1459,962,161,07/01/2025,5,508.08,2540.4
1460,812,3,05/10/2025,1,595.5,595.5
1461,754,87,14/04/2025,1,354.87,354.87
1462,143,123,16/08/2025,5,2673.4,13367.0
1463,836,42,19/06/2025,3,2382.85,7148.55
1464,491,40,29/01/2025,2,1715.81,3431.62
1465,557,178,18/11/2025,3,2635.78,7907.34
1466,557,32,23/01/2025,1,2758.95,2758.95
1467,106,140,22/02/2025,3,1975.57,5926.71
1468,524,107,01/01/2025,2,891.64,1783.28
1469,935,58,27/04/2025,1,476.53,476.53
1470,438,99,30/06/2025,2,149.58,299.16
1471,672,74,17/12/2025,2,813.45,1626.9
1472,394,176,09/09/2025,1,1571.53,1571.53
1473,174,29,22/02/2025,2,39.58,79.16
1474,980,73,09/02/2025,3,753.81,2261.43
1475,631,86,04/07/2025,1,484.85,484.85
1476,946,22,06/11/2025,1,2301.81,2301.81
1477,155,46,29/09/2025,4,131.37,525.48
1478,343,154,14/12/2025,2,1797.15,3594.3
1479,436,39,16/11/2025,3,293.88,881.64
1480,838,74,23/02/2025,3,813.45,2440.35
1481,278,128,16/05/2025,3,1571.74,4715.22
1482,831,183,02/01/2025,1,585.75,585.75
1483,883,39,13/06/2025,2,293.88,587.76
1484,152,100,02/09/2025,4,199.13,796.52
1485,835,18,23/10/2025,1,2297.27,2297.27
1486,438,187,16/03/2025,3,897.37,2692.11
1487,93,83,04/04/2025,2,1877.08,3754.16
1488,786,99,13/06/2025,3,149.58,448.74
1489,507,109,22/12/2025,4,1535.45,6141.8
1490,997,106,22/11/2025,5,2595.56,12977.8
1491,342,36,16/07/2025,2,432.46,864.92
1492,429,141,03/10/2025,4,2752.99,11011.96
1493,547,127,02/10/2025,5,281.63,1408.15
1494,842,59,12/02/2025,4,2913.7,11654.8
1495,595,184,27/09/2025,4,1206.16,4824.64
1496,592,199,26/12/2025,2,2160.76,4321.52
1497,90,61,02/01/2025,3,681.82,2045.46
1498,209,5,13/10/2025,3,1684.1,5052.3
1499,486,35,31/01/2025,1,1391.9,1391.9
1500,934,90,13/03/2025,3,60.93,182.79
1501,302,118,10/10/2025,2,74.75,149.5
1502,996,108,18/04/2025,2,708.88,1417.76
1503,848,58,12/03/2025,1,476.53,476.53
1504,121,179,13/07/2025,2,1565.73,3131.46
1505,751,7,10/07/2025,4,2303.52,9214.08
1506,56,180,06/12/2025,1,2951.82,2951.82
1507,596,19,01/11/2025,4,2481.94,9927.76
1508,892,41,17/03/2025,1,2208.11,2208.11
1509,375,37,06/05/2025,1,2671.08,2671.08
1510,79,4,02/08/2025,5,1718.68,8593.4
1511,154,196,29/08/2025,2,2691.92,5383.84
1512,762,36,24/12/2025,5,432.46,2162.3
1513,972,77,30/07/2025,4,1282.15,5128.6
1514,740,87,27/11/2025,4,354.87,1419.48
1515,712,4,26/02/2025,3,1718.68,5156.04
1516,160,16,06/11/2025,1,1659.24,1659.24
1517,770,45,24/03/2025,5,1793.79,8968.95
1518,12,102,15/12/2025,4,828.42,3313.68
1519,971,117,31/12/2025,5,1192.33,5961.65
1520,850,67,14/09/2025,5,1314.78,6573.9
1521,314,182,05/08/2025,2,2300.18,4600.36
1522,954,41,17/02/2025,3,2208.11,6624.33
1523,535,97,19/04/2025,2,2091.31,4182.62
1524,411,159,23/04/2025,1,568.25,568.25
1525,402,48,06/11/2025,5,2767.18,13835.9
1526,862,20,02/09/2025,4,1833.07,7332.28
1527,321,168,14/07/2025,4,2069.83,8279.32
1528,169,14,28/11/2025,3,2995.33,8985.99
1529,435,50,25/02/2025,3,1261.23,3783.69
1530,107,20,05/11/2025,3,1833.07,5499.21
1531,798,86,03/05/2025,1,484.85,484.85
1532,289,42,24/02/2025,5,2382.85,11914.25
1533,67,55,06/01/2025,5,142.72,713.6
1534,775,80,10/10/2025,2,2313.65,4627.3
1535,207,164,04/05/2025,1,683.21,683.21
1536,276,22,17/10/2025,5,2301.81,11509.05
1537,46,145,24/01/2025,4,2186.7,8746.8
1538,50,81,08/06/2025,1,2963.2,2963.2
1539,9,92,23/07/2025,3,87.79,263.37
1540,513,50,20/07/2025,3,1261.23,3783.69
1541,744,92,26/12/2025,2,87.79,175.58
1542,691,25,28/07/2025,3,20.58,61.74
1543,919,190,21/02/2025,5,289.51,1447.55
1544,515,199,13/01/2025,2,2160.76,4321.52
1545,602,98,28/10/2025,4,1142.29,4569.16
1546,890,10,24/03/2025,3,2650.82,7952.46
1547,156,175,10/02/2025,4,1931.35,7725.4
1548,907,161,29/04/2025,1,508.08,508.08
1549,906,56,24/03/2025,2,1703.44,3406.88
1550,987,129,08/11/2025,5,2620.65,13103.25
1551,668,134,18/08/2025,3,636.14,1908.42
1552,805,34,29/05/2025,3,481.05,1443.15
1553,369,160,21/01/2025,4,1484.51,5938.04
1554,913,183,03/05/2025,4,585.75,2343.0
1555,214,157,08/02/2025,5,419.58,2097.9
1556,982,40,18/11/2025,5,1715.81,8579.05
1557,510,25,15/03/2025,1,20.58,20.58
1558,785,80,14/02/2025,5,2313.65,11568.25
1559,511,25,10/06/2025,4,20.58,82.32
1560,174,76,04/02/2025,2,286.99,573.98
1561,287,148,30/06/2025,3,1340.15,4020.45
1562,92,19,30/12/2025,2,2481.94,4963.88
1563,791,118,31/08/2025,3,74.75,224.25
1564,263,196,29/11/2025,4,2691.92,10767.68
1565,947,36,19/10/2025,1,432.46,432.46
1566,500,11,27/05/2025,3,-50.0,-150.0
1567,411,105,15/12/2025,5,1995.69,9978.45
1568,133,113,20/09/2025,3,1511.94,4535.82
1569,866,160,11/07/2025,3,1484.51,4453.53
1570,86,175,17/09/2025,4,1931.35,7725.4
1571,461,68,14/11/2025,1,2290.86,2290.86
1572,660,15,25/12/2025,2,2801.89,5603.78
1573,841,144,21/03/2025,1,568.72,568.72
1574,874,27,12/07/2025,3,68.58,205.74
1575,163,146,07/02/2025,4,2642.79,10571.16
1576,229,100,09/12/2025,4,199.13,796.52
1577,96,90,28/08/2025,4,60.93,243.72
1578,658,137,25/02/2025,4,2071.83,8287.32
1579,88,47,23/07/2025,1,1157.01,1157.01
1580,787,111,25/07/2025,2,2602.98,5205.96
1581,337,17,25/06/2025,3,2537.66,7612.98
1582,619,125,26/12/2025,2,692.24,1384.48
1583,760,122,23/05/2025,1,1884.86,1884.86
1584,466,10,21/03/2025,5,2650.82,13254.1
1585,972,121,24/11/2025,2,842.12,1684.24
1586,219,82,17/01/2025,5,2468.32,12341.6
1587,616,199,01/02/2025,4,2160.76,8643.04
1588,959,93,31/08/2025,4,2225.24,8900.96
1589,219,14,12/01/2025,2,2995.33,5990.66
1590,976,195,19/05/2025,4,553.06,2212.24
1591,259,163,12/02/2025,2,2777.8,5555.6
1592,146,18,27/07/2025,3,2297.27,6891.81
1593,84,77,03/08/2025,4,1282.15,5128.6
1594,538,55,05/04/2025,3,142.72,428.16
1595,851,14,08/08/2025,1,2995.33,2995.33
1596,351,193,26/03/2025,3,423.21,1269.63
1597,204,90,04/09/2025,4,60.93,243.72
1598,487,138,23/12/2025,2,2730.5,5461.0
1599,448,91,19/07/2025,5,929.25,4646.25
1600,843,3,02/11/2025,5,595.5,2977.5
1601,204,20,12/11/2025,5,1833.07,9165.35
1602,149,83,08/01/2025,3,1877.08,5631.24
1603,155,118,13/09/2025,2,74.75,149.5
1604,886,82,12/12/2025,1,2468.32,2468.32
1605,417,68,02/01/2025,5,2290.86,11454.3
1606,462,33,24/11/2025,4,1677.84,6711.36
1607,993,149,19/01/2025,1,472.83,472.83
1608,224,191,04/08/2025,2,357.25,714.5
1609,714,140,04/11/2025,2,1975.57,3951.14
1610,387,56,18/04/2025,3,1703.44,5110.32
1611,976,49,08/01/2025,5,1056.83,5284.15
1612,380,94,04/06/2025,1,627.33,627.33
1613,919,79,05/03/2025,5,1789.75,8948.75
1614,717,128,31/07/2025,4,1571.74,6286.96
1615,421,91,05/10/2025,3,929.25,2787.75
1616,437,134,28/02/2025,3,636.14,1908.42
1617,949,46,08/08/2025,4,131.37,525.48
1618,383,46,01/11/2025,5,131.37,656.85
1619,167,139,15/07/2025,4,2987.14,11948.56
1620,292,169,21/11/2025,4,2665.01,10660.04
1621,291,180,20/02/2025,5,2951.82,14759.1
1622,90,27,29/11/2025,1,68.58,68.58
1623,17,158,23/02/2025,4,1416.92,5667.68
1624,509,192,06/10/2025,5,2814.77,14073.85
1625,103,163,15/09/2025,4,2777.8,11111.2
1626,596,9,04/08/2025,3,2113.6,6340.8
1627,217,58,10/10/2025,4,476.53,1906.12
1628,391,30,29/08/2025,2,660.17,1320.34
1629,974,32,26/08/2025,3,2758.95,8276.85
1630,423,166,04/01/2025,4,547.69,2190.76
1631,963,96,17/09/2025,2,1459.42,2918.84
1632,291,69,07/06/2025,3,1686.7,5060.1
1633,859,107,03/01/2025,2,891.64,1783.28
1634,922,107,08/01/2025,1,891.64,891.64
1635,27,40,23/09/2025,3,1715.81,5147.43
1636,840,190,12/06/2025,5,289.51,1447.55
1637,344,44,09/08/2025,5,2462.16,12310.8
1638,248,143,09/04/2025,4,2846.83,11387.32
1639,632,165,27/01/2025,4,2278.17,9112.68
1640,821,148,07/03/2025,4,1340.15,5360.6
1641,962,163,30/03/2025,4,2777.8,11111.2
1642,413,82,23/03/2025,5,2468.32,12341.6
1643,448,60,30/12/2025,1,1734.26,1734.26
1644,821,33,02/03/2025,5,1677.84,8389.2
1645,647,148,18/11/2025,4,1340.15,5360.6
1646,939,67,23/03/2025,5,1314.78,6573.9
1647,972,83,17/02/2025,2,1877.08,3754.16
1648,96,7,06/01/2025,4,2303.52,9214.08
1649,644,198,20/03/2025,5,765.25,3826.25
1650,29,159,10/02/2025,5,568.25,2841.25
1651,586,98,08/03/2025,1,1142.29,1142.29
1652,465,163,06/04/2025,3,2777.8,8333.4
1653,246,168,02/06/2025,2,2069.83,4139.66
1654,199,138,13/07/2025,2,2730.5,5461.0
1655,789,67,21/05/2025,1,1314.78,1314.78
1656,85,37,23/11/2025,1,2671.08,2671.08
1657,594,27,24/08/2025,1,68.58,68.58
1658,950,153,24/02/2025,1,1709.79,1709.79
1659,146,73,03/04/2025,3,753.81,2261.43
1660,96,20,05/07/2025,4,1833.07,7332.28
1661,935,54,21/02/2025,4,181.3,725.2
1662,503,6,07/02/2025,4,1257.25,5029.0
1663,499,161,18/04/2025,1,508.08,508.08
1664,704,108,10/06/2025,4,708.88,2835.52
1665,649,116,03/04/2025,2,928.68,1857.36
1666,306,3,04/12/2025,2,595.5,1191.0
1667,581,162,17/01/2025,5,116.04,580.2
1668,121,88,05/09/2025,3,744.28,2232.84
1669,629,154,03/01/2025,5,1797.15,8985.75
1670,163,134,04/03/2025,3,636.14,1908.42
1671,198,156,02/10/2025,1,256.84,256.84
1672,24,133,20/03/2025,5,1358.52,6792.6
1673,222,94,22/04/2025,1,627.33,627.33
1674,31,84,23/04/2025,2,153.74,307.48
1675,86,187,18/05/2025,2,897.37,1794.74
1676,281,124,17/02/2025,2,2833.53,5667.06
1677,357,182,30/11/2025,5,2300.18,11500.9
1678,302,120,12/08/2025,4,723.89,2895.56
1679,525,103,09/05/2025,2,1971.18,3942.36
1680,178,51,21/07/2025,3,2611.96,7835.88
1681,106,150,09/06/2025,5,338.18,1690.9
1682,170,53,10/08/2025,4,2787.39,11149.56
1683,905,115,02/11/2025,4,138.46,553.84
1684,766,70,15/11/2025,3,1198.05,3594.15
1685,111,156,08/08/2025,4,256.84,1027.36
1686,205,146,11/07/2025,3,2642.79,7928.37
1687,920,162,19/08/2025,1,116.04,116.04
1688,172,9,10/05/2025,5,2113.6,10568.0
1689,601,105,06/11/2025,3,1995.69,5987.07
1690,847,166,30/06/2025,5,547.69,2738.45
1691,408,8,03/04/2025,1,1086.73,1086.73
1692,829,83,06/04/2025,4,1877.08,7508.32
1693,367,63,21/04/2025,1,413.92,413.92
1694,673,96,16/03/2025,3,1459.42,4378.26
1695,799,81,05/01/2025,1,2963.2,2963.2
1696,327,177,18/06/2025,1,1381.56,1381.56
1697,219,120,14/06/2025,5,723.89,3619.45
1698,921,60,03/02/2025,5,1734.26,8671.3
1699,395,73,19/04/2025,5,753.81,3769.05
1700,540,56,15/10/2025,1,1703.44,1703.44
1701,285,184,10/12/2025,5,1206.16,6030.8
1702,77,147,16/12/2025,4,2884.36,11537.44
1703,775,112,13/06/2025,3,282.3,846.9
1704,203,51,10/09/2025,1,2611.96,2611.96
1705,511,12,04/08/2025,3,1216.64,3649.92
1706,123,32,29/03/2025,4,2758.95,11035.8
1707,616,84,16/07/2025,5,153.74,768.7
1708,243,148,26/05/2025,1,1340.15,1340.15
1709,19,165,03/01/2025,5,2278.17,11390.85
1710,934,119,09/03/2025,3,1079.03,3237.09
1711,862,104,01/10/2025,1,218.46,218.46
1712,941,136,22/06/2025,1,2590.51,2590.51
1713,661,5,29/08/2025,1,1684.1,1684.1
1714,98,107,21/05/2025,3,891.64,2674.92
1715,325,193,24/07/2025,3,423.21,1269.63
1716,82,143,10/09/2025,3,2846.83,8540.49
1717,628,13,02/06/2025,4,1979.45,7917.8
1718,714,117,25/11/2025,4,1192.33,4769.32
1719,991,32,13/11/2025,3,2758.95,8276.85
1720,106,8,25/01/2025,2,1086.73,2173.46
1721,846,3,23/02/2025,2,595.5,1191.0
1722,331,177,26/04/2025,4,1381.56,5526.24
1723,175,23,08/07/2025,2,1092.83,2185.66
1724,836,138,19/12/2025,1,2730.5,2730.5
1725,889,14,23/01/2025,3,2995.33,8985.99
1726,114,13,08/02/2025,3,1979.45,5938.35
1727,271,85,14/07/2025,5,615.06,3075.3
1728,277,179,12/03/2025,2,1565.73,3131.46
1729,598,118,06/03/2025,1,74.75,74.75
1730,327,38,31/07/2025,5,714.32,3571.6
1731,653,115,25/09/2025,1,138.46,138.46
1732,541,62,02/09/2025,5,2363.38,11816.9
1733,678,126,14/06/2025,3,2693.58,8080.74
1734,792,188,26/04/2025,4,2076.06,8304.24
1735,95,68,31/12/2025,3,2290.86,6872.58
1736,85,91,05/05/2025,5,929.25,4646.25
1737,676,166,22/12/2025,2,547.69,1095.38
1738,80,20,31/01/2025,4,1833.07,7332.28
1739,218,4,28/08/2025,2,1718.68,3437.36
1740,839,99,07/09/2025,2,149.58,299.16
1741,108,88,30/10/2025,2,744.28,1488.56
1742,780,136,10/06/2025,5,2590.51,12952.55
1743,779,80,02/12/2025,4,2313.65,9254.6
1744,158,130,08/03/2025,1,1263.65,1263.65
1745,225,94,20/08/2025,4,627.33,2509.32
1746,889,159,14/04/2025,5,568.25,2841.25
1747,799,103,05/02/2025,2,1971.18,3942.36
1748,285,109,18/12/2025,2,1535.45,3070.9
1749,315,148,17/03/2025,1,1340.15,1340.15
1750,473,28,04/05/2025,1,2980.37,2980.37
1751,17,118,17/05/2025,2,74.75,149.5
1752,30,122,20/08/2025,5,1884.86,9424.3
1753,361,68,09/10/2025,1,2290.86,2290.86
1754,87,91,19/04/2025,4,929.25,3717.0
1755,155,102,09/08/2025,5,828.42,4142.1
1756,521,86,14/08/2025,1,484.85,484.85
1757,280,95,26/01/2025,1,2256.06,2256.06
1758,665,98,10/04/2025,4,1142.29,4569.16
1759,302,49,01/04/2025,4,1056.83,4227.32
1760,609,71,08/11/2025,5,604.38,3021.9
1761,506,133,25/02/2025,4,1358.52,5434.08
1762,698,13,26/02/2025,2,1979.45,3958.9
1763,225,30,19/01/2025,1,660.17,660.17
1764,590,69,03/02/2025,2,1686.7,3373.4
1765,545,26,26/04/2025,3,2949.21,8847.63
1766,904,159,20/07/2025,4,568.25,2273.0
1767,403,26,21/12/2025,2,2949.21,5898.42
1768,275,127,29/03/2025,2,281.63,563.26
1769,805,53,23/11/2025,3,2787.39,8362.17
1770,295,181,28/05/2025,5,1681.95,8409.75
1771,752,1,05/04/2025,1,321.65,321.65
1772,516,180,02/09/2025,5,2951.82,14759.1
1773,757,79,29/03/2025,2,1789.75,3579.5
1774,323,175,27/03/2025,1,1931.35,1931.35
1775,192,86,14/03/2025,4,484.85,1939.4
1776,986,4,08/08/2025,4,1718.68,6874.72
1777,343,6,16/05/2025,2,1257.25,2514.5
1778,903,20,14/12/2025,2,1833.07,3666.14
1779,779,3,30/06/2025,5,595.5,2977.5
1780,993,122,01/01/2025,5,1884.86,9424.3
1781,501,64,26/02/2025,4,1438.05,5752.2
1782,47,5,15/12/2025,5,1684.1,8420.5
1783,298,59,15/09/2025,5,2913.7,14568.5
1784,172,194,18/02/2025,2,983.91,1967.82
1785,103,78,20/08/2025,3,587.66,1762.98
1786,503,189,07/10/2025,3,1401.47,4204.41
1787,264,170,10/05/2025,4,1226.5,4906.0
1788,374,118,30/06/2025,1,74.75,74.75
1789,309,182,23/09/2025,3,2300.18,6900.54
1790,794,170,05/09/2025,5,1226.5,6132.5
1791,116,70,24/11/2025,5,1198.05,5990.25
1792,22,38,23/04/2025,4,714.32,2857.28
1793,676,37,12/09/2025,3,2671.08,8013.24
1794,32,63,23/12/2025,5,413.92,2069.6
1795,997,111,16/04/2025,3,2602.98,7808.94
1796,763,23,13/07/2025,2,1092.83,2185.66
1797,655,28,17/11/2025,3,2980.37,8941.11
1798,696,140,27/09/2025,4,1975.57,7902.28
1799,180,68,19/06/2025,3,2290.86,6872.58
1800,401,151,22/05/2025,4,98.07,392.28
1801,317,49,24/10/2025,1,1056.83,1056.83
1802,533,180,10/11/2025,3,2951.82,8855.46
1803,126,111,18/10/2025,4,2602.98,10411.92
1804,992,89,26/02/2025,3,2781.65,8344.95
1805,993,3,17/12/2025,4,595.5,2382.0
1806,151,120,25/09/2025,2,723.89,1447.78
1807,990,75,13/10/2025,5,983.77,4918.85
1808,681,42,07/09/2025,3,2382.85,7148.55
1809,296,17,08/01/2025,3,2537.66,7612.98
1810,465,11,25/05/2025,2,-50.0,-100.0
1811,846,152,28/01/2025,1,1858.5,1858.5
1812,501,79,09/08/2025,1,1789.75,1789.75
1813,361,170,26/01/2025,1,1226.5,1226.5
1814,258,36,26/05/2025,3,432.46,1297.38
1815,805,129,21/03/2025,5,2620.65,13103.25
1816,977,23,15/03/2025,3,1092.83,3278.49
1817,751,51,27/10/2025,4,2611.96,10447.84
1818,941,21,23/04/2025,3,1645.97,4937.91
1819,33,122,08/05/2025,3,1884.86,5654.58
1820,832,174,05/08/2025,4,1789.54,7158.16
1821,409,26,04/06/2025,3,2949.21,8847.63
1822,612,80,16/10/2025,2,2313.65,4627.3
1823,447,174,24/10/2025,3,1789.54,5368.62
1824,143,175,09/05/2025,2,1931.35,3862.7
1825,139,107,13/04/2025,5,891.64,4458.2
1826,309,79,02/06/2025,1,1789.75,1789.75
1827,581,161,07/10/2025,4,508.08,2032.32
1828,188,97,19/02/2025,4,2091.31,8365.24
1829,142,135,22/12/2025,4,1751.47,7005.88
1830,321,129,28/08/2025,3,2620.65,7861.95
1831,363,110,04/08/2025,4,2713.54,10854.16
1832,985,106,15/01/2025,4,2595.56,10382.24
1833,935,144,04/08/2025,1,568.72,568.72
1834,91,194,11/11/2025,2,983.91,1967.82
1835,929,78,25/10/2025,2,587.66,1175.32
1836,525,96,14/11/2025,2,1459.42,2918.84
1837,557,145,28/01/2025,3,2186.7,6560.1
1838,774,101,26/07/2025,2,2371.78,4743.56
1839,687,2,23/09/2025,4,1604.35,6417.4
1840,472,14,29/01/2025,1,2995.33,2995.33
1841,277,167,20/06/2025,1,2604.04,2604.04
1842,609,25,17/10/2025,3,20.58,61.74
1843,494,177,01/02/2025,3,1381.56,4144.68
1844,125,190,12/12/2025,5,289.51,1447.55
1845,524,190,26/12/2025,1,289.51,289.51
1846,210,133,15/10/2025,2,1358.52,2717.04
1847,759,127,25/04/2025,2,281.63,563.26
1848,917,173,04/06/2025,2,1842.28,3684.56
1849,644,80,06/09/2025,1,2313.65,2313.65
1850,639,177,28/02/2025,2,1381.56,2763.12
1851,69,1,06/11/2025,2,321.65,643.3
1852,902,31,19/02/2025,5,84.67,423.35
1853,254,53,31/08/2025,1,2787.39,2787.39
1854,26,130,20/07/2025,4,1263.65,5054.6
1855,57,32,27/07/2025,3,2758.95,8276.85
1856,496,48,07/10/2025,2,2767.18,5534.36
1857,267,157,03/12/2025,4,419.58,1678.32
1858,632,32,16/03/2025,4,2758.95,11035.8
1859,652,6,14/03/2025,2,1257.25,2514.5
1860,839,191,29/03/2025,2,357.25,714.5
1861,524,190,13/04/2025,5,289.51,1447.55
1862,488,123,29/05/2025,3,2673.4,8020.2
1863,684,26,10/09/2025,5,2949.21,14746.05
1864,377,171,20/07/2025,3,1831.63,5494.89
1865,396,179,26/08/2025,1,1565.73,1565.73
1866,427,109,15/01/2025,2,1535.45,3070.9
1867,291,118,16/10/2025,1,74.75,74.75
1868,399,3,05/06/2025,5,595.5,2977.5
1869,35,166,16/08/2025,5,547.69,2738.45
1870,44,91,28/08/2025,2,929.25,1858.5
1871,904,186,22/05/2025,4,1394.81,5579.24
1872,10,41,14/09/2025,3,2208.11,6624.33
1873,877,129,28/06/2025,2,2620.65,5241.3
1874,925,181,19/07/2025,5,1681.95,8409.75
1875,526,17,02/12/2025,2,2537.66,5075.32
1876,156,91,23/06/2025,5,929.25,4646.25
1877,471,184,23/05/2025,2,1206.16,2412.32
1878,804,196,21/07/2025,3,2691.92,8075.76
1879,70,166,12/07/2025,4,547.69,2190.76
1880,986,121,04/12/2025,5,842.12,4210.6
1881,185,148,04/12/2025,5,1340.15,6700.75
1882,539,67,24/12/2025,2,1314.78,2629.56
1883,332,151,28/06/2025,5,98.07,490.35
1884,599,159,04/02/2025,4,568.25,2273.0
1885,47,8,29/04/2025,2,1086.73,2173.46
1886,99,171,13/09/2025,1,1831.63,1831.63
1887,957,174,15/06/2025,4,1789.54,7158.16
1888,779,60,23/02/2025,2,1734.26,3468.52
1889,922,45,04/08/2025,4,1793.79,7175.16
1890,945,17,10/11/2025,1,2537.66,2537.66
1891,257,30,07/02/2025,1,660.17,660.17
1892,453,196,07/11/2025,3,2691.92,8075.76
1893,647,8,14/06/2025,2,1086.73,2173.46
1894,111,179,13/07/2025,4,1565.73,6262.92
1895,137,164,12/10/2025,5,683.21,3416.05
1896,205,51,09/09/2025,3,2611.96,7835.88
1897,449,174,26/04/2025,3,1789.54,5368.62
1898,207,190,11/08/2025,2,289.51,579.02
1899,834,136,14/02/2025,2,2590.51,5181.02
1900,597,7,15/04/2025,1,2303.52,2303.52
1901,35,36,04/07/2025,1,432.46,432.46
1902,793,105,07/10/2025,5,1995.69,9978.45
1903,886,19,05/04/2025,3,2481.94,7445.82
1904,699,187,12/09/2025,5,897.37,4486.85
1905,195,54,31/08/2025,5,181.3,906.5
1906,513,91,13/11/2025,3,929.25,2787.75
1907,922,144,04/02/2025,2,568.72,1137.44
1908,450,110,06/02/2025,4,2713.54,10854.16
1909,583,21,22/09/2025,2,1645.97,3291.94
1910,306,26,13/09/2025,1,2949.21,2949.21
1911,237,14,04/10/2025,5,2995.33,14976.65
1912,339,6,29/05/2025,2,1257.25,2514.5
1913,945,65,27/12/2025,4,1653.49,6613.96
1914,367,18,28/05/2025,2,2297.27,4594.54
1915,77,137,04/05/2025,5,2071.83,10359.15
1916,874,133,14/09/2025,5,1358.52,6792.6
1917,320,103,30/01/2025,5,1971.18,9855.9
1918,560,179,26/10/2025,1,1565.73,1565.73
1919,483,68,17/01/2025,1,2290.86,2290.86
1920,347,108,13/04/2025,3,708.88,2126.64
1921,343,196,13/03/2025,1,2691.92,2691.92
1922,210,141,06/12/2025,3,2752.99,8258.97
1923,935,16,10/09/2025,2,1659.24,3318.48
1924,75,145,26/12/2025,5,2186.7,10933.5
1925,856,196,27/06/2025,1,2691.92,2691.92
1926,73,107,10/11/2025,5,891.64,4458.2
1927,952,21,03/09/2025,5,1645.97,8229.85
1928,970,34,22/01/2025,3,481.05,1443.15
1929,107,10,17/09/2025,4,2650.82,10603.28
1930,231,167,09/08/2025,3,2604.04,7812.12
1931,490,78,11/01/2025,2,587.66,1175.32
1932,954,15,11/04/2025,1,2801.89,2801.89
1933,548,156,16/12/2025,4,256.84,1027.36
1934,701,189,10/10/2025,1,1401.47,1401.47
1935,494,14,13/07/2025,4,2995.33,11981.32
1936,713,33,26/12/2025,4,1677.84,6711.36
1937,438,141,01/03/2025,2,2752.99,5505.98
1938,449,31,08/07/2025,5,84.67,423.35
1939,361,50,12/08/2025,3,1261.23,3783.69
1940,941,15,29/04/2025,2,2801.89,5603.78
1941,95,151,27/04/2025,1,98.07,98.07
1942,423,192,18/10/2025,5,2814.77,14073.85
1943,47,4,30/01/2025,2,1718.68,3437.36
1944,79,15,13/08/2025,2,2801.89,5603.78
1945,185,73,10/06/2025,1,753.81,753.81
1946,359,155,30/05/2025,2,2068.39,4136.78
1947,133,156,03/09/2025,4,256.84,1027.36
1948,674,32,09/02/2025,1,2758.95,2758.95
1949,257,140,11/09/2025,2,1975.57,3951.14
1950,723,189,23/04/2025,3,1401.47,4204.41
1951,455,183,07/07/2025,3,585.75,1757.25
1952,799,142,01/12/2025,3,222.09,666.27
1953,251,135,13/06/2025,3,1751.47,5254.41
1954,715,139,23/02/2025,5,2987.14,14935.7
1955,56,89,28/12/2025,4,2781.65,11126.6
1956,974,160,24/05/2025,4,1484.51,5938.04
1957,81,53,24/09/2025,2,2787.39,5574.78
1958,237,79,18/04/2025,5,1789.75,8948.75
1959,126,96,19/01/2025,2,1459.42,2918.84
1960,241,179,29/11/2025,4,1565.73,6262.92
1961,783,117,11/01/2025,1,1192.33,1192.33
1962,511,9,23/05/2025,3,2113.6,6340.8
1963,603,99,13/02/2025,3,149.58,448.74
1964,62,72,16/07/2025,5,2991.29,14956.45
1965,508,5,16/07/2025,4,1684.1,6736.4
1966,455,12,16/04/2025,2,1216.64,2433.28
1967,389,48,30/09/2025,4,2767.18,11068.72
1968,54,170,17/01/2025,3,1226.5,3679.5
1969,555,196,14/01/2025,3,2691.92,8075.76
1970,932,156,15/05/2025,3,256.84,770.52
1971,830,193,21/04/2025,5,423.21,2116.05
1972,776,8,15/11/2025,3,1086.73,3260.19
1973,445,110,25/02/2025,1,2713.54,2713.54
1974,567,100,01/10/2025,3,199.13,597.39
1975,475,109,18/10/2025,5,1535.45,7677.25
1976,788,133,25/03/2025,3,1358.52,4075.56
1977,984,98,02/05/2025,4,1142.29,4569.16
1978,136,4,16/12/2025,3,1718.68,5156.04
1979,974,71,08/05/2025,1,604.38,604.38
1980,790,139,22/06/2025,3,2987.14,8961.42
1981,585,102,12/11/2025,1,828.42,828.42
1982,281,93,04/12/2025,3,2225.24,6675.72
1983,257,168,07/01/2025,5,2069.83,10349.15
1984,128,79,05/12/2025,5,1789.75,8948.75
1985,329,68,16/08/2025,2,2290.86,4581.72
1986,474,5,05/01/2025,4,1684.1,6736.4
1987,478,10,03/09/2025,3,2650.82,7952.46
1988,654,143,29/07/2025,2,2846.83,5693.66
1989,60,149,22/05/2025,1,472.83,472.83
1990,919,157,10/06/2025,5,419.58,2097.9
1991,977,17,03/04/2025,4,2537.66,10150.64
1992,265,197,13/05/2025,3,2649.99,7949.97
1993,890,127,27/04/2025,2,281.63,563.26
1994,646,45,13/11/2025,2,1793.79,3587.58
1995,672,13,28/02/2025,2,1979.45,3958.9
1996,671,10,17/12/2025,2,2650.82,5301.64
1997,519,113,12/06/2025,5,1511.94,7559.7
1998,43,142,01/02/2025,2,222.09,444.18
1999,975,183,12/05/2025,3,585.75,1757.25
2000,17,174,04/10/2025,3,1789.54,5368.62
2001,736,12,01/05/2025,5,1216.64,6083.2
2002,359,28,17/09/2025,1,2980.37,2980.37
2003,455,29,09/02/2025,5,39.58,197.9
2004,243,53,20/10/2025,3,2787.39,8362.17
2005,381,175,06/02/2025,4,1931.35,7725.4
2006,658,110,15/03/2025,3,2713.54,8140.62
2007,26,84,04/07/2025,5,153.74,768.7
2008,344,105,29/08/2025,3,1995.69,5987.07
2009,966,76,16/01/2025,5,286.99,1434.95
2010,165,95,29/05/2025,1,2256.06,2256.06
2011,953,39,14/01/2025,5,293.88,1469.4
2012,109,156,10/06/2025,2,256.84,513.68
2013,524,184,25/10/2025,5,1206.16,6030.8
2014,730,89,13/07/2025,2,2781.65,5563.3
2015,851,150,03/12/2025,1,338.18,338.18
2016,744,39,29/11/2025,4,293.88,1175.52
2017,81,20,17/10/2025,2,1833.07,3666.14
2018,516,148,03/08/2025,5,1340.15,6700.75
2019,552,188,28/09/2025,1,2076.06,2076.06
2020,818,14,30/08/2025,5,2995.33,14976.65
2021,676,135,14/08/2025,5,1751.47,8757.35
2022,325,69,22/10/2025,2,1686.7,3373.4
2023,301,63,05/05/2025,3,413.92,1241.76
2024,819,197,29/04/2025,3,2649.99,7949.97
2025,467,81,21/12/2025,1,2963.2,2963.2
2026,247,114,05/07/2025,4,1690.85,6763.4
2027,82,91,16/09/2025,5,929.25,4646.25
2028,79,93,06/11/2025,4,2225.24,8900.96
2029,236,115,28/04/2025,4,138.46,553.84
2030,584,33,06/05/2025,5,1677.84,8389.2
2031,796,105,07/12/2025,5,1995.69,9978.45
2032,142,156,27/05/2025,3,256.84,770.52
2033,350,81,11/02/2025,1,2963.2,2963.2
2034,419,108,17/03/2025,5,708.88,3544.4
2035,590,127,03/04/2025,2,281.63,563.26
2036,898,117,27/03/2025,1,1192.33,1192.33
2037,124,108,11/10/2025,3,708.88,2126.64
2038,729,121,06/03/2025,1,842.12,842.12
2039,891,9,13/01/2025,4,2113.6,8454.4
2040,707,43,09/03/2025,1,1475.06,1475.06
2041,528,136,05/08/2025,4,2590.51,10362.04
2042,363,33,23/12/2025,4,1677.84,6711.36
2043,571,62,02/03/2025,3,2363.38,7090.14
2044,345,87,08/11/2025,5,354.87,1774.35
2045,632,28,07/02/2025,1,2980.37,2980.37
2046,757,91,29/07/2025,4,929.25,3717.0
2047,646,116,29/05/2025,4,928.68,3714.72
2048,776,123,04/04/2025,2,2673.4,5346.8
2049,742,197,18/09/2025,5,2649.99,13249.95
2050,86,39,31/10/2025,1,293.88,293.88
2051,608,95,14/07/2025,4,2256.06,9024.24
2052,329,113,18/09/2025,2,1511.94,3023.88
2053,740,151,19/02/2025,3,98.07,294.21
2054,238,77,24/06/2025,4,1282.15,5128.6
2055,50,145,26/09/2025,5,2186.7,10933.5
2056,594,131,27/05/2025,4,475.19,1900.76
2057,331,99,02/04/2025,3,149.58,448.74
2058,977,37,18/04/2025,1,2671.08,2671.08
2059,441,133,22/10/2025,3,1358.52,4075.56
2060,901,158,20/02/2025,3,1416.92,4250.76
2061,356,73,02/03/2025,2,753.81,1507.62
2062,295,71,13/08/2025,4,604.38,2417.52
2063,230,44,13/05/2025,3,2462.16,7386.48
2064,621,193,29/04/2025,1,423.21,423.21
2065,683,72,19/02/2025,2,2991.29,5982.58
2066,212,142,28/03/2025,5,222.09,1110.45
2067,29,154,04/10/2025,1,1797.15,1797.15
2068,551,50,08/09/2025,1,1261.23,1261.23
2069,853,7,15/04/2025,3,2303.52,6910.56
2070,289,147,16/08/2025,4,2884.36,11537.44
2071,534,33,01/06/2025,4,1677.84,6711.36
2072,941,29,16/08/2025,1,39.58,39.58
2073,911,111,15/05/2025,4,2602.98,10411.92
2074,89,36,09/12/2025,3,432.46,1297.38
2075,120,91,24/04/2025,1,929.25,929.25
2076,745,20,22/03/2025,3,1833.07,5499.21
2077,520,86,21/08/2025,3,484.85,1454.55
2078,646,189,11/12/2025,5,1401.47,7007.35
2079,796,19,20/01/2025,3,2481.94,7445.82
2080,444,26,12/06/2025,5,2949.21,14746.05
2081,195,143,21/11/2025,1,2846.83,2846.83
2082,643,3,12/03/2025,2,595.5,1191.0
2083,601,97,11/12/2025,2,2091.31,4182.62
2084,201,68,19/03/2025,4,2290.86,9163.44
2085,497,48,25/05/2025,4,2767.18,11068.72
2086,135,51,22/09/2025,1,2611.96,2611.96
2087,878,186,02/01/2025,2,1394.81,2789.62
2088,445,18,13/10/2025,4,2297.27,9189.08
2089,626,54,20/01/2025,2,181.3,362.6
2090,429,177,11/11/2025,3,1381.56,4144.68
2091,390,162,01/05/2025,5,116.04,580.2
2092,654,90,29/09/2025,4,60.93,243.72
2093,673,47,29/04/2025,3,1157.01,3471.03
2094,897,75,08/09/2025,4,983.77,3935.08
2095,816,162,03/11/2025,4,116.04,464.16
2096,366,140,01/06/2025,4,1975.57,7902.28
2097,99,57,28/05/2025,1,1517.16,1517.16
2098,430,115,07/05/2025,3,138.46,415.38
2099,679,109,01/04/2025,1,1535.45,1535.45
2100,476,82,27/06/2025,1,2468.32,2468.32
2101,714,102,05/09/2025,2,828.42,1656.84
2102,861,126,30/07/2025,5,2693.58,13467.9
2103,704,61,29/05/2025,1,681.82,681.82
2104,275,130,29/07/2025,2,1263.65,2527.3
2105,63,144,14/05/2025,3,568.72,1706.16
2106,692,82,20/07/2025,4,2468.32,9873.28
2107,829,114,24/07/2025,4,1690.85,6763.4
2108,267,14,06/09/2025,3,2995.33,8985.99
2109,746,57,22/11/2025,3,1517.16,4551.48
2110,839,12,18/08/2025,3,1216.64,3649.92
2111,420,57,27/03/2025,5,1517.16,7585.8
2112,549,53,11/11/2025,1,2787.39,2787.39
2113,626,85,06/11/2025,2,615.06,1230.12
2114,553,6,14/07/2025,1,1257.25,1257.25
2115,93,200,30/06/2025,3,291.75,875.25
2116,786,197,02/02/2025,5,2649.99,13249.95
2117,671,13,18/04/2025,5,1979.45,9897.25
2118,371,138,22/03/2025,2,2730.5,5461.0
2119,859,138,28/04/2025,4,2730.5,10922.0
2120,298,42,19/06/2025,3,2382.85,7148.55
2121,424,56,08/05/2025,5,1703.44,8517.2
2122,963,4,11/01/2025,1,1718.68,1718.68
2123,774,135,14/09/2025,1,1751.47,1751.47
2124,408,125,22/03/2025,1,692.24,692.24
2125,290,78,28/04/2025,1,587.66,587.66
2126,647,198,18/01/2025,2,765.25,1530.5
2127,279,192,13/07/2025,1,2814.77,2814.77
2128,672,103,19/05/2025,2,1971.18,3942.36
2129,883,22,07/02/2025,1,2301.81,2301.81
2130,517,185,11/01/2025,4,2325.56,9302.24
2131,16,191,06/11/2025,5,357.25,1786.25
2132,942,39,29/10/2025,1,293.88,293.88
2133,812,101,07/11/2025,2,2371.78,4743.56
2134,880,80,06/08/2025,3,2313.65,6940.95
2135,525,191,04/06/2025,1,357.25,357.25
2136,281,118,21/02/2025,2,74.75,149.5
2137,271,168,30/08/2025,5,2069.83,10349.15
2138,386,75,17/02/2025,4,983.77,3935.08
2139,228,105,23/05/2025,5,1995.69,9978.45
2140,495,73,17/09/2025,5,753.81,3769.05
2141,251,98,12/09/2025,1,1142.29,1142.29
2142,746,101,07/10/2025,3,2371.78,7115.34
2143,732,28,25/04/2025,4,2980.37,11921.48
2144,592,7,29/04/2025,4,2303.52,9214.08
2145,458,95,16/10/2025,4,2256.06,9024.24
2146,112,165,20/06/2025,3,2278.17,6834.51
2147,148,162,18/02/2025,1,116.04,116.04
2148,575,44,08/09/2025,2,2462.16,4924.32
2149,608,64,14/03/2025,1,1438.05,1438.05
2150,413,158,25/09/2025,4,1416.92,5667.68
2151,741,146,31/01/2025,2,2642.79,5285.58
2152,786,127,30/07/2025,3,281.63,844.89
2153,319,190,19/03/2025,3,289.51,868.53
2154,38,83,03/11/2025,5,1877.08,9385.4
2155,417,2,20/12/2025,3,1604.35,4813.05
2156,215,194,08/09/2025,5,983.91,4919.55
2157,559,128,30/11/2025,3,1571.74,4715.22
2158,242,83,29/12/2025,4,1877.08,7508.32
2159,495,132,11/02/2025,5,2731.01,13655.05
2160,944,27,25/12/2025,4,68.58,274.32
2161,80,97,07/01/2025,2,2091.31,4182.62
2162,166,134,27/03/2025,1,636.14,636.14
2163,203,113,20/01/2025,1,1511.94,1511.94
2164,907,109,29/03/2025,4,1535.45,6141.8
2165,642,135,13/03/2025,4,1751.47,7005.88
2166,767,141,24/07/2025,4,2752.99,11011.96
2167,10,76,11/08/2025,1,286.99,286.99
2168,302,185,25/09/2025,3,2325.56,6976.68
2169,331,158,16/10/2025,3,1416.92,4250.76
2170,666,43,29/05/2025,2,1475.06,2950.12
2171,536,176,11/11/2025,2,1571.53,3143.06
2172,975,183,23/09/2025,3,585.75,1757.25
2173,620,65,25/08/2025,4,1653.49,6613.96
2174,216,85,26/03/2025,2,615.06,1230.12
2175,537,184,06/01/2025,4,1206.16,4824.64
2176,326,107,18/03/2025,2,891.64,1783.28
2177,482,18,09/06/2025,1,2297.27,2297.27
2178,719,49,22/12/2025,2,1056.83,2113.66
2179,97,138,19/06/2025,4,2730.5,10922.0
2180,97,16,28/08/2025,5,1659.24,8296.2
2181,609,41,29/06/2025,1,2208.11,2208.11
2182,652,144,26/06/2025,2,568.72,1137.44
2183,644,4,21/05/2025,2,1718.68,3437.36
2184,292,110,06/06/2025,5,2713.54,13567.7
2185,377,160,11/05/2025,4,1484.51,5938.04
2186,575,139,09/02/2025,2,2987.14,5974.28
2187,607,40,21/04/2025,1,1715.81,1715.81
2188,287,46,16/10/2025,3,131.37,394.11
2189,105,33,28/10/2025,5,1677.84,8389.2
2190,661,197,19/06/2025,4,2649.99,10599.96
2191,590,198,06/11/2025,5,765.25,3826.25
2192,284,189,09/12/2025,5,1401.47,7007.35
2193,932,122,28/03/2025,2,1884.86,3769.72
2194,3,60,16/02/2025,2,1734.26,3468.52
2195,952,158,15/03/2025,2,1416.92,2833.84
2196,169,122,15/06/2025,1,1884.86,1884.86
2197,80,14,19/09/2025,2,2995.33,5990.66
2198,827,113,07/12/2025,4,1511.94,6047.76
2199,484,84,14/09/2025,3,153.74,461.22
2200,779,31,14/10/2025,2,84.67,169.34
2201,403,97,28/12/2025,4,2091.31,8365.24
2202,486,91,25/09/2025,3,929.25,2787.75
2203,325,136,06/11/2025,1,2590.51,2590.51
2204,863,55,21/11/2025,2,142.72,285.44
2205,854,72,12/08/2025,2,2991.29,5982.58
2206,574,114,22/12/2025,4,1690.85,6763.4
2207,808,65,13/10/2025,1,1653.49,1653.49
2208,922,112,02/04/2025,3,282.3,846.9
2209,26,94,10/12/2025,4,627.33,2509.32
2210,355,187,20/04/2025,4,897.37,3589.48
2211,632,144,15/07/2025,2,568.72,1137.44
2212,384,46,11/04/2025,1,131.37,131.37
2213,453,93,10/04/2025,5,2225.24,11126.2
2214,6,151,18/06/2025,3,98.07,294.21
2215,97,95,15/09/2025,3,2256.06,6768.18
2216,944,4,20/05/2025,5,1718.68,8593.4
2217,35,166,25/11/2025,3,547.69,1643.07
2218,491,102,23/12/2025,1,828.42,828.42
2219,722,65,17/11/2025,3,1653.49,4960.47
2220,59,147,30/08/2025,1,2884.36,2884.36
2221,623,162,09/09/2025,4,116.04,464.16
2222,178,122,23/02/2025,5,1884.86,9424.3
2223,40,95,10/11/2025,1,2256.06,2256.06
2224,916,183,28/12/2025,2,585.75,1171.5
2225,754,46,12/02/2025,2,131.37,262.74
2226,430,31,16/08/2025,1,84.67,84.67
2227,653,182,10/06/2025,1,2300.18,2300.18
2228,100,140,10/04/2025,3,1975.57,5926.71
2229,671,158,20/06/2025,1,1416.92,1416.92
2230,858,173,30/12/2025,3,1842.28,5526.84
2231,174,151,22/09/2025,3,98.07,294.21
2232,15,171,02/08/2025,4,1831.63,7326.52
2233,858,171,03/02/2025,1,1831.63,1831.63
2234,198,195,17/03/2025,5,553.06,2765.3
2235,747,69,30/03/2025,1,1686.7,1686.7
2236,455,12,08/11/2025,3,1216.64,3649.92
2237,204,177,29/07/2025,5,1381.56,6907.8
2238,178,163,09/06/2025,1,2777.8,2777.8
2239,281,144,02/03/2025,3,568.72,1706.16
2240,350,120,23/12/2025,5,723.89,3619.45
2241,89,145,15/02/2025,4,2186.7,8746.8
2242,120,24,14/02/2025,2,1353.55,2707.1
2243,191,82,17/11/2025,5,2468.32,12341.6
2244,989,6,06/01/2025,2,1257.25,2514.5
2245,223,164,24/08/2025,3,683.21,2049.63
2246,84,186,07/06/2025,2,1394.81,2789.62
2247,858,175,09/03/2025,2,1931.35,3862.7
2248,318,14,28/12/2025,4,2995.33,11981.32
2249,294,46,13/03/2025,3,131.37,394.11
2250,579,81,26/04/2025,4,2963.2,11852.8
2251,856,49,13/04/2025,3,1056.83,3170.49
2252,182,76,24/12/2025,3,286.99,860.97
2253,451,68,08/09/2025,1,2290.86,2290.86
2254,364,149,28/06/2025,3,472.83,1418.49
2255,791,165,19/08/2025,5,2278.17,11390.85
2256,850,162,19/01/2025,2,116.04,232.08
2257,973,150,21/03/2025,4,338.18,1352.72
2258,551,146,26/12/2025,2,2642.79,5285.58
2259,445,89,17/04/2025,3,2781.65,8344.95
2260,351,180,10/10/2025,5,2951.82,14759.1
2261,850,191,16/02/2025,3,357.25,1071.75
2262,526,198,13/05/2025,2,765.25,1530.5
2263,224,120,17/01/2025,3,723.89,2171.67
2264,945,30,04/12/2025,5,660.17,3300.85
2265,647,48,13/03/2025,4,2767.18,11068.72
2266,479,151,10/07/2025,3,98.07,294.21
2267,578,97,18/01/2025,5,2091.31,10456.55
2268,331,180,19/11/2025,1,2951.82,2951.82
2269,368,3,04/08/2025,2,595.5,1191.0
2270,487,86,28/11/2025,3,484.85,1454.55
2271,925,26,03/07/2025,2,2949.21,5898.42
2272,314,42,07/10/2025,4,2382.85,9531.4
2273,191,193,13/08/2025,1,423.21,423.21
2274,829,158,31/10/2025,4,1416.92,5667.68
2275,590,178,24/07/2025,4,2635.78,10543.12
2276,485,63,11/07/2025,3,413.92,1241.76
2277,616,87,14/12/2025,4,354.87,1419.48
2278,411,77,30/04/2025,1,1282.15,1282.15
2279,782,130,04/08/2025,1,1263.65,1263.65
2280,437,199,23/10/2025,3,2160.76,6482.28
2281,411,152,25/03/2025,1,1858.5,1858.5
2282,525,43,02/11/2025,3,1475.06,4425.18
2283,989,179,12/04/2025,5,1565.73,7828.65
2284,975,146,08/03/2025,2,2642.79,5285.58
2285,680,86,16/02/2025,1,484.85,484.85
2286,317,197,27/06/2025,2,2649.99,5299.98
2287,470,102,24/08/2025,2,828.42,1656.84
2288,1,169,13/04/2025,2,2665.01,5330.02
2289,905,45,07/06/2025,3,1793.79,5381.37
2290,83,48,15/04/2025,2,2767.18,5534.36
2291,448,24,20/03/2025,2,1353.55,2707.1
2292,702,143,03/01/2025,3,2846.83,8540.49
2293,489,41,21/02/2025,3,2208.11,6624.33
2294,483,141,24/12/2025,4,2752.99,11011.96
2295,218,121,26/08/2025,4,842.12,3368.48
2296,724,63,18/07/2025,1,413.92,413.92
2297,132,82,24/07/2025,2,2468.32,4936.64
2298,792,84,12/12/2025,3,153.74,461.22
2299,748,109,21/07/2025,5,1535.45,7677.25
2300,547,19,08/09/2025,3,2481.94,7445.82
2301,686,190,14/01/2025,5,289.51,1447.55
2302,228,156,01/05/2025,2,256.84,513.68
2303,378,93,14/09/2025,3,2225.24,6675.72
2304,843,1,03/11/2025,5,321.65,1608.25
2305,770,102,27/11/2025,1,828.42,828.42
2306,236,36,07/04/2025,4,432.46,1729.84
2307,46,55,11/08/2025,3,142.72,428.16
2308,96,87,01/12/2025,4,354.87,1419.48
2309,185,109,26/05/2025,2,1535.45,3070.9
2310,319,100,18/01/2025,4,199.13,796.52
2311,268,108,25/03/2025,2,708.88,1417.76
2312,408,175,24/02/2025,5,1931.35,9656.75
2313,477,22,18/12/2025,3,2301.81,6905.43
2314,751,26,07/01/2025,4,2949.21,11796.84
2315,165,82,22/10/2025,2,2468.32,4936.64
2316,520,99,06/01/2025,4,149.58,598.32
2317,498,168,05/08/2025,4,2069.83,8279.32
2318,790,14,06/08/2025,3,2995.33,8985.99
2319,265,190,06/11/2025,1,289.51,289.51
2320,827,116,10/07/2025,5,928.68,4643.4
2321,800,122,01/10/2025,3,1884.86,5654.58
2322,996,94,02/04/2025,1,627.33,627.33
2323,435,137,12/12/2025,4,2071.83,8287.32
2324,82,39,22/06/2025,1,293.88,293.88
2325,971,182,13/05/2025,5,2300.18,11500.9
2326,203,132,21/08/2025,5,2731.01,13655.05
2327,446,13,25/05/2025,4,1979.45,7917.8
2328,41,32,24/08/2025,4,2758.95,11035.8
2329,376,13,18/12/2025,5,1979.45,9897.25
2330,379,65,22/06/2025,4,1653.49,6613.96
2331,692,76,05/10/2025,1,286.99,286.99
2332,274,46,02/07/2025,3,131.37,394.11
2333,428,5,16/06/2025,4,1684.1,6736.4
2334,305,163,02/11/2025,1,2777.8,2777.8
2335,115,92,30/09/2025,1,87.79,87.79
2336,757,102,31/03/2025,2,828.42,1656.84
2337,87,137,06/03/2025,1,2071.83,2071.83
2338,745,38,09/08/2025,4,714.32,2857.28
2339,915,71,23/08/2025,3,604.38,1813.14
2340,706,159,26/09/2025,2,568.25,1136.5
2341,583,118,09/02/2025,1,74.75,74.75
2342,335,96,17/03/2025,1,1459.42,1459.42
2343,624,186,15/07/2025,1,1394.81,1394.81
2344,525,186,22/06/2025,1,1394.81,1394.81
2345,950,164,05/08/2025,3,683.21,2049.63
2346,411,6,12/05/2025,2,1257.25,2514.5
2347,739,168,10/08/2025,1,2069.83,2069.83
2348,989,30,20/10/2025,2,660.17,1320.34
2349,268,78,21/09/2025,5,587.66,2938.3
2350,553,63,11/07/2025,1,413.92,413.92
2351,588,122,12/08/2025,2,1884.86,3769.72
2352,282,192,22/05/2025,2,2814.77,5629.54
2353,514,172,06/11/2025,1,2166.2,2166.2
2354,409,47,20/05/2025,3,1157.01,3471.03
2355,6,105,10/01/2025,2,1995.69,3991.38
2356,801,107,21/05/2025,2,891.64,1783.28
2357,274,119,22/11/2025,5,1079.03,5395.15
2358,326,25,26/04/2025,2,20.58,41.16
2359,19,182,24/04/2025,3,2300.18,6900.54
2360,66,157,31/12/2025,3,419.58,1258.74
2361,624,118,04/08/2025,5,74.75,373.75
2362,651,153,05/10/2025,3,1709.79,5129.37
2363,399,122,07/01/2025,5,1884.86,9424.3
2364,352,88,27/06/2025,3,744.28,2232.84
2365,843,114,25/08/2025,2,1690.85,3381.7
2366,875,191,18/04/2025,4,357.25,1429.0
2367,546,179,11/12/2025,2,1565.73,3131.46
2368,400,66,17/01/2025,4,273.54,1094.16
2369,677,147,20/11/2025,1,2884.36,2884.36
2370,499,144,12/02/2025,3,568.72,1706.16
2371,213,192,09/07/2025,5,2814.77,14073.85
2372,312,75,20/08/2025,3,983.77,2951.31
2373,691,120,21/03/2025,1,723.89,723.89
2374,640,150,16/11/2025,2,338.18,676.36
2375,361,145,01/08/2025,4,2186.7,8746.8
2376,784,6,12/10/2025,3,1257.25,3771.75
2377,762,126,12/07/2025,2,2693.58,5387.16
2378,944,138,13/07/2025,2,2730.5,5461.0
2379,622,32,22/07/2025,1,2758.95,2758.95
2380,224,55,20/10/2025,1,142.72,142.72
2381,297,46,25/07/2025,2,131.37,262.74
2382,564,105,22/04/2025,3,1995.69,5987.07
2383,429,154,13/06/2025,3,1797.15,5391.45
2384,789,93,07/12/2025,1,2225.24,2225.24
2385,906,176,15/09/2025,3,1571.53,4714.59
2386,549,137,26/04/2025,4,2071.83,8287.32
2387,880,104,26/08/2025,4,218.46,873.84
2388,294,116,01/04/2025,2,928.68,1857.36
2389,410,74,30/09/2025,1,813.45,813.45
2390,850,86,02/12/2025,4,484.85,1939.4
2391,177,175,16/07/2025,1,1931.35,1931.35
2392,595,168,03/08/2025,4,2069.83,8279.32
2393,421,49,13/11/2025,1,1056.83,1056.83
2394,230,36,14/11/2025,5,432.46,2162.3
2395,516,21,20/10/2025,5,1645.97,8229.85
2396,750,105,16/06/2025,1,1995.69,1995.69
2397,625,64,19/10/2025,2,1438.05,2876.1
2398,641,121,09/07/2025,1,842.12,842.12
2399,24,191,01/12/2025,5,357.25,1786.25
2400,399,142,09/04/2025,5,222.09,1110.45
2401,871,42,08/07/2025,4,2382.85,9531.4
2402,741,62,30/08/2025,2,2363.38,4726.76
2403,960,183,15/06/2025,2,585.75,1171.5
2404,136,76,16/01/2025,1,286.99,286.99
2405,212,148,24/08/2025,4,1340.15,5360.6
2406,251,176,16/08/2025,5,1571.53,7857.65
2407,248,46,14/09/2025,4,131.37,525.48
2408,657,29,19/06/2025,5,39.58,197.9
2409,894,41,25/08/2025,2,2208.11,4416.22
2410,740,18,17/01/2025,1,2297.27,2297.27
2411,699,174,24/09/2025,4,1789.54,7158.16
2412,482,99,02/08/2025,1,149.58,149.58
2413,981,67,03/03/2025,5,1314.78,6573.9
2414,733,199,28/11/2025,5,2160.76,10803.8
2415,547,183,13/08/2025,1,585.75,585.75
2416,493,186,30/05/2025,1,1394.81,1394.81
2417,832,102,06/07/2025,1,828.42,828.42
2418,410,184,19/11/2025,5,1206.16,6030.8
2419,666,113,05/03/2025,4,1511.94,6047.76
2420,107,38,24/10/2025,3,714.32,2142.96
2421,772,29,07/07/2025,2,39.58,79.16
2422,423,169,14/03/2025,3,2665.01,7995.03
2423,935,63,18/04/2025,4,413.92,1655.68
2424,271,25,25/11/2025,3,20.58,61.74
2425,711,19,30/12/2025,4,2481.94,9927.76
2426,504,193,14/05/2025,2,423.21,846.42
2427,351,76,19/06/2025,4,286.99,1147.96
2428,807,116,18/10/2025,3,928.68,2786.04
2429,282,153,13/03/2025,1,1709.79,1709.79
2430,152,134,14/01/2025,3,636.14,1908.42
2431,227,95,05/07/2025,5,2256.06,11280.3
2432,731,75,23/03/2025,3,983.77,2951.31
2433,582,163,01/09/2025,3,2777.8,8333.4
2434,731,113,21/03/2025,3,1511.94,4535.82
2435,762,178,17/03/2025,2,2635.78,5271.56
2436,623,75,12/05/2025,4,983.77,3935.08
2437,653,59,19/04/2025,1,2913.7,2913.7
2438,598,78,27/10/2025,2,587.66,1175.32
2439,13,67,18/09/2025,3,1314.78,3944.34
2440,764,133,02/09/2025,4,1358.52,5434.08
2441,634,44,26/11/2025,3,2462.16,7386.48
2442,160,151,10/06/2025,5,98.07,490.35
2443,536,96,06/09/2025,4,1459.42,5837.68
2444,664,44,04/09/2025,5,2462.16,12310.8
2445,180,124,08/01/2025,4,2833.53,11334.12
2446,685,17,26/04/2025,3,2537.66,7612.98
2447,317,53,18/03/2025,2,2787.39,5574.78
2448,285,156,29/11/2025,1,256.84,256.84
2449,202,92,24/08/2025,4,87.79,351.16
2450,584,164,26/09/2025,1,683.21,683.21
2451,920,59,06/07/2025,2,2913.7,5827.4
2452,681,9,17/11/2025,4,2113.6,8454.4
2453,102,85,04/02/2025,5,615.06,3075.3
2454,278,142,03/10/2025,5,222.09,1110.45
2455,894,21,17/08/2025,1,1645.97,1645.97
2456,581,134,06/05/2025,2,636.14,1272.28
2457,263,190,20/12/2025,2,289.51,579.02
2458,959,167,27/04/2025,2,2604.04,5208.08
2459,707,184,01/04/2025,4,1206.16,4824.64
2460,42,156,10/10/2025,3,256.84,770.52
2461,285,24,02/02/2025,2,1353.55,2707.1
2462,928,34,05/06/2025,5,481.05,2405.25
2463,63,54,05/05/2025,2,181.3,362.6
2464,600,195,02/09/2025,5,553.06,2765.3
2465,476,26,27/01/2025,5,2949.21,14746.05
2466,327,163,11/04/2025,1,2777.8,2777.8
2467,490,30,12/02/2025,4,660.17,2640.68
2468,488,51,05/10/2025,1,2611.96,2611.96
2469,604,56,07/09/2025,5,1703.44,8517.2
2470,308,146,25/10/2025,1,2642.79,2642.79
2471,441,29,26/11/2025,4,39.58,158.32
2472,200,151,22/08/2025,5,98.07,490.35
2473,1,65,04/11/2025,4,1653.49,6613.96
2474,278,127,18/06/2025,2,281.63,563.26
2475,520,124,26/05/2025,5,2833.53,14167.65
2476,975,166,16/05/2025,3,547.69,1643.07
2477,889,137,24/06/2025,2,2071.83,4143.66
2478,282,174,15/09/2025,5,1789.54,8947.7
2479,317,161,27/02/2025,4,508.08,2032.32
2480,775,47,04/01/2025,4,1157.01,4628.04
2481,327,131,11/09/2025,4,475.19,1900.76
2482,168,46,10/08/2025,1,131.37,131.37
2483,690,78,15/08/2025,1,587.66,587.66
2484,351,164,04/04/2025,5,683.21,3416.05
2485,199,200,29/04/2025,1,291.75,291.75
2486,219,79,06/06/2025,5,1789.75,8948.75
2487,328,197,30/08/2025,5,2649.99,13249.95
2488,106,176,09/11/2025,3,1571.53,4714.59
2489,216,147,15/06/2025,2,2884.36,5768.72
2490,161,50,29/03/2025,4,1261.23,5044.92
2491,873,41,06/12/2025,5,2208.11,11040.55
2492,161,84,31/08/2025,5,153.74,768.7
2493,670,153,18/05/2025,4,1709.79,6839.16
2494,235,68,05/06/2025,4,2290.86,9163.44
2495,380,38,20/06/2025,3,714.32,2142.96
2496,745,91,19/08/2025,3,929.25,2787.75
2497,316,109,21/07/2025,5,1535.45,7677.25
2498,781,107,26/07/2025,1,891.64,891.64
2499,57,105,27/11/2025,3,1995.69,5987.07
2500,825,36,21/05/2025,4,432.46,1729.84
2501,20,181,17/04/2025,2,1681.95,3363.9
2502,678,184,31/05/2025,3,1206.16,3618.48
2503,853,96,14/06/2025,1,1459.42,1459.42
2504,438,98,13/10/2025,3,1142.29,3426.87
2505,574,190,21/04/2025,2,289.51,579.02
2506,633,129,21/05/2025,4,2620.65,10482.6
2507,110,20,24/03/2025,2,1833.07,3666.14
2508,334,186,31/10/2025,4,1394.81,5579.24
2509,482,12,19/12/2025,4,1216.64,4866.56
2510,983,181,08/05/2025,4,1681.95,6727.8
2511,287,156,12/07/2025,5,256.84,1284.2
2512,61,26,24/11/2025,1,2949.21,2949.21
2513,351,71,09/07/2025,5,604.38,3021.9
2514,449,73,30/08/2025,1,753.81,753.81
2515,138,192,16/06/2025,1,2814.77,2814.77
2516,794,188,19/03/2025,4,2076.06,8304.24
2517,895,39,03/06/2025,5,293.88,1469.4
2518,588,52,15/02/2025,5,2248.08,11240.4
2519,449,63,21/10/2025,3,413.92,1241.76
2520,560,196,13/10/2025,3,2691.92,8075.76
2521,544,75,13/03/2025,1,983.77,983.77
2522,791,198,25/12/2025,1,765.25,765.25
2523,729,190,04/07/2025,3,289.51,868.53
2524,927,198,20/04/2025,4,765.25,3061.0
2525,189,83,27/04/2025,4,1877.08,7508.32
2526,472,93,12/04/2025,3,2225.24,6675.72
2527,694,181,11/05/2025,3,1681.95,5045.85
2528,619,192,13/03/2025,1,2814.77,2814.77
2529,123,165,07/08/2025,4,2278.17,9112.68
2530,406,125,28/09/2025,1,692.24,692.24
2531,62,132,09/01/2025,3,2731.01,8193.03
2532,580,112,16/09/2025,1,282.3,282.3
2533,895,84,09/09/2025,5,153.74,768.7
2534,290,148,21/11/2025,3,1340.15,4020.45
2535,69,189,17/10/2025,1,1401.47,1401.47
2536,95,143,30/09/2025,1,2846.83,2846.83
2537,163,132,21/10/2025,1,2731.01,2731.01
2538,945,120,29/11/2025,5,723.89,3619.45
2539,196,193,17/12/2025,1,423.21,423.21
2540,442,71,20/08/2025,4,604.38,2417.52
2541,911,190,30/11/2025,2,289.51,579.02
2542,339,19,28/11/2025,2,2481.94,4963.88
2543,590,87,28/09/2025,4,354.87,1419.48
2544,800,178,11/01/2025,4,2635.78,10543.12
2545,412,148,04/01/2025,3,1340.15,4020.45
2546,639,100,05/01/2025,1,199.13,199.13
2547,231,83,19/03/2025,4,1877.08,7508.32
2548,266,58,12/12/2025,5,476.53,2382.65
2549,787,84,23/08/2025,5,153.74,768.7
2550,670,171,22/10/2025,2,1831.63,3663.26
2551,948,91,20/03/2025,5,929.25,4646.25
2552,194,198,16/04/2025,2,765.25,1530.5
2553,316,47,14/01/2025,1,1157.01,1157.01
2554,547,155,07/03/2025,1,2068.39,2068.39
2555,554,90,17/06/2025,1,60.93,60.93
2556,892,81,03/12/2025,2,2963.2,5926.4
2557,214,52,25/03/2025,3,2248.08,6744.24
2558,435,70,22/04/2025,2,1198.05,2396.1
2559,791,91,12/03/2025,1,929.25,929.25
2560,899,113,12/07/2025,1,1511.94,1511.94
2561,27,114,14/07/2025,2,1690.85,3381.7
2562,51,115,24/07/2025,4,138.46,553.84
2563,204,53,30/10/2025,4,2787.39,11149.56
2564,835,32,31/03/2025,1,2758.95,2758.95
2565,519,149,04/03/2025,5,472.83,2364.15
2566,167,194,03/03/2025,2,983.91,1967.82
2567,964,126,03/07/2025,5,2693.58,13467.9
2568,768,82,08/04/2025,4,2468.32,9873.28
2569,216,24,04/07/2025,5,1353.55,6767.75
2570,490,66,27/02/2025,5,273.54,1367.7
2571,968,117,04/01/2025,1,1192.33,1192.33
2572,390,108,21/02/2025,4,708.88,2835.52
2573,364,93,03/02/2025,3,2225.24,6675.72
2574,445,167,28/04/2025,3,2604.04,7812.12
2575,719,22,30/08/2025,4,2301.81,9207.24
2576,17,71,24/01/2025,3,604.38,1813.14
2577,145,64,17/10/2025,2,1438.05,2876.1
2578,10,33,21/03/2025,5,1677.84,8389.2
2579,144,178,20/01/2025,4,2635.78,10543.12
2580,63,153,05/12/2025,2,1709.79,3419.58
2581,301,96,01/08/2025,5,1459.42,7297.1
2582,844,41,30/03/2025,4,2208.11,8832.44
2583,179,133,09/12/2025,2,1358.52,2717.04
2584,186,94,25/03/2025,1,627.33,627.33
2585,31,128,06/06/2025,2,1571.74,3143.48
2586,414,161,16/05/2025,3,508.08,1524.24
2587,637,83,14/01/2025,1,1877.08,1877.08
2588,340,8,18/01/2025,4,1086.73,4346.92
2589,753,37,24/01/2025,4,2671.08,10684.32
2590,553,97,26/09/2025,5,2091.31,10456.55
2591,174,41,08/01/2025,1,2208.11,2208.11
2592,358,58,03/08/2025,1,476.53,476.53
2593,68,29,26/08/2025,4,39.58,158.32
2594,426,138,10/03/2025,4,2730.5,10922.0
2595,878,155,09/06/2025,1,2068.39,2068.39
2596,488,121,07/03/2025,3,842.12,2526.36
2597,331,169,07/07/2025,5,2665.01,13325.05
2598,980,158,02/09/2025,1,1416.92,1416.92
2599,505,192,11/04/2025,5,2814.77,14073.85
2600,129,57,08/03/2025,5,1517.16,7585.8
2601,825,37,04/12/2025,2,2671.08,5342.16
2602,85,191,26/07/2025,1,357.25,357.25
2603,290,158,08/05/2025,1,1416.92,1416.92
2604,232,65,04/12/2025,2,1653.49,3306.98
2605,309,85,09/12/2025,4,615.06,2460.24
2606,605,134,23/10/2025,5,636.14,3180.7
2607,905,69,17/06/2025,2,1686.7,3373.4
2608,433,96,24/10/2025,2,1459.42,2918.84
2609,755,9,20/11/2025,4,2113.6,8454.4
2610,50,51,08/01/2025,2,2611.96,5223.92
2611,147,163,02/05/2025,1,2777.8,2777.8
2612,166,102,06/01/2025,3,828.42,2485.26
2613,586,124,26/06/2025,4,2833.53,11334.12
2614,193,161,27/07/2025,5,508.08,2540.4
2615,463,55,15/11/2025,4,142.72,570.88
2616,270,140,02/03/2025,4,1975.57,7902.28
2617,763,72,22/06/2025,5,2991.29,14956.45
2618,346,48,24/06/2025,3,2767.18,8301.54
2619,827,125,22/08/2025,5,692.24,3461.2
2620,680,25,23/09/2025,3,20.58,61.74
2621,270,17,07/08/2025,3,2537.66,7612.98
2622,658,7,06/03/2025,5,2303.52,11517.6
2623,97,59,26/02/2025,4,2913.7,11654.8
2624,124,141,06/03/2025,3,2752.99,8258.97
2625,895,89,20/08/2025,3,2781.65,8344.95
2626,447,142,16/09/2025,1,222.09,222.09
2627,187,102,10/04/2025,5,828.42,4142.1
2628,146,175,09/01/2025,2,1931.35,3862.7
2629,204,188,27/09/2025,3,2076.06,6228.18
2630,616,200,16/10/2025,2,291.75,583.5
2631,881,136,25/01/2025,5,2590.51,12952.55
2632,820,137,04/10/2025,3,2071.83,6215.49
2633,236,178,27/03/2025,5,2635.78,13178.9
2634,384,41,15/12/2025,1,2208.11,2208.11
2635,170,163,26/04/2025,5,2777.8,13889.0
2636,864,193,04/10/2025,2,423.21,846.42
2637,965,157,14/04/2025,4,419.58,1678.32
2638,286,13,01/06/2025,4,1979.45,7917.8
2639,400,134,01/09/2025,4,636.14,2544.56
2640,480,83,03/06/2025,2,1877.08,3754.16
2641,1,20,29/12/2025,3,1833.07,5499.21
2642,570,172,17/04/2025,3,2166.2,6498.6
2643,946,188,01/11/2025,5,2076.06,10380.3
2644,983,18,30/07/2025,1,2297.27,2297.27
2645,144,37,24/03/2025,4,2671.08,10684.32
2646,783,63,23/03/2025,4,413.92,1655.68
2647,662,108,30/10/2025,4,708.88,2835.52
2648,199,64,06/02/2025,3,1438.05,4314.15
2649,232,71,25/07/2025,2,604.38,1208.76
2650,127,186,11/12/2025,5,1394.81,6974.05
2651,156,53,14/03/2025,4,2787.39,11149.56
2652,689,71,06/01/2025,3,604.38,1813.14
2653,653,31,09/06/2025,5,84.67,423.35
2654,537,27,30/08/2025,5,68.58,342.9
2655,238,170,02/06/2025,4,1226.5,4906.0
2656,842,32,09/11/2025,5,2758.95,13794.75
2657,466,40,24/06/2025,1,1715.81,1715.81
2658,897,70,15/07/2025,1,1198.05,1198.05
2659,859,66,17/11/2025,1,273.54,273.54
2660,478,110,28/03/2025,5,2713.54,13567.7
2661,898,182,30/05/2025,4,2300.18,9200.72
2662,231,134,15/02/2025,1,636.14,636.14
2663,750,155,05/07/2025,5,2068.39,10341.95
2664,248,171,26/12/2025,4,1831.63,7326.52
2665,987,111,30/01/2025,4,2602.98,10411.92
2666,654,27,22/05/2025,3,68.58,205.74
2667,927,65,18/06/2025,5,1653.49,8267.45
2668,430,171,02/07/2025,3,1831.63,5494.89
2669,86,4,06/09/2025,1,1718.68,1718.68
2670,249,150,24/04/2025,4,338.18,1352.72
2671,606,112,23/02/2025,3,282.3,846.9
2672,800,182,15/10/2025,4,2300.18,9200.72
2673,622,145,07/11/2025,4,2186.7,8746.8
2674,532,171,22/01/2025,4,1831.63,7326.52
2675,617,28,26/11/2025,5,2980.37,14901.85
2676,977,26,18/02/2025,5,2949.21,14746.05
2677,121,196,04/07/2025,2,2691.92,5383.84
2678,595,173,04/08/2025,5,1842.28,9211.4
2679,835,101,27/06/2025,1,2371.78,2371.78
2680,663,113,21/10/2025,4,1511.94,6047.76
2681,885,134,24/07/2025,1,636.14,636.14
2682,833,161,09/12/2025,4,508.08,2032.32
2683,930,7,18/10/2025,2,2303.52,4607.04
2684,186,7,20/02/2025,3,2303.52,6910.56
2685,300,106,22/08/2025,1,2595.56,2595.56
2686,870,65,16/12/2025,3,1653.49,4960.47
2687,353,91,22/05/2025,2,929.25,1858.5
2688,457,13,23/08/2025,3,1979.45,5938.35
2689,716,163,24/03/2025,3,2777.8,8333.4
2690,215,143,28/11/2025,5,2846.83,14234.15
2691,330,190,28/06/2025,4,289.51,1158.04
2692,800,45,15/02/2025,4,1793.79,7175.16
2693,342,91,03/10/2025,5,929.25,4646.25
2694,758,59,06/06/2025,3,2913.7,8741.1
2695,104,185,24/11/2025,1,2325.56,2325.56
2696,416,81,12/09/2025,5,2963.2,14816.0
2697,655,48,14/04/2025,4,2767.18,11068.72
2698,272,182,29/06/2025,4,2300.18,9200.72
2699,346,113,23/03/2025,3,1511.94,4535.82
2700,983,44,09/01/2025,3,2462.16,7386.48
2701,115,49,08/06/2025,5,1056.83,5284.15
2702,931,130,01/06/2025,5,1263.65,6318.25
2703,775,144,02/04/2025,5,568.72,2843.6
2704,408,159,12/04/2025,1,568.25,568.25
2705,96,24,06/12/2025,5,1353.55,6767.75
2706,415,68,24/06/2025,2,2290.86,4581.72
2707,546,91,10/03/2025,4,929.25,3717.0
2708,944,99,31/05/2025,1,149.58,149.58
2709,629,146,15/06/2025,1,2642.79,2642.79
2710,231,114,06/05/2025,1,1690.85,1690.85
2711,562,40,14/01/2025,3,1715.81,5147.43
2712,507,58,06/05/2025,2,476.53,953.06
2713,897,58,28/11/2025,4,476.53,1906.12
2714,832,56,07/01/2025,2,1703.44,3406.88
2715,304,63,10/11/2025,1,413.92,413.92
2716,495,113,12/10/2025,4,1511.94,6047.76
2717,565,146,31/07/2025,2,2642.79,5285.58
2718,191,133,24/07/2025,5,1358.52,6792.6
2719,643,148,14/05/2025,4,1340.15,5360.6
2720,724,94,09/08/2025,3,627.33,1881.99
2721,380,94,13/06/2025,2,627.33,1254.66
2722,554,92,21/12/2025,1,87.79,87.79
2723,138,83,03/10/2025,2,1877.08,3754.16
2724,593,33,17/09/2025,1,1677.84,1677.84
2725,726,122,10/06/2025,5,1884.86,9424.3
2726,108,155,28/06/2025,2,2068.39,4136.78
2727,735,180,25/04/2025,5,2951.82,14759.1
2728,477,69,28/01/2025,5,1686.7,8433.5
2729,472,159,12/09/2025,4,568.25,2273.0
2730,606,112,29/03/2025,1,282.3,282.3
2731,23,144,14/10/2025,4,568.72,2274.88
2732,666,15,02/09/2025,3,2801.89,8405.67
2733,889,181,02/02/2025,2,1681.95,3363.9
2734,699,91,22/05/2025,1,929.25,929.25
2735,584,65,03/11/2025,1,1653.49,1653.49
2736,503,111,22/07/2025,2,2602.98,5205.96
2737,221,170,08/06/2025,4,1226.5,4906.0
2738,552,179,19/06/2025,3,1565.73,4697.19
2739,239,146,28/07/2025,5,2642.79,13213.95
2740,148,197,15/12/2025,5,2649.99,13249.95
2741,601,81,09/11/2025,1,2963.2,2963.2
2742,55,183,28/10/2025,3,585.75,1757.25
2743,123,199,11/11/2025,1,2160.76,2160.76
2744,66,136,24/03/2025,4,2590.51,10362.04
2745,751,50,04/11/2025,2,1261.23,2522.46
2746,793,195,03/04/2025,2,553.06,1106.12
2747,31,167,03/03/2025,4,2604.04,10416.16
2748,340,23,26/07/2025,1,1092.83,1092.83
2749,588,180,28/07/2025,4,2951.82,11807.28
2750,391,179,12/03/2025,4,1565.73,6262.92
2751,868,88,19/02/2025,2,744.28,1488.56
2752,319,91,29/12/2025,2,929.25,1858.5
2753,441,65,16/02/2025,4,1653.49,6613.96
2754,189,67,13/04/2025,4,1314.78,5259.12
2755,233,90,23/06/2025,1,60.93,60.93
2756,463,193,26/09/2025,1,423.21,423.21
2757,264,6,01/02/2025,5,1257.25,6286.25
2758,571,16,18/02/2025,3,1659.24,4977.72
2759,173,1,07/01/2025,5,321.65,1608.25
2760,5,84,06/06/2025,4,153.74,614.96
2761,29,146,11/07/2025,5,2642.79,13213.95
2762,880,18,07/04/2025,2,2297.27,4594.54
2763,652,159,04/04/2025,4,568.25,2273.0
2764,549,56,19/02/2025,3,1703.44,5110.32
2765,894,175,04/11/2025,2,1931.35,3862.7
2766,384,147,14/08/2025,2,2884.36,5768.72
2767,724,198,17/09/2025,2,765.25,1530.5
2768,153,114,15/11/2025,1,1690.85,1690.85
2769,40,138,09/06/2025,1,2730.5,2730.5
2770,958,75,28/06/2025,1,983.77,983.77
2771,700,47,23/09/2025,5,1157.01,5785.05
2772,172,26,09/04/2025,4,2949.21,11796.84
2773,618,40,22/06/2025,5,1715.81,8579.05
2774,961,117,19/07/2025,5,1192.33,5961.65
2775,803,115,09/12/2025,1,138.46,138.46
2776,568,17,07/05/2025,3,2537.66,7612.98
2777,375,37,09/09/2025,2,2671.08,5342.16
2778,193,104,03/07/2025,1,218.46,218.46
2779,61,123,20/02/2025,5,2673.4,13367.0
2780,869,134,06/12/2025,1,636.14,636.14
2781,671,83,16/10/2025,5,1877.08,9385.4
2782,589,180,25/09/2025,5,2951.82,14759.1
2783,404,194,26/11/2025,5,983.91,4919.55
2784,206,73,11/03/2025,3,753.81,2261.43
2785,459,196,30/05/2025,2,2691.92,5383.84
2786,967,161,26/07/2025,4,508.08,2032.32
2787,446,97,09/09/2025,1,2091.31,2091.31
2788,25,126,14/06/2025,1,2693.58,2693.58
2789,575,124,19/07/2025,5,2833.53,14167.65
2790,314,128,17/12/2025,3,1571.74,4715.22
2791,716,15,22/01/2025,5,2801.89,14009.45
2792,193,23,28/10/2025,3,1092.83,3278.49
2793,766,147,30/03/2025,5,2884.36,14421.8
2794,657,81,01/10/2025,1,2963.2,2963.2
2795,29,13,17/07/2025,3,1979.45,5938.35
2796,193,91,27/01/2025,5,929.25,4646.25
2797,844,176,18/09/2025,4,1571.53,6286.12
2798,537,46,09/07/2025,5,131.37,656.85
2799,698,179,20/04/2025,1,1565.73,1565.73
2800,102,118,24/04/2025,2,74.75,149.5
2801,730,82,15/04/2025,1,2468.32,2468.32
2802,508,53,24/11/2025,5,2787.39,13936.95
2803,628,4,15/07/2025,1,1718.68,1718.68
2804,211,177,29/05/2025,1,1381.56,1381.56
2805,5,62,01/04/2025,3,2363.38,7090.14
2806,400,59,25/07/2025,3,2913.7,8741.1
2807,46,40,03/11/2025,2,1715.81,3431.62
2808,253,160,05/08/2025,3,1484.51,4453.53
2809,697,147,15/04/2025,3,2884.36,8653.08
2810,963,168,29/07/2025,3,2069.83,6209.49
2811,707,3,31/07/2025,4,595.5,2382.0
2812,387,72,07/09/2025,2,2991.29,5982.58
2813,260,154,17/11/2025,1,1797.15,1797.15
2814,710,102,23/12/2025,1,828.42,828.42
2815,786,115,06/12/2025,2,138.46,276.92
2816,707,58,23/11/2025,1,476.53,476.53
2817,118,30,08/09/2025,2,660.17,1320.34
2818,69,47,17/06/2025,5,1157.01,5785.05
2819,172,190,15/12/2025,3,289.51,868.53
2820,733,178,26/05/2025,4,2635.78,10543.12
2821,550,74,19/10/2025,3,813.45,2440.35
2822,268,28,22/07/2025,1,2980.37,2980.37
2823,843,52,12/10/2025,1,2248.08,2248.08
2824,867,128,07/03/2025,2,1571.74,3143.48
2825,531,10,03/09/2025,4,2650.82,10603.28
2826,112,29,20/01/2025,2,39.58,79.16
2827,854,100,12/02/2025,2,199.13,398.26
2828,781,178,04/05/2025,1,2635.78,2635.78
2829,447,158,13/08/2025,3,1416.92,4250.76
2830,757,37,02/11/2025,4,2671.08,10684.32
2831,788,11,07/04/2025,5,-50.0,-250.0
2832,787,54,23/01/2025,3,181.3,543.9
2833,583,4,24/06/2025,2,1718.68,3437.36
2834,881,65,29/06/2025,2,1653.49,3306.98
2835,474,52,20/07/2025,1,2248.08,2248.08
2836,390,40,16/09/2025,3,1715.81,5147.43
2837,66,58,18/11/2025,2,476.53,953.06
2838,200,86,13/01/2025,4,484.85,1939.4
2839,893,113,06/05/2025,1,1511.94,1511.94
2840,617,136,13/10/2025,3,2590.51,7771.53
2841,165,37,12/06/2025,5,2671.08,13355.4
2842,59,29,29/07/2025,1,39.58,39.58
2843,531,137,13/11/2025,1,2071.83,2071.83
2844,738,44,09/07/2025,3,2462.16,7386.48
2845,40,37,17/12/2025,1,2671.08,2671.08
2846,240,2,02/01/2025,4,1604.35,6417.4
2847,577,15,18/10/2025,4,2801.89,11207.56
2848,123,58,16/10/2025,1,476.53,476.53
2849,559,19,29/11/2025,1,2481.94,2481.94
2850,844,122,27/11/2025,5,1884.86,9424.3
2851,396,73,18/07/2025,5,753.81,3769.05
2852,461,192,16/12/2025,2,2814.77,5629.54
2853,503,157,26/06/2025,3,419.58,1258.74
2854,652,117,20/03/2025,4,1192.33,4769.32
2855,466,138,25/04/2025,3,2730.5,8191.5
2856,148,74,18/07/2025,2,813.45,1626.9
2857,264,42,11/01/2025,3,2382.85,7148.55
2858,443,77,22/01/2025,2,1282.15,2564.3
2859,471,106,27/04/2025,5,2595.56,12977.8
2860,412,33,17/04/2025,3,1677.84,5033.52
2861,965,104,02/08/2025,4,218.46,873.84
2862,472,188,16/08/2025,4,2076.06,8304.24
2863,976,100,06/07/2025,4,199.13,796.52
2864,346,84,10/03/2025,4,153.74,614.96
2865,741,136,06/05/2025,2,2590.51,5181.02
2866,223,183,19/10/2025,2,585.75,1171.5
2867,200,187,06/07/2025,5,897.37,4486.85
2868,922,119,29/07/2025,5,1079.03,5395.15
2869,384,165,20/04/2025,3,2278.17,6834.51
2870,403,37,25/02/2025,4,2671.08,10684.32
2871,556,167,03/06/2025,4,2604.04,10416.16
2872,927,199,31/07/2025,5,2160.76,10803.8
2873,53,52,22/06/2025,2,2248.08,4496.16
2874,565,41,22/09/2025,4,2208.11,8832.44
2875,443,47,13/01/2025,4,1157.01,4628.04
2876,711,53,18/10/2025,4,2787.39,11149.56
2877,684,45,15/12/2025,3,1793.79,5381.37
2878,577,197,25/11/2025,2,2649.99,5299.98
2879,412,148,19/03/2025,2,1340.15,2680.3
2880,422,82,06/05/2025,4,2468.32,9873.28
2881,889,190,07/09/2025,2,289.51,579.02
2882,324,157,29/09/2025,5,419.58,2097.9
2883,753,161,13/12/2025,1,508.08,508.08
2884,100,17,11/01/2025,1,2537.66,2537.66
2885,9,14,16/02/2025,3,2995.33,8985.99
2886,321,92,19/03/2025,2,87.79,175.58
2887,981,55,03/02/2025,3,142.72,428.16
2888,372,160,26/10/2025,3,1484.51,4453.53
2889,927,115,23/06/2025,4,138.46,553.84
2890,721,45,05/06/2025,3,1793.79,5381.37
2891,104,144,19/03/2025,2,568.72,1137.44
2892,168,107,30/09/2025,1,891.64,891.64
2893,933,159,23/03/2025,4,568.25,2273.0
2894,576,142,25/12/2025,4,222.09,888.36
2895,288,177,28/02/2025,2,1381.56,2763.12
2896,680,38,19/02/2025,4,714.32,2857.28
2897,774,11,15/07/2025,2,-50.0,-100.0
2898,485,98,29/03/2025,4,1142.29,4569.16
2899,786,6,19/12/2025,5,1257.25,6286.25
2900,838,93,27/10/2025,4,2225.24,8900.96
2901,586,47,11/01/2025,4,1157.01,4628.04
2902,994,126,26/06/2025,5,2693.58,13467.9
2903,907,87,09/07/2025,1,354.87,354.87
2904,71,46,16/11/2025,2,131.37,262.74
2905,308,174,18/03/2025,4,1789.54,7158.16
2906,114,172,21/11/2025,2,2166.2,4332.4
2907,329,75,01/07/2025,1,983.77,983.77
2908,618,127,15/11/2025,1,281.63,281.63
2909,913,152,28/03/2025,4,1858.5,7434.0
2910,374,65,20/09/2025,2,1653.49,3306.98
2911,287,134,08/09/2025,1,636.14,636.14
2912,327,43,29/11/2025,1,1475.06,1475.06
2913,245,180,15/05/2025,3,2951.82,8855.46
2914,460,111,21/01/2025,3,2602.98,7808.94
2915,280,192,04/12/2025,4,2814.77,11259.08
2916,83,86,17/01/2025,5,484.85,2424.25
2917,134,160,21/10/2025,1,1484.51,1484.51
2918,20,78,13/04/2025,4,587.66,2350.64
2919,927,121,18/07/2025,4,842.12,3368.48
2920,37,178,23/12/2025,3,2635.78,7907.34
2921,385,86,20/09/2025,3,484.85,1454.55
2922,875,109,29/12/2025,4,1535.45,6141.8
2923,351,34,14/05/2025,3,481.05,1443.15
2924,566,50,25/05/2025,4,1261.23,5044.92
2925,274,22,10/12/2025,4,2301.81,9207.24
2926,87,171,18/09/2025,3,1831.63,5494.89
2927,918,30,07/03/2025,1,660.17,660.17
2928,826,196,05/05/2025,1,2691.92,2691.92
2929,77,46,03/02/2025,3,131.37,394.11
2930,158,147,14/02/2025,2,2884.36,5768.72
2931,885,20,07/01/2025,1,1833.07,1833.07
2932,755,88,06/02/2025,5,744.28,3721.4
2933,160,150,20/11/2025,4,338.18,1352.72
2934,895,85,10/11/2025,1,615.06,615.06
2935,125,15,13/04/2025,2,2801.89,5603.78
2936,941,191,06/04/2025,1,357.25,357.25
2937,94,184,02/01/2025,1,1206.16,1206.16
2938,444,176,18/04/2025,2,1571.53,3143.06
2939,52,184,18/07/2025,1,1206.16,1206.16
2940,329,161,09/04/2025,5,508.08,2540.4
2941,488,51,06/11/2025,4,2611.96,10447.84
2942,724,48,28/05/2025,4,2767.18,11068.72
2943,750,174,01/02/2025,5,1789.54,8947.7
2944,454,48,04/01/2025,5,2767.18,13835.9
2945,82,46,15/05/2025,2,131.37,262.74
2946,148,139,07/04/2025,5,2987.14,14935.7
2947,717,32,07/04/2025,1,2758.95,2758.95
2948,192,83,25/03/2025,2,1877.08,3754.16
2949,405,163,01/06/2025,5,2777.8,13889.0
2950,616,106,24/11/2025,5,2595.56,12977.8
2951,293,56,09/05/2025,4,1703.44,6813.76
2952,845,89,29/09/2025,2,2781.65,5563.3
2953,8,168,25/05/2025,3,2069.83,6209.49
2954,773,42,01/02/2025,1,2382.85,2382.85
2955,65,127,31/01/2025,3,281.63,844.89
2956,635,194,10/02/2025,4,983.91,3935.64
2957,691,196,07/01/2025,4,2691.92,10767.68
2958,763,173,13/06/2025,1,1842.28,1842.28
2959,603,198,24/12/2025,3,765.25,2295.75
2960,698,156,19/10/2025,1,256.84,256.84
2961,269,187,19/08/2025,3,897.37,2692.11
2962,367,191,09/07/2025,4,357.25,1429.0
2963,512,77,10/06/2025,4,1282.15,5128.6
2964,560,191,27/04/2025,2,357.25,714.5
2965,602,44,20/12/2025,1,2462.16,2462.16
2966,362,105,25/08/2025,4,1995.69,7982.76
2967,333,104,26/08/2025,4,218.46,873.84
2968,464,40,17/07/2025,2,1715.81,3431.62
2969,430,7,12/06/2025,2,2303.52,4607.04
2970,391,162,24/07/2025,2,116.04,232.08
2971,375,4,05/12/2025,4,1718.68,6874.72
2972,928,45,31/10/2025,2,1793.79,3587.58
2973,969,48,18/02/2025,2,2767.18,5534.36
2974,17,101,18/03/2025,4,2371.78,9487.12
2975,278,87,12/01/2025,2,354.87,709.74
2976,510,101,05/06/2025,2,2371.78,4743.56
2977,850,141,27/04/2025,3,2752.99,8258.97
2978,195,125,13/09/2025,5,692.24,3461.2
2979,444,112,07/09/2025,2,282.3,564.6
2980,993,171,30/06/2025,1,1831.63,1831.63
2981,985,28,15/06/2025,1,2980.37,2980.37
2982,723,123,29/05/2025,5,2673.4,13367.0
2983,145,61,11/09/2025,5,681.82,3409.1
2984,823,56,09/09/2025,4,1703.44,6813.76
2985,14,79,23/06/2025,2,1789.75,3579.5
2986,646,80,08/08/2025,5,2313.65,11568.25
2987,627,32,08/03/2025,5,2758.95,13794.75
2988,543,73,11/07/2025,3,753.81,2261.43
2989,827,177,09/07/2025,2,1381.56,2763.12
2990,579,122,10/01/2025,1,1884.86,1884.86
2991,458,95,07/05/2025,4,2256.06,9024.24
2992,215,84,10/06/2025,2,153.74,307.48
2993,650,122,12/10/2025,3,1884.86,5654.58
2994,349,148,24/12/2025,3,1340.15,4020.45
2995,200,33,20/11/2025,3,1677.84,5033.52
2996,587,59,09/11/2025,5,2913.7,14568.5
2997,243,64,16/10/2025,4,1438.05,5752.2
2998,482,5,19/09/2025,3,1684.1,5052.3
2999,902,25,17/03/2025,4,20.58,82.32
3000,639,83,28/09/2025,1,1877.08,1877.08
3001,503,119,17/05/2025,5,1079.03,5395.15
3002,69,116,09/04/2025,4,928.68,3714.72
3003,811,198,31/12/2025,3,765.25,2295.75
3004,147,94,31/08/2025,1,627.33,627.33
3005,253,58,17/06/2025,1,476.53,476.53
3006,365,159,15/10/2025,4,568.25,2273.0
3007,150,70,06/09/2025,3,1198.05,3594.15
3008,322,155,13/04/2025,5,2068.39,10341.95
3009,844,166,02/11/2025,2,547.69,1095.38
3010,620,31,01/02/2025,3,84.67,254.01
3011,754,50,16/09/2025,5,1261.23,6306.15
3012,290,64,05/08/2025,4,1438.05,5752.2
3013,718,3,14/05/2025,3,595.5,1786.5
3014,210,37,13/01/2025,3,2671.08,8013.24
3015,30,167,10/02/2025,4,2604.04,10416.16
3016,378,120,17/08/2025,2,723.89,1447.78
3017,641,98,22/03/2025,5,1142.29,5711.45
3018,609,114,25/02/2025,3,1690.85,5072.55
3019,960,71,22/05/2025,4,604.38,2417.52
3020,203,181,21/08/2025,5,1681.95,8409.75
3021,292,42,07/03/2025,5,2382.85,11914.25
3022,331,5,27/01/2025,1,1684.1,1684.1
3023,889,84,02/09/2025,5,153.74,768.7
3024,378,37,12/07/2025,3,2671.08,8013.24
3025,564,7,27/11/2025,4,2303.52,9214.08
3026,332,102,17/06/2025,2,828.42,1656.84
3027,628,195,26/11/2025,1,553.06,553.06
3028,290,83,19/10/2025,5,1877.08,9385.4
3029,41,131,09/03/2025,1,475.19,475.19
3030,509,17,13/03/2025,1,2537.66,2537.66
3031,156,27,25/03/2025,5,68.58,342.9
3032,963,183,17/02/2025,2,585.75,1171.5
3033,773,93,23/06/2025,3,2225.24,6675.72
3034,84,106,05/02/2025,3,2595.56,7786.68
3035,505,103,01/02/2025,5,1971.18,9855.9
3036,538,107,22/12/2025,4,891.64,3566.56
3037,159,141,17/04/2025,1,2752.99,2752.99
3038,460,41,14/05/2025,1,2208.11,2208.11
3039,233,62,27/11/2025,1,2363.38,2363.38
3040,700,143,27/01/2025,1,2846.83,2846.83
3041,659,179,03/09/2025,2,1565.73,3131.46
3042,44,11,30/04/2025,2,-50.0,-100.0
3043,973,40,14/09/2025,2,1715.81,3431.62
3044,328,83,21/11/2025,4,1877.08,7508.32
3045,687,102,19/09/2025,1,828.42,828.42
3046,784,75,13/01/2025,4,983.77,3935.08
3047,686,183,09/10/2025,4,585.75,2343.0
3048,70,11,29/10/2025,2,-50.0,-100.0
3049,37,54,26/10/2025,2,181.3,362.6
3050,504,2,26/12/2025,3,1604.35,4813.05
3051,83,149,18/09/2025,3,472.83,1418.49
3052,921,43,19/04/2025,4,1475.06,5900.24
3053,156,138,18/11/2025,1,2730.5,2730.5
3054,763,160,17/05/2025,3,1484.51,4453.53
3055,570,96,18/07/2025,5,1459.42,7297.1
3056,164,52,12/05/2025,5,2248.08,11240.4
3057,343,51,14/05/2025,3,2611.96,7835.88
3058,403,31,20/08/2025,3,84.67,254.01
3059,30,115,30/11/2025,5,138.46,692.3
3060,688,132,15/04/2025,4,2731.01,10924.04
3061,190,29,18/07/2025,1,39.58,39.58
3062,824,28,13/04/2025,2,2980.37,5960.74
3063,778,146,20/12/2025,3,2642.79,7928.37
3064,691,55,05/06/2025,5,142.72,713.6
3065,370,119,28/11/2025,1,1079.03,1079.03
3066,642,59,10/05/2025,5,2913.7,14568.5
3067,223,131,08/06/2025,1,475.19,475.19
3068,13,56,20/06/2025,2,1703.44,3406.88
3069,212,128,17/06/2025,4,1571.74,6286.96
3070,469,101,26/03/2025,5,2371.78,11858.9
3071,943,126,15/10/2025,4,2693.58,10774.32
3072,612,74,09/02/2025,2,813.45,1626.9
3073,632,28,16/01/2025,1,2980.37,2980.37
3074,635,13,21/05/2025,1,1979.45,1979.45
3075,953,1,16/08/2025,3,321.65,964.95
3076,391,187,23/03/2025,5,897.37,4486.85
3077,100,14,21/04/2025,3,2995.33,8985.99
3078,662,49,10/07/2025,4,1056.83,4227.32
3079,78,72,01/12/2025,4,2991.29,11965.16
3080,23,77,03/03/2025,1,1282.15,1282.15
3081,310,37,22/08/2025,3,2671.08,8013.24
3082,953,53,22/11/2025,1,2787.39,2787.39
3083,763,175,01/09/2025,1,1931.35,1931.35
3084,179,4,14/02/2025,1,1718.68,1718.68
3085,743,61,24/10/2025,4,681.82,2727.28
3086,712,143,19/05/2025,3,2846.83,8540.49
3087,24,180,03/09/2025,5,2951.82,14759.1
3088,65,188,21/04/2025,2,2076.06,4152.12
3089,67,102,16/01/2025,4,828.42,3313.68
3090,39,128,27/08/2025,4,1571.74,6286.96
3091,423,45,23/10/2025,1,1793.79,1793.79
3092,919,12,24/05/2025,1,1216.64,1216.64
3093,727,73,14/04/2025,4,753.81,3015.24
3094,822,69,10/12/2025,1,1686.7,1686.7
3095,279,49,20/12/2025,2,1056.83,2113.66
3096,459,1,16/10/2025,1,321.65,321.65
3097,856,112,26/12/2025,5,282.3,1411.5
3098,501,60,27/05/2025,1,1734.26,1734.26
3099,373,23,08/07/2025,5,1092.83,5464.15
3100,468,121,25/03/2025,5,842.12,4210.6
3101,383,169,10/10/2025,3,2665.01,7995.03
3102,554,38,24/11/2025,3,714.32,2142.96
3103,356,105,25/10/2025,2,1995.69,3991.38
3104,412,96,27/06/2025,4,1459.42,5837.68
3105,786,75,11/12/2025,2,983.77,1967.54
3106,770,127,28/07/2025,5,281.63,1408.15
3107,369,111,05/11/2025,1,2602.98,2602.98
3108,260,36,03/07/2025,3,432.46,1297.38
3109,661,120,04/10/2025,4,723.89,2895.56
3110,883,175,22/01/2025,2,1931.35,3862.7
3111,352,130,03/11/2025,2,1263.65,2527.3
3112,350,139,21/10/2025,2,2987.14,5974.28
3113,143,53,11/02/2025,4,2787.39,11149.56
3114,844,108,14/09/2025,1,708.88,708.88
3115,558,11,23/02/2025,5,-50.0,-250.0
3116,590,2,09/10/2025,3,1604.35,4813.05
3117,681,43,17/12/2025,2,1475.06,2950.12
3118,727,86,01/03/2025,4,484.85,1939.4
3119,334,188,08/10/2025,3,2076.06,6228.18
3120,960,102,03/12/2025,5,828.42,4142.1
3121,840,101,23/10/2025,2,2371.78,4743.56
3122,360,192,19/12/2025,4,2814.77,11259.08
3123,770,28,24/11/2025,2,2980.37,5960.74
3124,660,117,22/12/2025,2,1192.33,2384.66
3125,917,193,01/01/2025,2,423.21,846.42
3126,915,130,11/09/2025,1,1263.65,1263.65
3127,148,19,04/05/2025,3,2481.94,7445.82
3128,774,104,18/04/2025,3,218.46,655.38
3129,555,164,08/04/2025,1,683.21,683.21
3130,25,5,01/06/2025,1,1684.1,1684.1
3131,124,54,15/12/2025,2,181.3,362.6
3132,74,18,20/08/2025,3,2297.27,6891.81
3133,974,31,03/07/2025,4,84.67,338.68
3134,678,104,24/12/2025,1,218.46,218.46
3135,612,77,18/07/2025,3,1282.15,3846.45
3136,384,54,08/08/2025,3,181.3,543.9
3137,635,151,22/11/2025,4,98.07,392.28
3138,630,152,14/12/2025,1,1858.5,1858.5
3139,504,9,13/06/2025,4,2113.6,8454.4
3140,360,8,25/12/2025,3,1086.73,3260.19
3141,485,99,20/02/2025,5,149.58,747.9
3142,433,177,14/11/2025,5,1381.56,6907.8
3143,902,90,14/01/2025,4,60.93,243.72
3144,390,10,14/02/2025,4,2650.82,10603.28
3145,487,65,17/02/2025,5,1653.49,8267.45
3146,85,63,21/08/2025,1,413.92,413.92
3147,389,192,04/05/2025,3,2814.77,8444.31
3148,619,121,15/06/2025,1,842.12,842.12
3149,318,142,21/04/2025,4,222.09,888.36
3150,629,106,06/01/2025,1,2595.56,2595.56
3151,701,33,12/12/2025,5,1677.84,8389.2
3152,800,8,16/08/2025,5,1086.73,5433.65
3153,71,129,26/08/2025,2,2620.65,5241.3
3154,282,179,18/07/2025,5,1565.73,7828.65
3155,821,138,10/05/2025,1,2730.5,2730.5
3156,600,31,09/09/2025,5,84.67,423.35
3157,179,116,25/03/2025,3,928.68,2786.04
3158,41,75,19/06/2025,5,983.77,4918.85
3159,437,29,09/02/2025,2,39.58,79.16
3160,204,124,08/05/2025,4,2833.53,11334.12
3161,6,100,12/07/2025,2,199.13,398.26
3162,45,78,25/04/2025,2,587.66,1175.32
3163,349,175,10/09/2025,5,1931.35,9656.75
3164,235,183,25/12/2025,4,585.75,2343.0
3165,971,30,26/03/2025,1,660.17,660.17
3166,143,34,16/10/2025,5,481.05,2405.25
3167,25,113,07/07/2025,4,1511.94,6047.76
3168,814,179,11/01/2025,4,1565.73,6262.92
3169,726,135,22/11/2025,3,1751.47,5254.41
3170,557,28,31/08/2025,4,2980.37,11921.48
3171,35,72,13/10/2025,4,2991.29,11965.16
3172,719,109,03/02/2025,1,1535.45,1535.45
3173,90,68,01/09/2025,3,2290.86,6872.58
3174,411,130,12/03/2025,2,1263.65,2527.3
3175,124,7,14/02/2025,2,2303.52,4607.04
3176,585,48,17/08/2025,2,2767.18,5534.36
3177,676,140,13/10/2025,3,1975.57,5926.71
3178,270,123,03/12/2025,1,2673.4,2673.4
3179,190,150,01/03/2025,4,338.18,1352.72
3180,574,11,14/04/2025,2,-50.0,-100.0
3181,151,77,26/12/2025,2,1282.15,2564.3
3182,401,3,31/01/2025,3,595.5,1786.5
3183,523,4,26/09/2025,1,1718.68,1718.68
3184,682,69,29/09/2025,5,1686.7,8433.5
3185,10,78,13/06/2025,2,587.66,1175.32
3186,943,63,20/04/2025,4,413.92,1655.68
3187,194,170,02/09/2025,4,1226.5,4906.0
3188,491,55,30/03/2025,1,142.72,142.72
3189,398,142,06/02/2025,5,222.09,1110.45
3190,150,171,19/09/2025,2,1831.63,3663.26
3191,149,195,02/09/2025,1,553.06,553.06
3192,526,19,26/03/2025,5,2481.94,12409.7
3193,253,161,17/11/2025,4,508.08,2032.32
3194,371,58,28/07/2025,3,476.53,1429.59
3195,62,193,22/01/2025,4,423.21,1692.84
3196,892,83,15/01/2025,4,1877.08,7508.32
3197,198,172,20/07/2025,3,2166.2,6498.6
3198,461,156,07/03/2025,2,256.84,513.68
3199,491,158,28/07/2025,5,1416.92,7084.6
3200,662,194,04/05/2025,2,983.91,1967.82
3201,614,134,12/09/2025,3,636.14,1908.42
3202,792,20,04/11/2025,4,1833.07,7332.28
3203,32,107,15/10/2025,1,891.64,891.64
3204,87,181,25/11/2025,2,1681.95,3363.9
3205,41,95,21/07/2025,3,2256.06,6768.18
3206,288,119,05/06/2025,3,1079.03,3237.09
3207,857,138,17/06/2025,5,2730.5,13652.5
3208,942,79,19/09/2025,4,1789.75,7159.0
3209,500,99,22/12/2025,5,149.58,747.9
3210,574,175,03/11/2025,5,1931.35,9656.75
3211,677,147,29/08/2025,2,2884.36,5768.72
3212,346,24,25/06/2025,4,1353.55,5414.2
3213,546,133,20/11/2025,5,1358.52,6792.6
3214,65,65,19/05/2025,3,1653.49,4960.47
3215,896,74,20/09/2025,5,813.45,4067.25
3216,234,81,03/05/2025,3,2963.2,8889.6
3217,580,49,06/06/2025,3,1056.83,3170.49
3218,197,86,13/12/2025,5,484.85,2424.25
3219,422,72,03/11/2025,3,2991.29,8973.87
3220,435,172,10/11/2025,2,2166.2,4332.4
3221,912,36,08/04/2025,3,432.46,1297.38
3222,704,176,31/12/2025,3,1571.53,4714.59
3223,556,142,15/04/2025,3,222.09,666.27
3224,818,119,24/09/2025,5,1079.03,5395.15
3225,178,31,23/11/2025,3,84.67,254.01
3226,253,53,21/11/2025,5,2787.39,13936.95
3227,851,87,28/11/2025,2,354.87,709.74
3228,830,128,06/05/2025,3,1571.74,4715.22
3229,402,124,18/10/2025,3,2833.53,8500.59
3230,471,138,16/03/2025,3,2730.5,8191.5
3231,261,156,10/05/2025,1,256.84,256.84
3232,128,97,21/07/2025,5,2091.31,10456.55
3233,4,18,11/05/2025,2,2297.27,4594.54
3234,951,127,09/10/2025,4,281.63,1126.52
3235,598,71,18/10/2025,5,604.38,3021.9
3236,431,51,27/01/2025,3,2611.96,7835.88
3237,438,161,01/11/2025,4,508.08,2032.32
3238,111,122,18/07/2025,4,1884.86,7539.44
3239,321,31,03/04/2025,2,84.67,169.34
3240,126,93,22/01/2025,1,2225.24,2225.24
3241,868,18,25/02/2025,3,2297.27,6891.81
3242,562,138,07/03/2025,3,2730.5,8191.5
3243,803,25,15/04/2025,4,20.58,82.32
3244,41,170,31/01/2025,5,1226.5,6132.5
3245,11,29,16/11/2025,3,39.58,118.74
3246,737,71,09/08/2025,3,604.38,1813.14
3247,247,60,13/11/2025,2,1734.26,3468.52
3248,619,147,10/10/2025,3,2884.36,8653.08
3249,363,61,12/01/2025,2,681.82,1363.64
3250,567,150,23/04/2025,3,338.18,1014.54
3251,176,99,05/10/2025,2,149.58,299.16
3252,632,5,16/02/2025,2,1684.1,3368.2
3253,585,190,19/05/2025,5,289.51,1447.55
3254,829,125,18/02/2025,1,692.24,692.24
3255,253,105,04/05/2025,2,1995.69,3991.38
3256,471,157,30/03/2025,2,419.58,839.16
3257,940,57,24/02/2025,3,1517.16,4551.48
3258,4,62,11/08/2025,3,2363.38,7090.14
3259,594,154,17/08/2025,4,1797.15,7188.6
3260,219,60,11/02/2025,1,1734.26,1734.26
3261,419,183,15/08/2025,4,585.75,2343.0
3262,154,190,11/11/2025,4,289.51,1158.04
3263,769,98,05/10/2025,1,1142.29,1142.29
3264,784,70,11/12/2025,2,1198.05,2396.1
3265,504,112,25/06/2025,5,282.3,1411.5
3266,330,6,17/09/2025,4,1257.25,5029.0
3267,631,100,07/11/2025,4,199.13,796.52
3268,211,96,27/12/2025,2,1459.42,2918.84
3269,80,154,28/03/2025,4,1797.15,7188.6
3270,807,104,22/04/2025,2,218.46,436.92
3271,322,91,21/05/2025,4,929.25,3717.0
3272,255,184,29/04/2025,3,1206.16,3618.48
3273,389,154,13/01/2025,4,1797.15,7188.6
3274,703,145,27/11/2025,2,2186.7,4373.4
3275,715,17,12/01/2025,4,2537.66,10150.64
3276,399,147,04/07/2025,3,2884.36,8653.08
3277,391,6,12/08/2025,4,1257.25,5029.0
3278,742,115,15/02/2025,4,138.46,553.84
3279,448,66,28/04/2025,3,273.54,820.62
3280,276,94,03/09/2025,3,627.33,1881.99
3281,162,44,27/10/2025,2,2462.16,4924.32
3282,661,133,29/09/2025,5,1358.52,6792.6
3283,830,51,15/07/2025,1,2611.96,2611.96
3284,374,13,16/02/2025,2,1979.45,3958.9
3285,725,41,12/11/2025,1,2208.11,2208.11
3286,713,142,09/05/2025,1,222.09,222.09
3287,82,135,20/08/2025,3,1751.47,5254.41
3288,153,76,12/08/2025,2,286.99,573.98
3289,286,48,29/07/2025,2,2767.18,5534.36
3290,320,43,04/02/2025,5,1475.06,7375.3
3291,238,24,27/01/2025,5,1353.55,6767.75
3292,587,168,28/05/2025,2,2069.83,4139.66
3293,562,121,27/03/2025,4,842.12,3368.48
3294,242,5,05/11/2025,2,1684.1,3368.2
3295,730,20,21/02/2025,1,1833.07,1833.07
3296,276,46,05/03/2025,5,131.37,656.85
3297,798,119,08/07/2025,5,1079.03,5395.15
3298,741,46,01/10/2025,2,131.37,262.74
3299,955,48,05/01/2025,2,2767.18,5534.36
3300,334,44,20/09/2025,3,2462.16,7386.48
3301,833,6,16/09/2025,5,1257.25,6286.25
3302,917,15,11/03/2025,4,2801.89,11207.56
3303,172,13,21/03/2025,4,1979.45,7917.8
3304,867,34,08/11/2025,2,481.05,962.1
3305,855,95,23/05/2025,5,2256.06,11280.3
3306,474,63,31/03/2025,4,413.92,1655.68
3307,728,29,24/03/2025,2,39.58,79.16
3308,656,156,04/02/2025,1,256.84,256.84
3309,387,35,28/05/2025,1,1391.9,1391.9
3310,472,136,13/12/2025,4,2590.51,10362.04
3311,773,102,05/10/2025,5,828.42,4142.1
3312,744,104,27/08/2025,5,218.46,1092.3
3313,986,166,01/07/2025,5,547.69,2738.45
3314,806,156,27/07/2025,5,256.84,1284.2
3315,770,65,28/07/2025,5,1653.49,8267.45
3316,171,129,06/03/2025,4,2620.65,10482.6
3317,825,10,07/02/2025,2,2650.82,5301.64
3318,615,95,01/03/2025,3,2256.06,6768.18
3319,619,106,12/07/2025,4,2595.56,10382.24
3320,307,96,11/06/2025,1,1459.42,1459.42
3321,499,51,21/04/2025,1,2611.96,2611.96
3322,446,199,19/08/2025,2,2160.76,4321.52
3323,886,152,29/11/2025,2,1858.5,3717.0
3324,813,78,06/05/2025,4,587.66,2350.64
3325,146,5,13/08/2025,2,1684.1,3368.2
3326,259,125,27/08/2025,4,692.24,2768.96
3327,730,120,15/04/2025,3,723.89,2171.67
3328,475,34,27/01/2025,4,481.05,1924.2
3329,252,38,01/06/2025,1,714.32,714.32
3330,384,14,27/08/2025,3,2995.33,8985.99
3331,932,99,09/02/2025,4,149.58,598.32
3332,613,76,20/09/2025,3,286.99,860.97
3333,565,123,03/09/2025,1,2673.4,2673.4
3334,70,91,10/04/2025,3,929.25,2787.75
3335,318,130,06/01/2025,2,1263.65,2527.3
3336,104,38,19/05/2025,5,714.32,3571.6
3337,62,7,22/04/2025,5,2303.52,11517.6
3338,646,134,13/01/2025,3,636.14,1908.42
3339,460,104,10/11/2025,3,218.46,655.38
3340,472,89,17/06/2025,5,2781.65,13908.25
3341,292,95,22/09/2025,1,2256.06,2256.06
3342,600,32,07/09/2025,4,2758.95,11035.8
3343,444,196,19/01/2025,5,2691.92,13459.6
3344,683,200,17/10/2025,5,291.75,1458.75
3345,519,18,13/07/2025,2,2297.27,4594.54
3346,339,170,22/11/2025,4,1226.5,4906.0
3347,274,37,11/04/2025,2,2671.08,5342.16
3348,96,158,22/05/2025,4,1416.92,5667.68
3349,404,57,23/01/2025,1,1517.16,1517.16
3350,311,4,10/04/2025,2,1718.68,3437.36
3351,429,146,02/08/2025,2,2642.79,5285.58
3352,819,39,08/10/2025,4,293.88,1175.52
3353,582,66,01/01/2025,2,273.54,547.08
3354,68,42,16/05/2025,1,2382.85,2382.85
3355,745,124,23/04/2025,1,2833.53,2833.53
3356,480,43,28/02/2025,4,1475.06,5900.24
3357,82,172,25/06/2025,4,2166.2,8664.8
3358,632,187,29/08/2025,3,897.37,2692.11
3359,979,67,13/10/2025,5,1314.78,6573.9
3360,562,190,20/11/2025,3,289.51,868.53
3361,681,84,21/03/2025,5,153.74,768.7
3362,684,175,24/09/2025,5,1931.35,9656.75
3363,699,72,06/05/2025,5,2991.29,14956.45
3364,232,6,05/09/2025,4,1257.25,5029.0
3365,279,85,03/06/2025,5,615.06,3075.3
3366,511,186,27/01/2025,4,1394.81,5579.24
3367,975,152,12/05/2025,3,1858.5,5575.5
3368,110,38,25/04/2025,5,714.32,3571.6
3369,865,57,26/08/2025,2,1517.16,3034.32
3370,927,40,24/12/2025,1,1715.81,1715.81
3371,556,130,31/07/2025,3,1263.65,3790.95
3372,761,103,18/10/2025,4,1971.18,7884.72
3373,340,77,05/05/2025,1,1282.15,1282.15
3374,167,160,06/12/2025,4,1484.51,5938.04
3375,68,199,30/01/2025,3,2160.76,6482.28
3376,447,104,20/03/2025,4,218.46,873.84
3377,425,122,20/06/2025,1,1884.86,1884.86
3378,961,95,07/06/2025,1,2256.06,2256.06
3379,242,125,22/07/2025,4,692.24,2768.96
3380,603,55,09/08/2025,4,142.72,570.88
3381,870,61,05/05/2025,3,681.82,2045.46
3382,626,43,23/03/2025,3,1475.06,4425.18
3383,613,84,12/07/2025,5,153.74,768.7
3384,874,22,12/02/2025,1,2301.81,2301.81
3385,85,189,18/03/2025,1,1401.47,1401.47
3386,554,110,17/02/2025,4,2713.54,10854.16
3387,957,179,27/01/2025,2,1565.73,3131.46
3388,3,121,17/01/2025,2,842.12,1684.24
3389,137,75,14/12/2025,3,983.77,2951.31
3390,703,180,08/12/2025,3,2951.82,8855.46
3391,586,23,26/03/2025,1,1092.83,1092.83
3392,915,80,21/02/2025,3,2313.65,6940.95
3393,40,150,21/01/2025,1,338.18,338.18
3394,630,1,29/03/2025,2,321.65,643.3
3395,919,101,25/02/2025,4,2371.78,9487.12
3396,274,152,12/11/2025,3,1858.5,5575.5
3397,857,135,10/11/2025,1,1751.47,1751.47
3398,292,36,25/08/2025,1,432.46,432.46
3399,621,67,26/11/2025,2,1314.78,2629.56
3400,795,180,19/02/2025,5,2951.82,14759.1
3401,509,156,19/12/2025,2,256.84,513.68
3402,291,9,23/06/2025,4,2113.6,8454.4
3403,681,42,20/08/2025,4,2382.85,9531.4
3404,368,131,31/05/2025,3,475.19,1425.57
3405,670,181,03/08/2025,4,1681.95,6727.8
3406,827,61,08/12/2025,3,681.82,2045.46
3407,335,54,25/08/2025,2,181.3,362.6
3408,153,181,19/01/2025,2,1681.95,3363.9
3409,82,16,02/03/2025,5,1659.24,8296.2
3410,152,28,06/03/2025,4,2980.37,11921.48
3411,153,186,25/05/2025,1,1394.81,1394.81
3412,789,86,24/10/2025,3,484.85,1454.55
3413,245,184,11/08/2025,4,1206.16,4824.64
3414,420,32,28/10/2025,5,2758.95,13794.75
3415,310,182,31/08/2025,2,2300.18,4600.36
3416,672,9,22/03/2025,3,2113.6,6340.8
3417,401,50,03/02/2025,3,1261.23,3783.69
3418,51,9,19/07/2025,3,2113.6,6340.8
3419,192,128,04/12/2025,4,1571.74,6286.96
3420,990,102,19/08/2025,3,828.42,2485.26
3421,137,84,04/12/2025,4,153.74,614.96
3422,323,193,25/12/2025,5,423.21,2116.05
3423,189,2,09/05/2025,2,1604.35,3208.7
3424,426,24,21/06/2025,4,1353.55,5414.2
3425,152,11,03/05/2025,2,-50.0,-100.0
3426,526,155,23/05/2025,4,2068.39,8273.56
3427,930,52,02/08/2025,2,2248.08,4496.16
3428,40,198,20/11/2025,1,765.25,765.25
3429,370,183,11/11/2025,3,585.75,1757.25
3430,382,87,23/02/2025,1,354.87,354.87
3431,495,198,14/04/2025,5,765.25,3826.25
3432,217,38,15/12/2025,3,714.32,2142.96
3433,675,189,21/05/2025,5,1401.47,7007.35
3434,544,101,30/10/2025,5,2371.78,11858.9
3435,628,157,11/08/2025,2,419.58,839.16
3436,789,188,21/08/2025,1,2076.06,2076.06
3437,988,185,08/10/2025,5,2325.56,11627.8
3438,298,138,23/01/2025,4,2730.5,10922.0
3439,292,86,28/07/2025,1,484.85,484.85
3440,604,161,31/08/2025,1,508.08,508.08
3441,850,107,08/11/2025,4,891.64,3566.56
3442,586,60,30/10/2025,3,1734.26,5202.78
3443,229,116,03/06/2025,3,928.68,2786.04
3444,913,167,28/04/2025,1,2604.04,2604.04
3445,685,149,22/07/2025,3,472.83,1418.49
3446,272,2,28/04/2025,5,1604.35,8021.75
3447,42,57,03/05/2025,4,1517.16,6068.64
3448,407,1,25/01/2025,4,321.65,1286.6
3449,982,20,02/10/2025,3,1833.07,5499.21
3450,834,140,09/01/2025,4,1975.57,7902.28
3451,514,188,04/11/2025,3,2076.06,6228.18
3452,680,14,25/10/2025,4,2995.33,11981.32
3453,219,137,28/05/2025,5,2071.83,10359.15
3454,799,30,19/07/2025,2,660.17,1320.34
3455,575,186,01/04/2025,3,1394.81,4184.43
3456,559,168,08/01/2025,2,2069.83,4139.66
3457,702,110,18/06/2025,1,2713.54,2713.54
3458,663,63,11/01/2025,4,413.92,1655.68
3459,102,34,28/03/2025,3,481.05,1443.15
3460,674,75,01/08/2025,3,983.77,2951.31
3461,166,110,25/03/2025,2,2713.54,5427.08
3462,371,25,08/06/2025,3,20.58,61.74
3463,556,178,24/11/2025,5,2635.78,13178.9
3464,71,20,04/03/2025,2,1833.07,3666.14
3465,874,1,03/02/2025,2,321.65,643.3
3466,798,198,02/04/2025,3,765.25,2295.75
3467,117,196,22/06/2025,4,2691.92,10767.68
3468,125,129,27/08/2025,5,2620.65,13103.25
3469,524,32,09/12/2025,4,2758.95,11035.8
3470,630,72,02/07/2025,1,2991.29,2991.29
3471,808,24,01/04/2025,3,1353.55,4060.65
3472,398,49,09/05/2025,5,1056.83,5284.15
3473,743,5,14/02/2025,5,1684.1,8420.5
3474,65,42,25/06/2025,2,2382.85,4765.7
3475,165,134,10/04/2025,5,636.14,3180.7
3476,491,194,16/01/2025,3,983.91,2951.73
3477,349,100,23/02/2025,4,199.13,796.52
3478,827,132,19/04/2025,4,2731.01,10924.04
3479,172,49,23/11/2025,5,1056.83,5284.15
3480,496,199,24/12/2025,5,2160.76,10803.8
3481,69,191,03/12/2025,2,357.25,714.5
3482,957,200,13/10/2025,4,291.75,1167.0
3483,790,118,14/06/2025,4,74.75,299.0
3484,658,95,22/01/2025,2,2256.06,4512.12
3485,38,116,02/01/2025,2,928.68,1857.36
3486,585,91,07/12/2025,1,929.25,929.25
3487,957,96,01/08/2025,3,1459.42,4378.26
3488,768,2,26/08/2025,3,1604.35,4813.05
3489,88,35,01/11/2025,1,1391.9,1391.9
3490,534,144,31/10/2025,1,568.72,568.72
3491,140,122,11/10/2025,4,1884.86,7539.44
3492,565,186,03/03/2025,3,1394.81,4184.43
3493,640,9,06/05/2025,3,2113.6,6340.8
3494,320,138,31/05/2025,4,2730.5,10922.0
3495,40,28,03/06/2025,1,2980.37,2980.37
3496,681,36,14/07/2025,3,432.46,1297.38
3497,157,72,30/07/2025,3,2991.29,8973.87
3498,77,136,08/02/2025,3,2590.51,7771.53
3499,511,79,28/07/2025,3,1789.75,5369.25
3500,24,7,17/06/2025,3,2303.52,6910.56
3501,190,183,12/03/2025,1,585.75,585.75
3502,954,135,03/11/2025,5,1751.47,8757.35
3503,873,26,28/02/2025,3,2949.21,8847.63
3504,98,68,12/06/2025,3,2290.86,6872.58
3505,910,32,23/10/2025,2,2758.95,5517.9
3506,218,150,29/04/2025,1,338.18,338.18
3507,51,71,09/10/2025,3,604.38,1813.14
3508,773,139,31/12/2025,1,2987.14,2987.14
3509,563,148,02/06/2025,5,1340.15,6700.75
3510,929,142,21/02/2025,3,222.09,666.27
3511,917,104,09/06/2025,1,218.46,218.46
3512,941,108,03/12/2025,1,708.88,708.88
3513,342,69,12/03/2025,1,1686.7,1686.7
3514,71,25,03/01/2025,5,20.58,102.9
3515,110,123,29/08/2025,1,2673.4,2673.4
3516,829,93,05/10/2025,4,2225.24,8900.96
3517,110,68,30/10/2025,2,2290.86,4581.72
3518,963,144,11/02/2025,2,568.72,1137.44
3519,343,44,29/11/2025,2,2462.16,4924.32
3520,941,146,19/11/2025,1,2642.79,2642.79
3521,832,5,22/04/2025,4,1684.1,6736.4
3522,747,182,28/03/2025,2,2300.18,4600.36
3523,756,175,03/05/2025,5,1931.35,9656.75
3524,418,2,20/05/2025,5,1604.35,8021.75
3525,591,187,10/09/2025,2,897.37,1794.74
3526,561,61,09/08/2025,1,681.82,681.82
3527,217,157,09/04/2025,4,419.58,1678.32
3528,845,136,26/06/2025,3,2590.51,7771.53
3529,140,104,30/07/2025,5,218.46,1092.3
3530,933,149,18/05/2025,3,472.83,1418.49
3531,256,158,28/12/2025,1,1416.92,1416.92
3532,431,66,12/09/2025,5,273.54,1367.7
3533,2,30,30/10/2025,4,660.17,2640.68
3534,196,192,20/12/2025,3,2814.77,8444.31
3535,132,148,25/11/2025,2,1340.15,2680.3
3536,595,31,09/03/2025,2,84.67,169.34
3537,729,11,08/05/2025,2,-50.0,-100.0
3538,763,12,17/12/2025,1,1216.64,1216.64
3539,405,35,22/05/2025,2,1391.9,2783.8
3540,983,29,02/01/2025,5,39.58,197.9
3541,668,54,23/12/2025,1,181.3,181.3
3542,15,106,24/06/2025,1,2595.56,2595.56
3543,212,115,17/03/2025,2,138.46,276.92
3544,742,166,08/07/2025,1,547.69,547.69
3545,333,106,04/12/2025,4,2595.56,10382.24
3546,532,175,16/08/2025,3,1931.35,5794.05
3547,680,52,16/04/2025,2,2248.08,4496.16
3548,399,91,07/12/2025,2,929.25,1858.5
3549,879,170,08/09/2025,2,1226.5,2453.0
3550,501,71,26/01/2025,4,604.38,2417.52
3551,259,1,26/08/2025,4,321.65,1286.6
3552,163,16,23/08/2025,1,1659.24,1659.24
3553,537,75,31/07/2025,2,983.77,1967.54
3554,114,74,26/05/2025,2,813.45,1626.9
3555,287,46,08/01/2025,4,131.37,525.48
3556,485,196,03/02/2025,5,2691.92,13459.6
3557,601,117,05/06/2025,3,1192.33,3576.99
3558,660,58,13/04/2025,4,476.53,1906.12
3559,705,71,19/07/2025,4,604.38,2417.52
3560,277,42,23/04/2025,4,2382.85,9531.4
3561,449,35,01/05/2025,1,1391.9,1391.9
3562,661,125,23/04/2025,4,692.24,2768.96
3563,972,142,25/11/2025,5,222.09,1110.45
3564,957,38,18/05/2025,1,714.32,714.32
3565,739,95,11/05/2025,5,2256.06,11280.3
3566,707,26,04/12/2025,3,2949.21,8847.63
3567,529,80,11/01/2025,4,2313.65,9254.6
3568,65,146,04/05/2025,1,2642.79,2642.79
3569,921,73,06/05/2025,3,753.81,2261.43
3570,776,172,11/11/2025,5,2166.2,10831.0
3571,589,136,18/11/2025,2,2590.51,5181.02
3572,509,136,18/03/2025,1,2590.51,2590.51
3573,982,6,20/12/2025,3,1257.25,3771.75
3574,789,142,18/10/2025,4,222.09,888.36
3575,350,1,10/04/2025,4,321.65,1286.6
3576,192,28,06/08/2025,3,2980.37,8941.11
3577,258,179,28/10/2025,3,1565.73,4697.19
3578,205,161,09/12/2025,4,508.08,2032.32
3579,863,155,16/10/2025,5,2068.39,10341.95
3580,366,25,30/08/2025,4,20.58,82.32
3581,640,51,16/06/2025,2,2611.96,5223.92
3582,47,87,30/08/2025,3,354.87,1064.61
3583,778,62,20/06/2025,5,2363.38,11816.9
3584,505,59,15/10/2025,4,2913.7,11654.8
3585,17,177,22/02/2025,1,1381.56,1381.56
3586,579,36,30/07/2025,2,432.46,864.92
3587,888,12,28/08/2025,2,1216.64,2433.28
3588,423,137,22/02/2025,1,2071.83,2071.83
3589,698,141,11/03/2025,4,2752.99,11011.96
3590,227,189,22/04/2025,2,1401.47,2802.94
3591,380,25,12/05/2025,1,20.58,20.58
3592,12,151,03/03/2025,4,98.07,392.28
3593,288,165,19/08/2025,5,2278.17,11390.85
3594,915,54,24/06/2025,1,181.3,181.3
3595,946,61,02/03/2025,5,681.82,3409.1
3596,96,65,02/10/2025,5,1653.49,8267.45
3597,765,162,23/01/2025,2,116.04,232.08
3598,488,177,05/10/2025,3,1381.56,4144.68
3599,172,169,08/09/2025,1,2665.01,2665.01
3600,837,56,19/06/2025,4,1703.44,6813.76
3601,103,23,26/10/2025,5,1092.83,5464.15
3602,235,148,01/01/2025,3,1340.15,4020.45
3603,438,179,02/07/2025,3,1565.73,4697.19
3604,772,116,23/12/2025,5,928.68,4643.4
3605,169,7,18/11/2025,1,2303.52,2303.52
3606,586,6,09/04/2025,3,1257.25,3771.75
3607,177,41,24/01/2025,2,2208.11,4416.22
3608,751,46,18/04/2025,2,131.37,262.74
3609,203,34,24/08/2025,3,481.05,1443.15
3610,63,170,26/04/2025,4,1226.5,4906.0
3611,634,35,02/03/2025,1,1391.9,1391.9
3612,744,186,07/07/2025,2,1394.81,2789.62
3613,643,194,18/12/2025,3,983.91,2951.73
3614,443,40,23/03/2025,1,1715.81,1715.81
3615,486,97,29/03/2025,1,2091.31,2091.31
3616,384,9,31/03/2025,5,2113.6,10568.0
3617,701,108,13/02/2025,1,708.88,708.88
3618,783,41,07/02/2025,2,2208.11,4416.22
3619,158,107,11/08/2025,1,891.64,891.64
3620,235,180,17/05/2025,2,2951.82,5903.64
3621,731,134,13/12/2025,5,636.14,3180.7
3622,544,152,18/06/2025,5,1858.5,9292.5
3623,908,116,01/11/2025,2,928.68,1857.36
3624,546,170,21/04/2025,5,1226.5,6132.5
3625,977,115,30/03/2025,4,138.46,553.84
3626,626,114,11/06/2025,3,1690.85,5072.55
3627,267,156,11/01/2025,2,256.84,513.68
3628,201,104,12/07/2025,3,218.46,655.38
3629,792,138,16/02/2025,4,2730.5,10922.0
3630,896,149,22/12/2025,1,472.83,472.83
3631,130,14,25/12/2025,2,2995.33,5990.66
3632,547,29,03/09/2025,5,39.58,197.9
3633,405,167,31/12/2025,5,2604.04,13020.2
3634,756,35,23/09/2025,1,1391.9,1391.9
3635,185,138,06/03/2025,2,2730.5,5461.0
3636,247,13,07/11/2025,5,1979.45,9897.25
3637,557,19,03/10/2025,2,2481.94,4963.88
3638,566,22,26/09/2025,3,2301.81,6905.43
3639,551,24,14/05/2025,3,1353.55,4060.65
3640,341,141,02/04/2025,2,2752.99,5505.98
3641,46,110,16/04/2025,4,2713.54,10854.16
3642,144,57,23/09/2025,1,1517.16,1517.16
3643,152,160,06/02/2025,4,1484.51,5938.04
3644,433,185,11/02/2025,5,2325.56,11627.8
3645,756,195,24/08/2025,3,553.06,1659.18
3646,169,175,22/06/2025,3,1931.35,5794.05
3647,31,9,14/01/2025,1,2113.6,2113.6
3648,794,171,16/01/2025,1,1831.63,1831.63
3649,86,83,23/11/2025,2,1877.08,3754.16
3650,600,21,19/12/2025,1,1645.97,1645.97
3651,195,124,13/08/2025,1,2833.53,2833.53
3652,803,138,30/01/2025,3,2730.5,8191.5
3653,807,162,14/01/2025,5,116.04,580.2
3654,737,39,10/06/2025,3,293.88,881.64
3655,389,173,16/09/2025,1,1842.28,1842.28
3656,662,75,14/05/2025,3,983.77,2951.31
3657,164,22,17/03/2025,5,2301.81,11509.05
3658,615,172,04/10/2025,5,2166.2,10831.0
3659,489,74,25/09/2025,4,813.45,3253.8
3660,933,197,19/03/2025,1,2649.99,2649.99
3661,180,196,14/09/2025,3,2691.92,8075.76
3662,637,11,14/07/2025,3,-50.0,-150.0
3663,481,11,11/08/2025,5,-50.0,-250.0
3664,479,7,03/11/2025,1,2303.52,2303.52
3665,51,1,06/05/2025,3,321.65,964.95
3666,387,89,15/02/2025,3,2781.65,8344.95
3667,371,186,21/05/2025,5,1394.81,6974.05
3668,543,39,13/07/2025,4,293.88,1175.52
3669,577,32,31/07/2025,2,2758.95,5517.9
3670,153,69,27/04/2025,5,1686.7,8433.5
3671,330,95,07/07/2025,1,2256.06,2256.06
3672,318,44,12/07/2025,5,2462.16,12310.8
3673,748,11,21/01/2025,5,-50.0,-250.0
3674,641,121,28/07/2025,1,842.12,842.12
3675,213,62,05/11/2025,4,2363.38,9453.52
3676,877,158,24/08/2025,5,1416.92,7084.6
3677,633,91,16/11/2025,1,929.25,929.25
3678,798,163,05/04/2025,5,2777.8,13889.0
3679,129,17,18/05/2025,1,2537.66,2537.66
3680,822,13,20/07/2025,1,1979.45,1979.45
3681,259,136,12/10/2025,1,2590.51,2590.51
3682,938,136,14/05/2025,1,2590.51,2590.51
3683,641,188,26/11/2025,3,2076.06,6228.18
3684,182,141,13/09/2025,4,2752.99,11011.96
3685,902,64,10/04/2025,5,1438.05,7190.25
3686,388,184,28/09/2025,2,1206.16,2412.32
3687,664,17,18/05/2025,4,2537.66,10150.64
3688,249,40,14/03/2025,1,1715.81,1715.81
3689,714,103,14/12/2025,5,1971.18,9855.9
3690,303,186,25/09/2025,2,1394.81,2789.62
3691,586,166,28/07/2025,3,547.69,1643.07
3692,305,41,05/05/2025,1,2208.11,2208.11
3693,901,108,08/07/2025,2,708.88,1417.76
3694,740,186,09/08/2025,5,1394.81,6974.05
3695,220,27,09/05/2025,3,68.58,205.74
3696,85,119,19/07/2025,1,1079.03,1079.03
3697,299,162,22/03/2025,4,116.04,464.16
3698,364,193,29/05/2025,3,423.21,1269.63
3699,888,11,26/07/2025,2,-50.0,-100.0
3700,808,59,24/06/2025,3,2913.7,8741.1
3701,557,175,31/05/2025,2,1931.35,3862.7
3702,197,187,09/12/2025,1,897.37,897.37
3703,87,121,07/06/2025,4,842.12,3368.48
3704,422,72,20/09/2025,3,2991.29,8973.87
3705,590,136,12/01/2025,5,2590.51,12952.55
3706,791,58,08/07/2025,1,476.53,476.53
3707,248,143,23/09/2025,5,2846.83,14234.15
3708,183,71,10/03/2025,3,604.38,1813.14
3709,477,157,11/12/2025,1,419.58,419.58
3710,705,88,29/05/2025,1,744.28,744.28
3711,704,164,30/05/2025,1,683.21,683.21
3712,245,53,17/04/2025,2,2787.39,5574.78
3713,994,196,10/04/2025,3,2691.92,8075.76
3714,849,135,28/10/2025,3,1751.47,5254.41
3715,323,182,22/07/2025,1,2300.18,2300.18
3716,746,57,22/02/2025,2,1517.16,3034.32
3717,93,25,21/08/2025,5,20.58,102.9
3718,539,120,06/10/2025,1,723.89,723.89
3719,50,156,04/05/2025,2,256.84,513.68
3720,608,24,10/09/2025,2,1353.55,2707.1
3721,222,35,26/11/2025,4,1391.9,5567.6
3722,331,58,28/07/2025,1,476.53,476.53
3723,876,9,12/02/2025,1,2113.6,2113.6
3724,941,193,16/09/2025,5,423.21,2116.05
3725,509,195,19/07/2025,3,553.06,1659.18
3726,98,119,28/07/2025,5,1079.03,5395.15
3727,798,142,05/01/2025,5,222.09,1110.45
3728,11,48,14/01/2025,2,2767.18,5534.36
3729,831,8,24/02/2025,5,1086.73,5433.65
3730,343,200,27/02/2025,4,291.75,1167.0
3731,563,33,26/09/2025,5,1677.84,8389.2
3732,947,4,19/12/2025,2,1718.68,3437.36
3733,387,86,23/11/2025,4,484.85,1939.4
3734,720,128,26/05/2025,3,1571.74,4715.22
3735,843,153,01/08/2025,1,1709.79,1709.79
3736,939,1,15/12/2025,5,321.65,1608.25
3737,219,101,09/11/2025,3,2371.78,7115.34
3738,812,89,30/01/2025,2,2781.65,5563.3
3739,79,80,06/02/2025,5,2313.65,11568.25
3740,828,32,24/11/2025,5,2758.95,13794.75
3741,791,148,25/02/2025,3,1340.15,4020.45
3742,553,75,29/04/2025,2,983.77,1967.54
3743,407,136,25/06/2025,4,2590.51,10362.04
3744,859,7,13/03/2025,5,2303.52,11517.6
3745,775,105,29/03/2025,2,1995.69,3991.38
3746,835,186,21/04/2025,2,1394.81,2789.62
3747,622,155,17/03/2025,5,2068.39,10341.95
3748,76,62,21/05/2025,4,2363.38,9453.52
3749,344,87,09/02/2025,4,354.87,1419.48
3750,95,66,23/12/2025,1,273.54,273.54
3751,764,188,08/03/2025,3,2076.06,6228.18
3752,533,138,22/01/2025,4,2730.5,10922.0
3753,850,94,22/06/2025,1,627.33,627.33
3754,244,127,08/08/2025,4,281.63,1126.52
3755,446,191,23/09/2025,1,357.25,357.25
3756,711,25,07/03/2025,1,20.58,20.58
3757,437,200,22/01/2025,1,291.75,291.75
3758,967,50,24/09/2025,1,1261.23,1261.23
3759,907,53,19/07/2025,3,2787.39,8362.17
3760,408,156,14/01/2025,1,256.84,256.84
3761,396,40,07/02/2025,4,1715.81,6863.24
3762,329,191,21/02/2025,2,357.25,714.5
3763,976,45,11/05/2025,2,1793.79,3587.58
3764,920,88,27/01/2025,3,744.28,2232.84
3765,838,111,09/10/2025,5,2602.98,13014.9
3766,188,112,25/02/2025,5,282.3,1411.5
3767,498,161,06/08/2025,4,508.08,2032.32
3768,782,144,15/11/2025,2,568.72,1137.44
3769,216,135,29/05/2025,3,1751.47,5254.41
3770,768,11,04/05/2025,1,-50.0,-50.0
3771,312,142,28/09/2025,1,222.09,222.09
3772,459,200,25/06/2025,2,291.75,583.5
3773,306,61,08/12/2025,4,681.82,2727.28
3774,935,141,11/03/2025,5,2752.99,13764.95
3775,418,12,30/04/2025,2,1216.64,2433.28
3776,661,96,05/03/2025,5,1459.42,7297.1
3777,55,27,20/08/2025,3,68.58,205.74
3778,708,178,07/11/2025,1,2635.78,2635.78
3779,842,13,08/07/2025,5,1979.45,9897.25
3780,579,149,29/05/2025,1,472.83,472.83
3781,293,147,09/01/2025,2,2884.36,5768.72
3782,732,116,26/10/2025,3,928.68,2786.04
3783,827,43,03/11/2025,4,1475.06,5900.24
3784,724,147,17/11/2025,5,2884.36,14421.8
3785,431,197,21/10/2025,5,2649.99,13249.95
3786,828,97,10/10/2025,3,2091.31,6273.93
3787,658,155,13/12/2025,5,2068.39,10341.95
3788,695,195,15/02/2025,4,553.06,2212.24
3789,911,134,16/03/2025,3,636.14,1908.42
3790,549,94,16/07/2025,5,627.33,3136.65
3791,653,146,17/03/2025,2,2642.79,5285.58
3792,339,145,31/05/2025,1,2186.7,2186.7
3793,22,198,08/06/2025,5,765.25,3826.25
3794,584,159,31/03/2025,2,568.25,1136.5
3795,912,49,05/04/2025,1,1056.83,1056.83
3796,860,200,31/05/2025,2,291.75,583.5
3797,800,37,26/07/2025,4,2671.08,10684.32
3798,578,144,28/07/2025,1,568.72,568.72
3799,638,180,13/10/2025,1,2951.82,2951.82
3800,485,40,24/11/2025,4,1715.81,6863.24
3801,121,118,16/01/2025,4,74.75,299.0
3802,658,114,21/04/2025,2,1690.85,3381.7
3803,317,144,24/09/2025,2,568.72,1137.44
3804,622,57,10/12/2025,3,1517.16,4551.48
3805,679,155,29/11/2025,3,2068.39,6205.17
3806,250,134,03/12/2025,2,636.14,1272.28
3807,919,144,26/05/2025,1,568.72,568.72
3808,848,1,28/07/2025,3,321.65,964.95
3809,909,170,14/03/2025,1,1226.5,1226.5
3810,924,178,09/11/2025,5,2635.78,13178.9
3811,445,88,09/10/2025,1,744.28,744.28
3812,824,38,30/10/2025,4,714.32,2857.28
3813,782,92,13/12/2025,5,87.79,438.95
3814,151,112,17/02/2025,3,282.3,846.9
3815,803,141,21/10/2025,4,2752.99,11011.96
3816,388,89,19/11/2025,4,2781.65,11126.6
3817,75,56,15/10/2025,1,1703.44,1703.44
3818,494,110,11/12/2025,1,2713.54,2713.54
3819,851,176,08/04/2025,2,1571.53,3143.06
3820,827,136,20/10/2025,3,2590.51,7771.53
3821,345,193,09/05/2025,1,423.21,423.21
3822,864,50,24/07/2025,3,1261.23,3783.69
3823,555,39,28/10/2025,2,293.88,587.76
3824,816,198,18/09/2025,3,765.25,2295.75
3825,279,161,16/01/2025,1,508.08,508.08
3826,853,43,25/04/2025,4,1475.06,5900.24
3827,2,2,11/08/2025,5,1604.35,8021.75
3828,615,101,02/02/2025,4,2371.78,9487.12
3829,57,30,15/09/2025,4,660.17,2640.68
3830,207,20,09/12/2025,1,1833.07,1833.07
3831,198,157,14/01/2025,3,419.58,1258.74
3832,50,17,28/09/2025,4,2537.66,10150.64
3833,58,157,11/02/2025,3,419.58,1258.74
3834,301,162,07/02/2025,5,116.04,580.2
3835,879,189,28/01/2025,3,1401.47,4204.41
3836,465,105,19/11/2025,2,1995.69,3991.38
3837,535,51,15/08/2025,5,2611.96,13059.8
3838,658,106,26/01/2025,2,2595.56,5191.12
3839,748,95,23/11/2025,2,2256.06,4512.12
3840,287,70,11/09/2025,1,1198.05,1198.05
3841,452,114,25/05/2025,5,1690.85,8454.25
3842,401,42,18/08/2025,1,2382.85,2382.85
3843,907,36,30/07/2025,4,432.46,1729.84
3844,688,34,12/03/2025,5,481.05,2405.25
3845,353,5,17/02/2025,5,1684.1,8420.5
3846,764,126,16/07/2025,4,2693.58,10774.32
3847,946,13,17/10/2025,2,1979.45,3958.9
3848,717,155,15/05/2025,1,2068.39,2068.39
3849,24,102,12/12/2025,5,828.42,4142.1
3850,547,68,10/04/2025,1,2290.86,2290.86
3851,204,52,29/04/2025,4,2248.08,8992.32
3852,92,34,03/07/2025,3,481.05,1443.15
3853,733,44,26/06/2025,2,2462.16,4924.32
3854,938,103,28/08/2025,1,1971.18,1971.18
3855,558,21,06/01/2025,4,1645.97,6583.88
3856,210,43,10/02/2025,1,1475.06,1475.06
3857,618,42,14/07/2025,1,2382.85,2382.85
3858,116,57,02/05/2025,4,1517.16,6068.64
3859,845,132,09/03/2025,3,2731.01,8193.03
3860,479,127,21/10/2025,5,281.63,1408.15
3861,1000,89,04/03/2025,4,2781.65,11126.6
3862,195,56,08/02/2025,4,1703.44,6813.76
3863,913,171,01/06/2025,5,1831.63,9158.15
3864,315,68,26/01/2025,5,2290.86,11454.3
3865,744,44,15/06/2025,5,2462.16,12310.8
3866,49,37,31/05/2025,4,2671.08,10684.32
3867,523,12,09/08/2025,1,1216.64,1216.64
3868,283,73,02/05/2025,1,753.81,753.81
3869,463,53,22/02/2025,3,2787.39,8362.17
3870,408,121,25/02/2025,5,842.12,4210.6
3871,950,37,13/09/2025,4,2671.08,10684.32
3872,684,132,06/04/2025,2,2731.01,5462.02
3873,77,4,24/11/2025,2,1718.68,3437.36
3874,95,126,02/10/2025,5,2693.58,13467.9
3875,848,47,18/11/2025,1,1157.01,1157.01
3876,199,67,03/08/2025,5,1314.78,6573.9
3877,176,147,24/06/2025,5,2884.36,14421.8
3878,753,126,13/08/2025,5,2693.58,13467.9
3879,240,195,29/04/2025,4,553.06,2212.24
3880,896,139,28/02/2025,2,2987.14,5974.28
3881,869,132,06/10/2025,2,2731.01,5462.02
3882,698,82,15/01/2025,4,2468.32,9873.28
3883,347,59,19/08/2025,5,2913.7,14568.5
3884,983,190,10/09/2025,1,289.51,289.51
3885,805,180,06/10/2025,5,2951.82,14759.1
3886,737,163,26/07/2025,4,2777.8,11111.2
3887,698,31,02/09/2025,4,84.67,338.68
3888,717,16,12/09/2025,4,1659.24,6636.96
3889,242,104,17/03/2025,5,218.46,1092.3
3890,881,4,02/01/2025,3,1718.68,5156.04
3891,386,139,13/02/2025,2,2987.14,5974.28
3892,675,44,25/04/2025,2,2462.16,4924.32
3893,645,90,12/12/2025,3,60.93,182.79
3894,164,23,14/12/2025,4,1092.83,4371.32
3895,895,169,08/01/2025,3,2665.01,7995.03
3896,796,86,18/08/2025,5,484.85,2424.25
3897,960,27,27/07/2025,3,68.58,205.74
3898,584,39,25/09/2025,1,293.88,293.88
3899,667,198,07/02/2025,2,765.25,1530.5
3900,585,36,18/10/2025,3,432.46,1297.38
3901,408,117,21/01/2025,5,1192.33,5961.65
3902,571,152,16/12/2025,5,1858.5,9292.5
3903,275,61,16/11/2025,4,681.82,2727.28
3904,624,139,07/10/2025,3,2987.14,8961.42
3905,889,5,06/03/2025,2,1684.1,3368.2
3906,914,10,18/01/2025,3,2650.82,7952.46
3907,975,155,06/12/2025,2,2068.39,4136.78
3908,862,139,03/11/2025,4,2987.14,11948.56
3909,734,178,17/09/2025,3,2635.78,7907.34
3910,993,75,02/06/2025,2,983.77,1967.54
3911,904,156,09/11/2025,3,256.84,770.52
3912,525,142,28/11/2025,1,222.09,222.09
3913,87,73,20/08/2025,3,753.81,2261.43
3914,642,140,23/08/2025,5,1975.57,9877.85
3915,986,193,22/12/2025,1,423.21,423.21
3916,671,113,02/07/2025,1,1511.94,1511.94
3917,946,46,06/10/2025,2,131.37,262.74
3918,412,115,02/09/2025,4,138.46,553.84
3919,201,139,14/01/2025,2,2987.14,5974.28
3920,957,158,21/05/2025,4,1416.92,5667.68
3921,390,200,11/11/2025,1,291.75,291.75
3922,66,185,11/09/2025,4,2325.56,9302.24
3923,626,137,16/07/2025,4,2071.83,8287.32
3924,555,39,22/10/2025,5,293.88,1469.4
3925,938,112,12/09/2025,5,282.3,1411.5
3926,736,40,13/06/2025,2,1715.81,3431.62
3927,529,148,10/09/2025,2,1340.15,2680.3
3928,768,10,12/06/2025,5,2650.82,13254.1
3929,698,135,24/07/2025,1,1751.47,1751.47
3930,659,48,08/07/2025,2,2767.18,5534.36
3931,54,179,16/01/2025,3,1565.73,4697.19
3932,680,93,15/07/2025,4,2225.24,8900.96
3933,746,159,18/12/2025,3,568.25,1704.75
3934,468,146,16/01/2025,1,2642.79,2642.79
3935,690,32,24/05/2025,2,2758.95,5517.9
3936,922,139,25/06/2025,2,2987.14,5974.28
3937,873,96,09/05/2025,3,1459.42,4378.26
3938,187,135,24/08/2025,4,1751.47,7005.88
3939,608,101,13/03/2025,2,2371.78,4743.56
3940,362,157,06/04/2025,3,419.58,1258.74
3941,654,64,16/12/2025,2,1438.05,2876.1
3942,546,190,18/05/2025,5,289.51,1447.55
3943,809,101,10/04/2025,2,2371.78,4743.56
3944,560,147,24/06/2025,1,2884.36,2884.36
3945,415,43,10/02/2025,3,1475.06,4425.18
3946,701,175,06/04/2025,3,1931.35,5794.05
3947,546,195,05/09/2025,3,553.06,1659.18
3948,183,88,27/03/2025,4,744.28,2977.12
3949,992,148,26/07/2025,2,1340.15,2680.3
3950,969,151,22/12/2025,2,98.07,196.14
3951,228,88,08/11/2025,5,744.28,3721.4
3952,801,176,22/02/2025,3,1571.53,4714.59
3953,229,130,14/10/2025,1,1263.65,1263.65
3954,728,101,07/07/2025,3,2371.78,7115.34
3955,27,166,23/09/2025,4,547.69,2190.76
3956,270,99,16/06/2025,5,149.58,747.9
3957,17,157,07/09/2025,3,419.58,1258.74
3958,792,175,14/05/2025,3,1931.35,5794.05
3959,230,2,06/06/2025,2,1604.35,3208.7
3960,644,160,12/12/2025,1,1484.51,1484.51
3961,916,132,08/02/2025,5,2731.01,13655.05
3962,949,29,03/11/2025,4,39.58,158.32
3963,496,43,12/04/2025,1,1475.06,1475.06
3964,535,181,25/10/2025,3,1681.95,5045.85
3965,242,69,14/02/2025,1,1686.7,1686.7
3966,859,94,21/07/2025,2,627.33,1254.66
3967,315,23,31/05/2025,3,1092.83,3278.49
3968,465,28,17/06/2025,3,2980.37,8941.11
3969,208,28,30/03/2025,2,2980.37,5960.74
3970,375,159,03/08/2025,2,568.25,1136.5
3971,488,187,19/02/2025,5,897.37,4486.85
3972,244,110,12/06/2025,4,2713.54,10854.16
3973,47,5,17/05/2025,5,1684.1,8420.5
3974,976,39,26/05/2025,1,293.88,293.88
3975,974,198,19/01/2025,1,765.25,765.25
3976,795,91,22/08/2025,2,929.25,1858.5
3977,393,158,04/03/2025,5,1416.92,7084.6
3978,713,152,31/08/2025,5,1858.5,9292.5
3979,575,16,09/03/2025,5,1659.24,8296.2
3980,776,123,20/05/2025,1,2673.4,2673.4
3981,370,34,21/09/2025,2,481.05,962.1
3982,540,143,25/07/2025,3,2846.83,8540.49
3983,167,36,13/10/2025,3,432.46,1297.38
3984,829,199,02/08/2025,4,2160.76,8643.04
3985,60,84,17/09/2025,5,153.74,768.7
3986,426,194,03/10/2025,4,983.91,3935.64
3987,453,72,27/03/2025,3,2991.29,8973.87
3988,142,127,19/09/2025,3,281.63,844.89
3989,346,190,05/10/2025,3,289.51,868.53
3990,648,87,05/08/2025,5,354.87,1774.35
3991,988,94,31/12/2025,3,627.33,1881.99
3992,862,158,02/04/2025,3,1416.92,4250.76
3993,515,33,11/11/2025,3,1677.84,5033.52
3994,933,31,21/12/2025,1,84.67,84.67
3995,439,86,11/03/2025,1,484.85,484.85
3996,955,2,22/01/2025,1,1604.35,1604.35
3997,160,79,24/11/2025,3,1789.75,5369.25
3998,236,151,07/02/2025,2,98.07,196.14
3999,982,61,26/11/2025,2,681.82,1363.64
4000,899,30,12/06/2025,3,660.17,1980.51
4001,71,54,15/06/2025,1,181.3,181.3
4002,349,124,25/09/2025,1,2833.53,2833.53
4003,209,163,12/10/2025,4,2777.8,11111.2
4004,756,47,26/05/2025,1,1157.01,1157.01
4005,311,73,26/09/2025,5,753.81,3769.05
4006,632,99,28/10/2025,4,149.58,598.32
4007,635,184,15/03/2025,4,1206.16,4824.64
4008,512,177,05/08/2025,2,1381.56,2763.12
4009,460,164,30/05/2025,4,683.21,2732.84
4010,659,106,04/01/2025,2,2595.56,5191.12
4011,133,94,27/12/2025,5,627.33,3136.65
4012,172,95,18/04/2025,3,2256.06,6768.18
4013,973,18,22/04/2025,5,2297.27,11486.35
4014,825,45,24/02/2025,5,1793.79,8968.95
4015,755,35,02/02/2025,2,1391.9,2783.8
4016,130,52,15/03/2025,5,2248.08,11240.4
4017,900,166,17/11/2025,1,547.69,547.69
4018,313,160,31/01/2025,1,1484.51,1484.51
4019,387,190,16/02/2025,1,289.51,289.51
4020,533,63,15/05/2025,4,413.92,1655.68
4021,502,41,11/10/2025,2,2208.11,4416.22
4022,475,89,30/09/2025,1,2781.65,2781.65
4023,170,197,26/07/2025,4,2649.99,10599.96
4024,532,181,07/12/2025,1,1681.95,1681.95
4025,467,46,29/06/2025,2,131.37,262.74
4026,492,119,14/05/2025,3,1079.03,3237.09
4027,765,93,18/11/2025,5,2225.24,11126.2
4028,273,124,14/07/2025,2,2833.53,5667.06
4029,159,147,16/06/2025,1,2884.36,2884.36
4030,146,159,19/09/2025,1,568.25,568.25
4031,837,199,15/07/2025,4,2160.76,8643.04
4032,922,169,04/05/2025,5,2665.01,13325.05
4033,748,27,28/01/2025,4,68.58,274.32
4034,563,47,03/03/2025,4,1157.01,4628.04
4035,661,121,02/02/2025,2,842.12,1684.24
4036,469,176,12/04/2025,2,1571.53,3143.06
4037,454,184,17/10/2025,2,1206.16,2412.32
4038,672,150,15/01/2025,2,338.18,676.36
4039,334,47,21/03/2025,2,1157.01,2314.02
4040,591,146,20/04/2025,5,2642.79,13213.95
4041,759,106,21/02/2025,2,2595.56,5191.12
4042,751,110,03/12/2025,3,2713.54,8140.62
4043,875,150,24/11/2025,1,338.18,338.18
4044,311,61,09/10/2025,5,681.82,3409.1
4045,148,61,16/06/2025,2,681.82,1363.64
4046,669,94,23/10/2025,2,627.33,1254.66
4047,877,139,13/06/2025,2,2987.14,5974.28
4048,570,79,02/08/2025,3,1789.75,5369.25
4049,126,126,10/09/2025,4,2693.58,10774.32
4050,225,42,29/05/2025,4,2382.85,9531.4
4051,254,6,20/06/2025,5,1257.25,6286.25
4052,268,65,13/09/2025,5,1653.49,8267.45
4053,626,184,03/04/2025,1,1206.16,1206.16
4054,915,115,26/10/2025,5,138.46,692.3
4055,450,1,20/10/2025,2,321.65,643.3
4056,179,113,24/03/2025,1,1511.94,1511.94
4057,57,85,08/12/2025,2,615.06,1230.12
4058,923,153,27/09/2025,4,1709.79,6839.16
4059,933,128,20/04/2025,1,1571.74,1571.74
4060,503,182,12/03/2025,3,2300.18,6900.54
4061,594,143,05/05/2025,5,2846.83,14234.15
4062,134,39,12/12/2025,1,293.88,293.88
4063,771,26,06/07/2025,2,2949.21,5898.42
4064,407,187,08/10/2025,1,897.37,897.37
4065,193,45,23/01/2025,1,1793.79,1793.79
4066,272,195,08/09/2025,5,553.06,2765.3
4067,622,176,23/09/2025,4,1571.53,6286.12
4068,516,130,13/08/2025,5,1263.65,6318.25
4069,358,176,21/12/2025,2,1571.53,3143.06
4070,758,185,08/12/2025,3,2325.56,6976.68
4071,527,92,02/05/2025,2,87.79,175.58
4072,653,137,01/02/2025,4,2071.83,8287.32
4073,818,193,14/04/2025,1,423.21,423.21
4074,18,72,01/05/2025,3,2991.29,8973.87
4075,945,100,21/10/2025,1,199.13,199.13
4076,876,147,26/02/2025,3,2884.36,8653.08
4077,472,18,25/03/2025,3,2297.27,6891.81
4078,977,54,17/02/2025,5,181.3,906.5
4079,24,200,26/11/2025,2,291.75,583.5
4080,592,43,28/06/2025,5,1475.06,7375.3
4081,680,7,05/06/2025,1,2303.52,2303.52
4082,204,123,01/12/2025,3,2673.4,8020.2
4083,889,189,09/04/2025,5,1401.47,7007.35
4084,59,157,03/01/2025,2,419.58,839.16
4085,591,107,12/02/2025,4,891.64,3566.56
4086,216,176,13/09/2025,5,1571.53,7857.65
4087,96,156,16/03/2025,1,256.84,256.84
4088,408,13,19/03/2025,2,1979.45,3958.9
4089,119,54,02/03/2025,2,181.3,362.6
4090,888,176,29/07/2025,4,1571.53,6286.12
4091,478,193,28/01/2025,2,423.21,846.42
4092,118,156,01/03/2025,1,256.84,256.84
4093,116,98,23/02/2025,4,1142.29,4569.16
4094,133,47,03/03/2025,1,1157.01,1157.01
4095,633,185,17/08/2025,1,2325.56,2325.56
4096,140,186,05/12/2025,3,1394.81,4184.43
4097,761,136,08/05/2025,4,2590.51,10362.04
4098,203,160,19/01/2025,2,1484.51,2969.02
4099,301,147,09/08/2025,2,2884.36,5768.72
4100,390,87,02/10/2025,2,354.87,709.74
4101,14,170,22/08/2025,2,1226.5,2453.0
4102,667,171,24/09/2025,3,1831.63,5494.89
4103,107,39,01/04/2025,3,293.88,881.64
4104,103,24,12/01/2025,3,1353.55,4060.65
4105,809,143,17/11/2025,4,2846.83,11387.32
4106,538,36,05/01/2025,3,432.46,1297.38
4107,591,171,10/03/2025,3,1831.63,5494.89
4108,154,153,12/07/2025,3,1709.79,5129.37
4109,132,5,10/04/2025,5,1684.1,8420.5
4110,718,94,14/07/2025,3,627.33,1881.99
4111,860,17,20/04/2025,1,2537.66,2537.66
4112,733,171,02/11/2025,5,1831.63,9158.15
4113,354,33,12/09/2025,5,1677.84,8389.2
4114,844,5,28/04/2025,1,1684.1,1684.1
4115,993,117,14/03/2025,1,1192.33,1192.33
4116,283,49,03/07/2025,4,1056.83,4227.32
4117,563,84,07/07/2025,5,153.74,768.7
4118,397,79,19/04/2025,2,1789.75,3579.5
4119,867,7,08/02/2025,3,2303.52,6910.56
4120,910,191,14/01/2025,2,357.25,714.5
4121,145,124,05/08/2025,1,2833.53,2833.53
4122,127,93,24/03/2025,5,2225.24,11126.2
4123,491,60,11/09/2025,5,1734.26,8671.3
4124,285,16,03/11/2025,2,1659.24,3318.48
4125,635,16,13/02/2025,4,1659.24,6636.96
4126,442,110,12/01/2025,5,2713.54,13567.7
4127,423,59,06/03/2025,2,2913.7,5827.4
4128,881,73,29/11/2025,5,753.81,3769.05
4129,968,28,13/06/2025,3,2980.37,8941.11
4130,268,41,24/04/2025,1,2208.11,2208.11
4131,719,182,17/01/2025,3,2300.18,6900.54
4132,256,16,09/01/2025,1,1659.24,1659.24
4133,631,93,12/09/2025,4,2225.24,8900.96
4134,578,197,08/07/2025,4,2649.99,10599.96
4135,434,79,03/02/2025,5,1789.75,8948.75
4136,380,114,13/12/2025,5,1690.85,8454.25
4137,798,90,26/05/2025,3,60.93,182.79
4138,436,45,09/05/2025,2,1793.79,3587.58
4139,492,28,09/05/2025,2,2980.37,5960.74
4140,473,112,26/02/2025,1,282.3,282.3
4141,46,143,02/03/2025,1,2846.83,2846.83
4142,817,132,20/01/2025,1,2731.01,2731.01
4143,213,7,11/10/2025,4,2303.52,9214.08
4144,236,26,24/07/2025,4,2949.21,11796.84
4145,283,196,08/09/2025,1,2691.92,2691.92
4146,166,109,22/01/2025,5,1535.45,7677.25
4147,558,4,19/02/2025,5,1718.68,8593.4
4148,832,187,18/08/2025,3,897.37,2692.11
4149,110,38,16/01/2025,5,714.32,3571.6
4150,890,185,25/06/2025,1,2325.56,2325.56
4151,722,16,13/02/2025,4,1659.24,6636.96
4152,201,131,29/07/2025,1,475.19,475.19
4153,464,27,28/01/2025,2,68.58,137.16
4154,474,183,20/06/2025,2,585.75,1171.5
4155,82,13,04/07/2025,3,1979.45,5938.35
4156,994,136,09/09/2025,3,2590.51,7771.53
4157,308,52,31/03/2025,4,2248.08,8992.32
4158,117,181,13/01/2025,2,1681.95,3363.9
4159,18,145,04/04/2025,4,2186.7,8746.8
4160,358,137,13/12/2025,5,2071.83,10359.15
4161,364,115,27/12/2025,4,138.46,553.84
4162,440,153,12/09/2025,3,1709.79,5129.37
4163,31,53,15/10/2025,1,2787.39,2787.39
4164,6,86,10/12/2025,2,484.85,969.7
4165,823,199,07/11/2025,2,2160.76,4321.52
4166,413,41,11/05/2025,4,2208.11,8832.44
4167,859,112,12/08/2025,4,282.3,1129.2
4168,843,39,30/06/2025,1,293.88,293.88
4169,600,17,04/05/2025,5,2537.66,12688.3
4170,851,36,10/01/2025,4,432.46,1729.84
4171,33,15,26/07/2025,3,2801.89,8405.67
4172,425,109,09/06/2025,1,1535.45,1535.45
4173,989,85,13/01/2025,5,615.06,3075.3
4174,774,18,26/01/2025,1,2297.27,2297.27
4175,458,151,08/12/2025,4,98.07,392.28
4176,479,32,20/01/2025,3,2758.95,8276.85
4177,21,192,27/10/2025,3,2814.77,8444.31
4178,242,140,04/02/2025,5,1975.57,9877.85
4179,841,184,25/12/2025,5,1206.16,6030.8
4180,879,182,21/10/2025,3,2300.18,6900.54
4181,4,81,08/12/2025,2,2963.2,5926.4
4182,725,17,30/03/2025,3,2537.66,7612.98
4183,44,66,08/11/2025,5,273.54,1367.7
4184,514,10,02/06/2025,5,2650.82,13254.1
4185,663,154,22/07/2025,4,1797.15,7188.6
4186,803,156,10/09/2025,5,256.84,1284.2
4187,655,58,12/04/2025,1,476.53,476.53
4188,475,152,17/12/2025,4,1858.5,7434.0
4189,124,107,05/11/2025,4,891.64,3566.56
4190,570,192,22/02/2025,3,2814.77,8444.31
4191,421,98,18/03/2025,1,1142.29,1142.29
4192,222,125,26/01/2025,3,692.24,2076.72
4193,497,123,17/05/2025,5,2673.4,13367.0
4194,255,60,15/06/2025,2,1734.26,3468.52
4195,448,47,19/12/2025,2,1157.01,2314.02
4196,991,132,01/11/2025,5,2731.01,13655.05
4197,297,150,28/02/2025,5,338.18,1690.9
4198,626,115,04/02/2025,1,138.46,138.46
4199,729,68,09/08/2025,2,2290.86,4581.72
4200,869,170,14/01/2025,2,1226.5,2453.0
4201,220,120,21/09/2025,1,723.89,723.89
4202,472,139,24/02/2025,2,2987.14,5974.28
4203,92,106,23/03/2025,1,2595.56,2595.56
4204,677,171,19/11/2025,1,1831.63,1831.63
4205,823,170,18/02/2025,3,1226.5,3679.5
4206,871,140,01/05/2025,1,1975.57,1975.57
4207,379,176,20/10/2025,5,1571.53,7857.65
4208,526,153,27/10/2025,5,1709.79,8548.95
4209,460,38,12/02/2025,1,714.32,714.32
4210,1000,114,03/10/2025,1,1690.85,1690.85
4211,516,161,29/05/2025,5,508.08,2540.4
4212,951,170,16/01/2025,5,1226.5,6132.5
4213,835,19,24/07/2025,5,2481.94,12409.7
4214,916,67,01/10/2025,3,1314.78,3944.34
4215,142,42,20/08/2025,1,2382.85,2382.85
4216,970,92,20/09/2025,5,87.79,438.95
4217,756,60,14/08/2025,5,1734.26,8671.3
4218,996,130,13/08/2025,3,1263.65,3790.95
4219,955,3,30/03/2025,5,595.5,2977.5
4220,64,7,04/10/2025,3,2303.52,6910.56
4221,48,108,13/06/2025,4,708.88,2835.52
4222,485,171,03/04/2025,1,1831.63,1831.63
4223,863,49,16/10/2025,4,1056.83,4227.32
4224,88,77,26/07/2025,5,1282.15,6410.75
4225,94,196,22/03/2025,1,2691.92,2691.92
4226,524,128,19/05/2025,5,1571.74,7858.7
4227,811,43,10/12/2025,5,1475.06,7375.3
4228,434,144,19/03/2025,5,568.72,2843.6
4229,475,186,24/10/2025,4,1394.81,5579.24
4230,966,172,07/12/2025,4,2166.2,8664.8
4231,651,13,23/01/2025,3,1979.45,5938.35
4232,603,91,02/03/2025,2,929.25,1858.5
4233,265,23,05/08/2025,5,1092.83,5464.15
4234,116,91,23/01/2025,4,929.25,3717.0
4235,507,142,01/04/2025,2,222.09,444.18
4236,500,73,13/10/2025,5,753.81,3769.05
4237,230,86,01/07/2025,4,484.85,1939.4
4238,110,200,25/10/2025,4,291.75,1167.0
4239,818,169,04/04/2025,4,2665.01,10660.04
4240,300,164,06/11/2025,1,683.21,683.21
4241,949,108,09/11/2025,3,708.88,2126.64
4242,386,99,08/05/2025,5,149.58,747.9
4243,738,68,08/08/2025,5,2290.86,11454.3
4244,27,69,19/09/2025,4,1686.7,6746.8
4245,320,39,16/08/2025,1,293.88,293.88
4246,12,40,23/06/2025,5,1715.81,8579.05
4247,105,99,23/03/2025,2,149.58,299.16
4248,956,92,05/05/2025,5,87.79,438.95
4249,846,162,21/05/2025,4,116.04,464.16
4250,556,140,01/01/2025,2,1975.57,3951.14
4251,515,147,17/05/2025,2,2884.36,5768.72
4252,548,103,23/12/2025,5,1971.18,9855.9
4253,514,59,22/01/2025,5,2913.7,14568.5
4254,902,112,13/05/2025,2,282.3,564.6
4255,405,123,27/09/2025,2,2673.4,5346.8
4256,456,155,04/02/2025,5,2068.39,10341.95
4257,436,6,02/02/2025,5,1257.25,6286.25
4258,92,77,20/04/2025,1,1282.15,1282.15
4259,850,29,08/05/2025,5,39.58,197.9
4260,367,170,24/11/2025,5,1226.5,6132.5
4261,835,42,28/07/2025,2,2382.85,4765.7
4262,111,60,01/09/2025,2,1734.26,3468.52
4263,737,105,24/06/2025,1,1995.69,1995.69
4264,192,64,11/05/2025,1,1438.05,1438.05
4265,329,143,18/02/2025,5,2846.83,14234.15
4266,411,86,26/03/2025,1,484.85,484.85
4267,369,72,11/09/2025,3,2991.29,8973.87
4268,149,68,12/11/2025,1,2290.86,2290.86
4269,100,110,29/11/2025,3,2713.54,8140.62
4270,33,50,21/05/2025,3,1261.23,3783.69
4271,29,146,25/07/2025,4,2642.79,10571.16
4272,866,17,05/09/2025,4,2537.66,10150.64
4273,919,192,22/09/2025,1,2814.77,2814.77
4274,130,180,01/11/2025,3,2951.82,8855.46
4275,552,147,19/11/2025,5,2884.36,14421.8
4276,43,140,02/01/2025,5,1975.57,9877.85
4277,888,103,10/10/2025,4,1971.18,7884.72
4278,149,25,10/02/2025,3,20.58,61.74
4279,454,70,22/09/2025,4,1198.05,4792.2
4280,869,27,17/06/2025,2,68.58,137.16
4281,638,48,17/11/2025,4,2767.18,11068.72
4282,386,68,05/08/2025,5,2290.86,11454.3
4283,632,170,13/11/2025,5,1226.5,6132.5
4284,825,64,22/07/2025,5,1438.05,7190.25
4285,714,159,14/08/2025,5,568.25,2841.25
4286,320,130,18/10/2025,4,1263.65,5054.6
4287,320,177,17/06/2025,1,1381.56,1381.56
4288,349,151,10/06/2025,3,98.07,294.21
4289,823,169,26/02/2025,1,2665.01,2665.01
4290,128,158,03/11/2025,2,1416.92,2833.84
4291,696,47,18/12/2025,1,1157.01,1157.01
4292,800,123,07/05/2025,3,2673.4,8020.2
4293,714,98,29/06/2025,1,1142.29,1142.29
4294,117,19,10/02/2025,4,2481.94,9927.76
4295,433,175,27/04/2025,1,1931.35,1931.35
4296,853,153,12/10/2025,5,1709.79,8548.95
4297,827,102,04/08/2025,2,828.42,1656.84
4298,322,64,30/12/2025,4,1438.05,5752.2
4299,664,33,21/09/2025,1,1677.84,1677.84
4300,594,67,10/07/2025,3,1314.78,3944.34
4301,614,15,06/09/2025,4,2801.89,11207.56
4302,8,13,01/11/2025,1,1979.45,1979.45
4303,672,167,04/06/2025,5,2604.04,13020.2
4304,827,35,29/09/2025,3,1391.9,4175.7
4305,995,149,02/04/2025,3,472.83,1418.49
4306,49,76,12/07/2025,4,286.99,1147.96
4307,699,71,11/11/2025,5,604.38,3021.9
4308,446,111,30/07/2025,4,2602.98,10411.92
4309,52,84,15/05/2025,4,153.74,614.96
4310,166,4,11/06/2025,3,1718.68,5156.04
4311,434,94,15/08/2025,4,627.33,2509.32
4312,349,138,20/10/2025,1,2730.5,2730.5
4313,462,79,24/04/2025,3,1789.75,5369.25
4314,197,130,15/01/2025,5,1263.65,6318.25
4315,436,34,09/07/2025,2,481.05,962.1
4316,265,104,08/03/2025,4,218.46,873.84
4317,875,163,03/08/2025,2,2777.8,5555.6
4318,345,180,28/01/2025,3,2951.82,8855.46
4319,112,102,06/11/2025,3,828.42,2485.26
4320,623,89,28/01/2025,2,2781.65,5563.3
4321,10,178,24/03/2025,4,2635.78,10543.12
4322,877,48,31/03/2025,1,2767.18,2767.18
4323,156,76,20/08/2025,2,286.99,573.98
4324,439,123,09/06/2025,4,2673.4,10693.6
4325,411,35,10/11/2025,3,1391.9,4175.7
4326,69,100,23/02/2025,1,199.13,199.13
4327,81,46,30/12/2025,3,131.37,394.11
4328,103,24,15/09/2025,3,1353.55,4060.65
4329,835,65,22/09/2025,5,1653.49,8267.45
4330,655,100,04/01/2025,1,199.13,199.13
4331,779,138,25/02/2025,1,2730.5,2730.5
4332,486,151,22/07/2025,5,98.07,490.35
4333,493,183,14/10/2025,4,585.75,2343.0
4334,131,51,30/03/2025,1,2611.96,2611.96
4335,592,153,16/08/2025,3,1709.79,5129.37
4336,954,4,17/08/2025,3,1718.68,5156.04
4337,139,184,15/05/2025,4,1206.16,4824.64
4338,874,43,08/02/2025,4,1475.06,5900.24
4339,151,187,26/03/2025,1,897.37,897.37
4340,55,53,09/05/2025,5,2787.39,13936.95
4341,235,189,25/06/2025,4,1401.47,5605.88
4342,234,111,23/12/2025,3,2602.98,7808.94
4343,603,187,30/09/2025,4,897.37,3589.48
4344,50,119,29/06/2025,5,1079.03,5395.15
4345,998,163,08/07/2025,2,2777.8,5555.6
4346,272,132,08/06/2025,2,2731.01,5462.02
4347,131,32,22/12/2025,5,2758.95,13794.75
4348,770,60,16/06/2025,5,1734.26,8671.3
4349,900,65,18/05/2025,3,1653.49,4960.47
4350,49,9,11/05/2025,4,2113.6,8454.4
4351,313,168,27/05/2025,3,2069.83,6209.49
4352,668,120,16/03/2025,3,723.89,2171.67
4353,891,51,27/02/2025,1,2611.96,2611.96
4354,144,50,18/08/2025,2,1261.23,2522.46
4355,293,198,11/11/2025,5,765.25,3826.25
4356,784,189,16/12/2025,4,1401.47,5605.88
4357,963,159,19/08/2025,1,568.25,568.25
4358,449,199,16/04/2025,4,2160.76,8643.04
4359,249,171,27/11/2025,3,1831.63,5494.89
4360,657,174,08/09/2025,2,1789.54,3579.08
4361,174,8,12/10/2025,2,1086.73,2173.46
4362,552,98,07/02/2025,2,1142.29,2284.58
4363,920,122,07/01/2025,3,1884.86,5654.58
4364,671,139,04/02/2025,1,2987.14,2987.14
4365,622,100,22/01/2025,2,199.13,398.26
4366,262,85,17/01/2025,2,615.06,1230.12
4367,396,156,16/06/2025,2,256.84,513.68
4368,737,140,16/03/2025,5,1975.57,9877.85
4369,274,160,19/06/2025,2,1484.51,2969.02
4370,869,59,07/01/2025,3,2913.7,8741.1
4371,37,180,21/09/2025,1,2951.82,2951.82
4372,71,184,14/08/2025,4,1206.16,4824.64
4373,486,130,21/09/2025,3,1263.65,3790.95
4374,927,18,26/06/2025,4,2297.27,9189.08
4375,177,72,11/05/2025,3,2991.29,8973.87
4376,939,172,14/05/2025,3,2166.2,6498.6
4377,269,110,30/09/2025,1,2713.54,2713.54
4378,216,137,19/12/2025,3,2071.83,6215.49
4379,68,122,14/11/2025,5,1884.86,9424.3
4380,223,116,24/02/2025,5,928.68,4643.4
4381,16,165,04/05/2025,3,2278.17,6834.51
4382,660,153,17/03/2025,1,1709.79,1709.79
4383,550,117,20/09/2025,5,1192.33,5961.65
4384,677,66,17/07/2025,5,273.54,1367.7
4385,824,160,24/10/2025,5,1484.51,7422.55
4386,436,151,21/09/2025,5,98.07,490.35
4387,796,40,01/02/2025,5,1715.81,8579.05
4388,314,81,24/10/2025,4,2963.2,11852.8
4389,720,35,23/02/2025,4,1391.9,5567.6
4390,281,116,10/05/2025,2,928.68,1857.36
4391,386,60,15/02/2025,1,1734.26,1734.26
4392,883,187,04/10/2025,5,897.37,4486.85
4393,766,98,31/03/2025,3,1142.29,3426.87
4394,275,34,13/10/2025,2,481.05,962.1
4395,665,58,19/08/2025,5,476.53,2382.65
4396,167,134,02/05/2025,2,636.14,1272.28
4397,582,27,27/02/2025,2,68.58,137.16
4398,662,169,13/09/2025,5,2665.01,13325.05
4399,31,101,18/10/2025,2,2371.78,4743.56
4400,216,45,21/09/2025,5,1793.79,8968.95
4401,947,13,13/10/2025,5,1979.45,9897.25
4402,947,55,16/03/2025,2,142.72,285.44
4403,125,12,08/01/2025,1,1216.64,1216.64
4404,190,59,02/01/2025,2,2913.7,5827.4
4405,17,17,17/07/2025,5,2537.66,12688.3
4406,473,112,28/02/2025,4,282.3,1129.2
4407,47,8,20/11/2025,5,1086.73,5433.65
4408,612,172,13/12/2025,5,2166.2,10831.0
4409,493,184,04/03/2025,4,1206.16,4824.64
4410,12,141,01/06/2025,1,2752.99,2752.99
4411,194,96,17/02/2025,4,1459.42,5837.68
4412,296,16,11/10/2025,2,1659.24,3318.48
4413,297,82,25/11/2025,2,2468.32,4936.64
4414,967,22,19/09/2025,5,2301.81,11509.05
4415,774,13,22/05/2025,4,1979.45,7917.8
4416,432,193,25/11/2025,5,423.21,2116.05
4417,142,50,08/06/2025,3,1261.23,3783.69
4418,419,151,13/12/2025,3,98.07,294.21
4419,810,26,02/01/2025,1,2949.21,2949.21
4420,204,188,23/08/2025,1,2076.06,2076.06
4421,856,193,04/04/2025,4,423.21,1692.84
4422,4,95,18/06/2025,3,2256.06,6768.18
4423,976,191,14/07/2025,5,357.25,1786.25
4424,449,20,11/01/2025,3,1833.07,5499.21
4425,925,177,12/08/2025,1,1381.56,1381.56
4426,444,172,05/08/2025,4,2166.2,8664.8
4427,276,24,07/01/2025,1,1353.55,1353.55
4428,927,166,09/07/2025,4,547.69,2190.76
4429,307,23,27/12/2025,1,1092.83,1092.83
4430,861,58,01/01/2025,3,476.53,1429.59
4431,828,115,15/06/2025,5,138.46,692.3
4432,103,103,30/10/2025,5,1971.18,9855.9
4433,276,198,29/08/2025,5,765.25,3826.25
4434,43,134,08/01/2025,5,636.14,3180.7
4435,377,198,10/04/2025,5,765.25,3826.25
4436,441,108,14/04/2025,5,708.88,3544.4
4437,302,142,13/07/2025,2,222.09,444.18
4438,548,186,17/10/2025,5,1394.81,6974.05
4439,637,104,18/07/2025,2,218.46,436.92
4440,622,118,28/09/2025,1,74.75,74.75
4441,240,139,13/10/2025,4,2987.14,11948.56
4442,569,134,02/03/2025,5,636.14,3180.7
4443,484,136,11/11/2025,4,2590.51,10362.04
4444,75,94,09/07/2025,1,627.33,627.33
4445,823,152,03/04/2025,4,1858.5,7434.0
4446,372,117,19/10/2025,1,1192.33,1192.33
4447,466,97,21/12/2025,1,2091.31,2091.31
4448,609,61,12/01/2025,2,681.82,1363.64
4449,966,23,09/08/2025,2,1092.83,2185.66
4450,903,180,21/08/2025,3,2951.82,8855.46
4451,870,162,23/10/2025,5,116.04,580.2
4452,573,48,08/01/2025,4,2767.18,11068.72
4453,310,21,03/01/2025,5,1645.97,8229.85
4454,780,147,13/03/2025,3,2884.36,8653.08
4455,964,19,04/07/2025,4,2481.94,9927.76
4456,344,131,02/03/2025,3,475.19,1425.57
4457,472,125,29/05/2025,4,692.24,2768.96
4458,724,24,07/09/2025,2,1353.55,2707.1
4459,304,99,05/04/2025,5,149.58,747.9
4460,803,20,05/10/2025,1,1833.07,1833.07
4461,690,166,16/03/2025,5,547.69,2738.45
4462,288,24,31/12/2025,5,1353.55,6767.75
4463,607,104,12/08/2025,2,218.46,436.92
4464,273,46,14/03/2025,2,131.37,262.74
4465,618,123,20/09/2025,3,2673.4,8020.2
4466,602,20,28/01/2025,4,1833.07,7332.28
4467,831,182,07/07/2025,3,2300.18,6900.54
4468,273,34,11/10/2025,1,481.05,481.05
4469,355,175,10/07/2025,3,1931.35,5794.05
4470,498,12,11/08/2025,3,1216.64,3649.92
4471,799,130,02/01/2025,2,1263.65,2527.3
4472,866,148,06/03/2025,2,1340.15,2680.3
4473,865,94,01/01/2025,4,627.33,2509.32
4474,728,148,26/01/2025,1,1340.15,1340.15
4475,65,162,23/04/2025,4,116.04,464.16
4476,948,181,29/07/2025,3,1681.95,5045.85
4477,282,14,29/03/2025,4,2995.33,11981.32
4478,217,35,29/08/2025,3,1391.9,4175.7
4479,182,129,14/10/2025,2,2620.65,5241.3
4480,626,84,03/01/2025,3,153.74,461.22
4481,60,23,24/09/2025,4,1092.83,4371.32
4482,668,133,24/03/2025,2,1358.52,2717.04
4483,706,68,04/05/2025,4,2290.86,9163.44
4484,93,35,07/02/2025,4,1391.9,5567.6
4485,399,139,04/01/2025,3,2987.14,8961.42
4486,494,17,29/06/2025,1,2537.66,2537.66
4487,966,144,16/02/2025,1,568.72,568.72
4488,119,148,01/01/2025,3,1340.15,4020.45
4489,626,46,25/02/2025,4,131.37,525.48
4490,836,169,11/06/2025,1,2665.01,2665.01
4491,191,110,23/01/2025,1,2713.54,2713.54
4492,762,93,14/08/2025,2,2225.24,4450.48
4493,55,146,13/04/2025,2,2642.79,5285.58
4494,45,9,06/02/2025,4,2113.6,8454.4
4495,830,111,10/06/2025,5,2602.98,13014.9
4496,697,4,05/09/2025,1,1718.68,1718.68
4497,263,180,16/09/2025,1,2951.82,2951.82
4498,588,80,31/12/2025,5,2313.65,11568.25
4499,336,179,27/04/2025,3,1565.73,4697.19
4500,831,166,18/10/2025,2,547.69,1095.38
4501,535,120,31/10/2025,4,723.89,2895.56
4502,569,147,31/07/2025,2,2884.36,5768.72
4503,353,34,12/05/2025,5,481.05,2405.25
4504,286,121,31/07/2025,1,842.12,842.12
4505,857,188,16/11/2025,1,2076.06,2076.06
4506,813,185,14/03/2025,5,2325.56,11627.8
4507,486,52,03/10/2025,3,2248.08,6744.24
4508,85,55,19/01/2025,1,142.72,142.72
4509,265,86,20/03/2025,1,484.85,484.85
4510,361,199,06/12/2025,5,2160.76,10803.8
4511,626,104,17/12/2025,2,218.46,436.92
4512,188,18,01/06/2025,4,2297.27,9189.08
4513,219,187,13/08/2025,3,897.37,2692.11
4514,263,135,22/06/2025,2,1751.47,3502.94
4515,893,39,29/09/2025,4,293.88,1175.52
4516,62,104,07/10/2025,3,218.46,655.38
4517,446,10,18/08/2025,4,2650.82,10603.28
4518,199,151,23/04/2025,5,98.07,490.35
4519,735,65,05/10/2025,3,1653.49,4960.47
4520,516,50,05/06/2025,5,1261.23,6306.15
4521,991,46,27/04/2025,3,131.37,394.11
4522,392,162,27/07/2025,3,116.04,348.12
4523,937,36,25/01/2025,5,432.46,2162.3
4524,339,86,17/08/2025,1,484.85,484.85
4525,836,114,27/12/2025,3,1690.85,5072.55
4526,52,101,18/08/2025,3,2371.78,7115.34
4527,635,86,10/02/2025,3,484.85,1454.55
4528,373,102,16/04/2025,2,828.42,1656.84
4529,579,47,01/11/2025,1,1157.01,1157.01
4530,35,139,16/06/2025,3,2987.14,8961.42
4531,110,11,19/11/2025,4,-50.0,-200.0
4532,717,80,08/12/2025,1,2313.65,2313.65
4533,615,27,21/02/2025,2,68.58,137.16
4534,974,22,25/08/2025,1,2301.81,2301.81
4535,798,130,18/02/2025,4,1263.65,5054.6
4536,616,176,14/03/2025,1,1571.53,1571.53
4537,337,76,16/12/2025,4,286.99,1147.96
4538,399,14,28/03/2025,2,2995.33,5990.66
4539,650,7,14/11/2025,4,2303.52,9214.08
4540,380,60,18/05/2025,3,1734.26,5202.78
4541,716,22,01/01/2025,2,2301.81,4603.62
4542,915,22,04/04/2025,2,2301.81,4603.62
4543,449,81,02/07/2025,5,2963.2,14816.0
4544,893,16,22/03/2025,1,1659.24,1659.24
4545,881,107,10/02/2025,1,891.64,891.64
4546,328,29,20/04/2025,3,39.58,118.74
4547,884,185,27/06/2025,2,2325.56,4651.12
4548,990,168,13/05/2025,5,2069.83,10349.15
4549,451,163,23/06/2025,5,2777.8,13889.0
4550,33,113,23/01/2025,3,1511.94,4535.82
4551,979,127,15/08/2025,1,281.63,281.63
4552,722,49,26/08/2025,2,1056.83,2113.66
4553,610,141,01/07/2025,1,2752.99,2752.99
4554,726,191,12/12/2025,5,357.25,1786.25
4555,375,165,29/04/2025,1,2278.17,2278.17
4556,683,193,25/01/2025,1,423.21,423.21
4557,10,101,13/12/2025,3,2371.78,7115.34
4558,637,56,07/01/2025,3,1703.44,5110.32
4559,209,177,02/03/2025,5,1381.56,6907.8
4560,4,72,06/03/2025,3,2991.29,8973.87
4561,961,9,08/08/2025,2,2113.6,4227.2
4562,47,130,24/12/2025,5,1263.65,6318.25
4563,996,195,02/02/2025,3,553.06,1659.18
4564,74,139,17/11/2025,3,2987.14,8961.42
4565,629,25,01/12/2025,2,20.58,41.16
4566,345,158,31/03/2025,5,1416.92,7084.6
4567,983,140,27/06/2025,3,1975.57,5926.71
4568,779,193,11/07/2025,2,423.21,846.42
4569,703,146,17/03/2025,3,2642.79,7928.37
4570,47,93,06/02/2025,4,2225.24,8900.96
4571,35,16,07/09/2025,4,1659.24,6636.96
4572,584,148,26/11/2025,1,1340.15,1340.15
4573,20,102,08/08/2025,5,828.42,4142.1
4574,966,141,07/02/2025,1,2752.99,2752.99
4575,560,100,02/09/2025,4,199.13,796.52
4576,270,12,03/09/2025,2,1216.64,2433.28
4577,513,69,22/04/2025,2,1686.7,3373.4
4578,679,50,28/05/2025,5,1261.23,6306.15
4579,315,149,26/04/2025,3,472.83,1418.49
4580,22,1,09/09/2025,4,321.65,1286.6
4581,470,97,21/06/2025,2,2091.31,4182.62
4582,336,3,24/03/2025,2,595.5,1191.0
4583,649,90,07/02/2025,1,60.93,60.93
4584,506,55,10/06/2025,4,142.72,570.88
4585,262,34,05/04/2025,4,481.05,1924.2
4586,293,28,03/10/2025,4,2980.37,11921.48
4587,261,48,01/02/2025,5,2767.18,13835.9
4588,643,48,26/12/2025,5,2767.18,13835.9
4589,798,39,24/04/2025,2,293.88,587.76
4590,316,85,05/02/2025,1,615.06,615.06
4591,16,189,20/10/2025,1,1401.47,1401.47
4592,41,165,13/12/2025,4,2278.17,9112.68
4593,48,92,03/01/2025,2,87.79,175.58
4594,653,196,12/10/2025,5,2691.92,13459.6
4595,936,106,10/05/2025,5,2595.56,12977.8
4596,249,4,01/03/2025,2,1718.68,3437.36
4597,91,99,16/08/2025,4,149.58,598.32
4598,226,35,04/01/2025,5,1391.9,6959.5
4599,289,174,22/08/2025,3,1789.54,5368.62
4600,343,194,12/10/2025,5,983.91,4919.55
4601,809,140,15/06/2025,4,1975.57,7902.28
4602,878,145,14/02/2025,2,2186.7,4373.4
4603,176,152,05/08/2025,5,1858.5,9292.5
4604,320,43,24/01/2025,4,1475.06,5900.24
4605,237,62,10/12/2025,4,2363.38,9453.52
4606,824,46,22/12/2025,1,131.37,131.37
4607,145,118,01/07/2025,3,74.75,224.25
4608,534,48,11/05/2025,1,2767.18,2767.18
4609,474,119,22/12/2025,1,1079.03,1079.03
4610,611,33,16/08/2025,1,1677.84,1677.84
4611,118,24,24/03/2025,3,1353.55,4060.65
4612,232,183,04/01/2025,5,585.75,2928.75
4613,186,49,25/12/2025,4,1056.83,4227.32
4614,981,44,28/11/2025,1,2462.16,2462.16
4615,815,156,04/02/2025,2,256.84,513.68
4616,362,135,25/09/2025,1,1751.47,1751.47
4617,587,126,18/12/2025,1,2693.58,2693.58
4618,375,145,11/08/2025,1,2186.7,2186.7
4619,109,198,15/09/2025,1,765.25,765.25
4620,448,55,10/07/2025,5,142.72,713.6
4621,341,141,11/02/2025,5,2752.99,13764.95
4622,748,151,19/10/2025,3,98.07,294.21
4623,768,119,27/03/2025,4,1079.03,4316.12
4624,721,177,15/07/2025,1,1381.56,1381.56
4625,570,133,29/12/2025,1,1358.52,1358.52
4626,52,193,02/05/2025,3,423.21,1269.63
4627,491,137,21/04/2025,5,2071.83,10359.15
4628,69,141,08/11/2025,4,2752.99,11011.96
4629,966,40,25/10/2025,5,1715.81,8579.05
4630,492,45,22/05/2025,5,1793.79,8968.95
4631,340,80,03/12/2025,1,2313.65,2313.65
4632,99,132,28/03/2025,2,2731.01,5462.02
4633,740,194,25/03/2025,4,983.91,3935.64
4634,2,14,10/10/2025,2,2995.33,5990.66
4635,219,158,02/10/2025,3,1416.92,4250.76
4636,131,161,11/03/2025,2,508.08,1016.16
4637,679,40,10/05/2025,1,1715.81,1715.81
4638,91,72,07/09/2025,3,2991.29,8973.87
4639,286,168,09/03/2025,2,2069.83,4139.66
4640,947,192,26/02/2025,5,2814.77,14073.85
4641,68,108,23/10/2025,3,708.88,2126.64
4642,617,182,25/12/2025,2,2300.18,4600.36
4643,11,173,18/11/2025,2,1842.28,3684.56
4644,753,4,19/01/2025,2,1718.68,3437.36
4645,650,54,22/05/2025,1,181.3,181.3
4646,960,183,23/04/2025,2,585.75,1171.5
4647,873,34,13/08/2025,2,481.05,962.1
4648,510,92,23/12/2025,2,87.79,175.58
4649,897,27,10/07/2025,2,68.58,137.16
4650,736,50,08/03/2025,1,1261.23,1261.23
4651,516,24,21/06/2025,4,1353.55,5414.2
4652,908,13,10/05/2025,4,1979.45,7917.8
4653,406,51,16/12/2025,1,2611.96,2611.96
4654,845,15,01/11/2025,3,2801.89,8405.67
4655,237,113,24/08/2025,4,1511.94,6047.76
4656,365,102,19/02/2025,5,828.42,4142.1
4657,626,138,09/03/2025,2,2730.5,5461.0
4658,787,19,30/11/2025,1,2481.94,2481.94
4659,166,154,01/08/2025,1,1797.15,1797.15
4660,700,176,29/08/2025,1,1571.53,1571.53
4661,306,97,21/01/2025,5,2091.31,10456.55
4662,882,41,29/09/2025,5,2208.11,11040.55
4663,224,31,15/05/2025,1,84.67,84.67
4664,254,190,22/05/2025,5,289.51,1447.55
4665,69,159,20/07/2025,4,568.25,2273.0
4666,167,39,11/02/2025,5,293.88,1469.4
4667,821,52,03/08/2025,1,2248.08,2248.08
4668,499,4,29/01/2025,5,1718.68,8593.4
4669,376,104,08/07/2025,5,218.46,1092.3
4670,993,107,24/08/2025,4,891.64,3566.56
4671,977,193,16/07/2025,1,423.21,423.21
4672,240,180,20/03/2025,4,2951.82,11807.28
4673,87,147,21/07/2025,5,2884.36,14421.8
4674,371,93,05/06/2025,1,2225.24,2225.24
4675,596,74,03/06/2025,3,813.45,2440.35
4676,672,10,09/08/2025,4,2650.82,10603.28
4677,401,51,06/11/2025,3,2611.96,7835.88
4678,789,49,18/10/2025,2,1056.83,2113.66
4679,427,89,04/06/2025,1,2781.65,2781.65
4680,663,155,27/03/2025,4,2068.39,8273.56
4681,465,49,28/03/2025,2,1056.83,2113.66
4682,395,35,02/03/2025,4,1391.9,5567.6
4683,91,76,11/05/2025,2,286.99,573.98
4684,222,106,25/06/2025,2,2595.56,5191.12
4685,964,168,23/12/2025,5,2069.83,10349.15
4686,329,69,21/02/2025,2,1686.7,3373.4
4687,696,132,22/11/2025,5,2731.01,13655.05
4688,908,11,10/09/2025,5,-50.0,-250.0
4689,972,153,20/02/2025,5,1709.79,8548.95
4690,758,160,17/03/2025,4,1484.51,5938.04
4691,655,62,31/12/2025,3,2363.38,7090.14
4692,87,169,20/10/2025,5,2665.01,13325.05
4693,700,98,23/04/2025,3,1142.29,3426.87
4694,206,144,03/05/2025,3,568.72,1706.16
4695,909,35,24/08/2025,3,1391.9,4175.7
4696,998,48,08/12/2025,3,2767.18,8301.54
4697,59,94,01/05/2025,5,627.33,3136.65
4698,231,63,14/04/2025,3,413.92,1241.76
4699,973,9,09/02/2025,2,2113.6,4227.2
4700,81,181,09/12/2025,3,1681.95,5045.85
4701,542,128,15/01/2025,4,1571.74,6286.96
4702,383,185,09/07/2025,3,2325.56,6976.68
4703,885,120,20/12/2025,4,723.89,2895.56
4704,578,173,13/09/2025,3,1842.28,5526.84
4705,339,117,28/10/2025,4,1192.33,4769.32
4706,730,185,22/11/2025,3,2325.56,6976.68
4707,344,52,03/05/2025,3,2248.08,6744.24
4708,448,95,30/08/2025,5,2256.06,11280.3
4709,878,70,17/07/2025,4,1198.05,4792.2
4710,954,187,15/09/2025,5,897.37,4486.85
4711,392,17,17/04/2025,4,2537.66,10150.64
4712,928,72,10/02/2025,2,2991.29,5982.58
4713,182,88,09/07/2025,3,744.28,2232.84
4714,23,138,21/10/2025,1,2730.5,2730.5
4715,341,159,18/09/2025,3,568.25,1704.75
4716,90,88,24/07/2025,2,744.28,1488.56
4717,611,37,10/07/2025,3,2671.08,8013.24
4718,590,98,04/06/2025,4,1142.29,4569.16
4719,865,115,27/02/2025,2,138.46,276.92
4720,874,62,21/08/2025,1,2363.38,2363.38
4721,891,71,03/05/2025,2,604.38,1208.76
4722,377,199,02/03/2025,5,2160.76,10803.8
4723,273,47,04/03/2025,4,1157.01,4628.04
4724,956,74,08/12/2025,1,813.45,813.45
4725,977,68,26/10/2025,5,2290.86,11454.3
4726,201,64,01/08/2025,2,1438.05,2876.1
4727,837,30,12/06/2025,3,660.17,1980.51
4728,908,80,29/01/2025,2,2313.65,4627.3
4729,464,146,23/04/2025,4,2642.79,10571.16
4730,674,198,26/04/2025,4,765.25,3061.0
4731,107,175,16/01/2025,1,1931.35,1931.35
4732,547,166,11/09/2025,1,547.69,547.69
4733,963,136,27/03/2025,3,2590.51,7771.53
4734,146,31,08/07/2025,1,84.67,84.67
4735,748,141,17/02/2025,4,2752.99,11011.96
4736,939,143,12/06/2025,3,2846.83,8540.49
4737,161,54,03/12/2025,3,181.3,543.9
4738,287,190,10/08/2025,2,289.51,579.02
4739,911,130,13/05/2025,4,1263.65,5054.6
4740,274,175,25/01/2025,4,1931.35,7725.4
4741,116,128,26/11/2025,2,1571.74,3143.48
4742,989,42,21/12/2025,1,2382.85,2382.85
4743,542,106,17/03/2025,3,2595.56,7786.68
4744,228,114,20/08/2025,4,1690.85,6763.4
4745,136,148,24/07/2025,4,1340.15,5360.6
4746,699,83,07/04/2025,4,1877.08,7508.32
4747,200,120,27/02/2025,1,723.89,723.89
4748,286,16,19/11/2025,1,1659.24,1659.24
4749,718,92,13/08/2025,2,87.79,175.58
4750,955,138,13/01/2025,1,2730.5,2730.5
4751,950,95,29/11/2025,3,2256.06,6768.18
4752,532,169,19/01/2025,1,2665.01,2665.01
4753,26,39,16/12/2025,4,293.88,1175.52
4754,183,187,03/02/2025,2,897.37,1794.74
4755,317,48,26/08/2025,3,2767.18,8301.54
4756,679,50,06/08/2025,1,1261.23,1261.23
4757,28,155,27/04/2025,3,2068.39,6205.17
4758,991,147,22/04/2025,1,2884.36,2884.36
4759,782,102,18/11/2025,5,828.42,4142.1
4760,711,23,26/03/2025,4,1092.83,4371.32
4761,931,9,04/03/2025,2,2113.6,4227.2
4762,203,97,27/06/2025,5,2091.31,10456.55
4763,360,182,23/09/2025,2,2300.18,4600.36
4764,795,101,14/01/2025,2,2371.78,4743.56
4765,616,166,22/10/2025,2,547.69,1095.38
4766,744,162,07/05/2025,4,116.04,464.16
4767,353,33,12/11/2025,3,1677.84,5033.52
4768,361,169,01/05/2025,2,2665.01,5330.02
4769,152,44,24/11/2025,2,2462.16,4924.32
4770,710,198,27/04/2025,4,765.25,3061.0
4771,717,158,25/09/2025,2,1416.92,2833.84
4772,618,156,01/01/2025,2,256.84,513.68
4773,295,94,20/12/2025,4,627.33,2509.32
4774,711,57,26/04/2025,3,1517.16,4551.48
4775,133,59,07/08/2025,4,2913.7,11654.8
4776,90,130,18/01/2025,3,1263.65,3790.95
4777,481,102,26/01/2025,1,828.42,828.42
4778,565,118,19/09/2025,1,74.75,74.75
4779,192,100,12/09/2025,5,199.13,995.65
4780,807,31,23/03/2025,5,84.67,423.35
4781,850,52,20/01/2025,4,2248.08,8992.32
4782,102,4,05/03/2025,4,1718.68,6874.72
4783,160,102,01/07/2025,1,828.42,828.42
4784,661,142,13/10/2025,2,222.09,444.18
4785,695,144,28/12/2025,2,568.72,1137.44
4786,92,127,29/12/2025,4,281.63,1126.52
4787,781,68,13/05/2025,5,2290.86,11454.3
4788,799,104,13/04/2025,4,218.46,873.84
4789,333,114,09/03/2025,3,1690.85,5072.55
4790,149,54,20/12/2025,2,181.3,362.6
4791,157,37,31/12/2025,2,2671.08,5342.16
4792,521,5,08/11/2025,1,1684.1,1684.1
4793,300,65,27/06/2025,2,1653.49,3306.98
4794,574,172,20/03/2025,5,2166.2,10831.0
4795,735,171,02/04/2025,2,1831.63,3663.26
4796,752,91,30/01/2025,4,929.25,3717.0
4797,387,47,22/06/2025,5,1157.01,5785.05
4798,217,96,19/07/2025,1,1459.42,1459.42
4799,249,163,06/05/2025,4,2777.8,11111.2
4800,69,166,30/09/2025,1,547.69,547.69
4801,57,70,17/12/2025,4,1198.05,4792.2
4802,813,126,23/02/2025,3,2693.58,8080.74
4803,848,61,06/09/2025,1,681.82,681.82
4804,686,81,14/10/2025,2,2963.2,5926.4
4805,973,79,01/12/2025,1,1789.75,1789.75
4806,576,83,07/01/2025,2,1877.08,3754.16
4807,910,169,23/04/2025,1,2665.01,2665.01
4808,794,99,25/07/2025,2,149.58,299.16
4809,677,15,27/05/2025,5,2801.89,14009.45
4810,680,103,20/10/2025,2,1971.18,3942.36
4811,849,185,03/12/2025,4,2325.56,9302.24
4812,375,99,10/06/2025,1,149.58,149.58
4813,749,71,24/01/2025,4,604.38,2417.52
4814,371,82,19/10/2025,3,2468.32,7404.96
4815,75,45,08/07/2025,1,1793.79,1793.79
4816,89,110,06/02/2025,3,2713.54,8140.62
4817,80,145,18/06/2025,3,2186.7,6560.1
4818,439,70,19/10/2025,1,1198.05,1198.05
4819,956,172,23/10/2025,1,2166.2,2166.2
4820,739,97,19/04/2025,5,2091.31,10456.55
4821,606,83,08/10/2025,4,1877.08,7508.32
4822,509,92,31/01/2025,2,87.79,175.58
4823,489,1,10/01/2025,2,321.65,643.3
4824,260,44,23/03/2025,4,2462.16,9848.64
4825,683,4,15/11/2025,1,1718.68,1718.68
4826,888,167,19/02/2025,4,2604.04,10416.16
4827,140,187,18/03/2025,1,897.37,897.37
4828,315,19,20/10/2025,2,2481.94,4963.88
4829,250,193,14/11/2025,4,423.21,1692.84
4830,414,119,18/10/2025,5,1079.03,5395.15
4831,663,117,19/01/2025,4,1192.33,4769.32
4832,580,134,21/04/2025,4,636.14,2544.56
4833,76,43,09/09/2025,4,1475.06,5900.24
4834,915,124,10/02/2025,2,2833.53,5667.06
4835,818,155,09/03/2025,2,2068.39,4136.78
4836,449,167,12/12/2025,4,2604.04,10416.16
4837,783,8,23/06/2025,4,1086.73,4346.92
4838,713,148,01/10/2025,5,1340.15,6700.75
4839,637,122,04/08/2025,5,1884.86,9424.3
4840,361,61,20/11/2025,2,681.82,1363.64
4841,702,147,14/04/2025,3,2884.36,8653.08
4842,119,155,19/11/2025,1,2068.39,2068.39
4843,789,98,08/06/2025,3,1142.29,3426.87
4844,193,8,11/12/2025,5,1086.73,5433.65
4845,743,149,04/04/2025,3,472.83,1418.49
4846,239,32,24/01/2025,2,2758.95,5517.9
4847,163,31,05/02/2025,5,84.67,423.35
4848,361,7,06/09/2025,3,2303.52,6910.56
4849,827,97,25/05/2025,3,2091.31,6273.93
4850,577,164,26/05/2025,4,683.21,2732.84
4851,492,2,01/01/2025,1,1604.35,1604.35
4852,144,108,26/08/2025,5,708.88,3544.4
4853,406,79,06/10/2025,3,1789.75,5369.25
4854,682,196,12/09/2025,4,2691.92,10767.68
4855,411,77,18/08/2025,5,1282.15,6410.75
4856,608,116,15/02/2025,3,928.68,2786.04
4857,430,52,27/06/2025,4,2248.08,8992.32
4858,437,177,12/05/2025,1,1381.56,1381.56
4859,879,85,12/01/2025,1,615.06,615.06
4860,417,63,11/06/2025,3,413.92,1241.76
4861,716,57,12/04/2025,4,1517.16,6068.64
4862,39,151,20/05/2025,4,98.07,392.28
4863,579,110,06/04/2025,5,2713.54,13567.7
4864,986,119,10/02/2025,4,1079.03,4316.12
4865,113,163,29/11/2025,5,2777.8,13889.0
4866,367,36,23/12/2025,5,432.46,2162.3
4867,390,58,16/04/2025,3,476.53,1429.59
4868,51,178,31/10/2025,3,2635.78,7907.34
4869,478,185,02/04/2025,1,2325.56,2325.56
4870,377,90,24/03/2025,1,60.93,60.93
4871,542,42,31/07/2025,4,2382.85,9531.4
4872,691,53,03/06/2025,4,2787.39,11149.56
4873,241,21,11/11/2025,3,1645.97,4937.91
4874,297,135,14/10/2025,5,1751.47,8757.35
4875,861,146,10/11/2025,3,2642.79,7928.37
4876,403,90,31/07/2025,3,60.93,182.79
4877,674,112,02/06/2025,2,282.3,564.6
4878,996,85,30/05/2025,3,615.06,1845.18
4879,764,57,30/12/2025,3,1517.16,4551.48
4880,264,19,10/11/2025,3,2481.94,7445.82
4881,125,102,05/11/2025,5,828.42,4142.1
4882,604,63,05/05/2025,5,413.92,2069.6
4883,854,181,22/05/2025,3,1681.95,5045.85
4884,593,116,26/04/2025,3,928.68,2786.04
4885,589,70,16/05/2025,4,1198.05,4792.2
4886,18,135,29/03/2025,5,1751.47,8757.35
4887,150,58,31/10/2025,1,476.53,476.53
4888,337,129,07/03/2025,4,2620.65,10482.6
4889,620,186,22/04/2025,4,1394.81,5579.24
4890,590,172,25/11/2025,5,2166.2,10831.0
4891,790,134,19/05/2025,5,636.14,3180.7
4892,103,64,23/02/2025,2,1438.05,2876.1
4893,991,3,17/08/2025,5,595.5,2977.5
4894,133,16,28/02/2025,2,1659.24,3318.48
4895,882,123,03/09/2025,1,2673.4,2673.4
4896,335,78,28/06/2025,5,587.66,2938.3
4897,198,74,09/07/2025,4,813.45,3253.8
4898,345,121,09/03/2025,5,842.12,4210.6
4899,880,200,20/01/2025,2,291.75,583.5
4900,251,3,04/06/2025,1,595.5,595.5
4901,285,146,05/06/2025,4,2642.79,10571.16
4902,391,17,09/11/2025,2,2537.66,5075.32
4903,229,146,15/01/2025,1,2642.79,2642.79
4904,145,189,24/02/2025,3,1401.47,4204.41
4905,140,200,15/04/2025,1,291.75,291.75
4906,752,119,21/07/2025,3,1079.03,3237.09
4907,886,92,28/12/2025,5,87.79,438.95
4908,610,101,19/06/2025,2,2371.78,4743.56
4909,597,87,02/01/2025,4,354.87,1419.48
4910,569,111,21/10/2025,1,2602.98,2602.98
4911,625,56,14/05/2025,1,1703.44,1703.44
4912,723,93,02/06/2025,5,2225.24,11126.2
4913,194,67,23/07/2025,3,1314.78,3944.34
4914,398,57,07/02/2025,1,1517.16,1517.16
4915,229,139,09/07/2025,5,2987.14,14935.7
4916,50,53,04/04/2025,3,2787.39,8362.17
4917,196,105,10/12/2025,2,1995.69,3991.38
4918,759,35,08/05/2025,1,1391.9,1391.9
4919,200,80,30/05/2025,4,2313.65,9254.6
4920,188,68,17/04/2025,4,2290.86,9163.44
4921,672,28,04/06/2025,1,2980.37,2980.37
4922,238,170,24/10/2025,4,1226.5,4906.0
4923,426,130,04/10/2025,4,1263.65,5054.6
4924,852,8,10/10/2025,1,1086.73,1086.73
4925,811,167,30/12/2025,3,2604.04,7812.12
4926,725,37,24/05/2025,5,2671.08,13355.4
4927,391,193,26/01/2025,5,423.21,2116.05
4928,157,168,28/11/2025,1,2069.83,2069.83
4929,679,125,27/05/2025,4,692.24,2768.96
4930,66,120,07/04/2025,3,723.89,2171.67
4931,39,78,13/06/2025,2,587.66,1175.32
4932,60,40,02/10/2025,2,1715.81,3431.62
4933,813,94,25/03/2025,1,627.33,627.33
4934,166,144,24/05/2025,5,568.72,2843.6
4935,433,101,03/04/2025,3,2371.78,7115.34
4936,460,193,23/03/2025,3,423.21,1269.63
4937,204,52,24/09/2025,2,2248.08,4496.16
4938,157,160,05/01/2025,2,1484.51,2969.02
4939,140,5,19/06/2025,2,1684.1,3368.2
4940,411,147,21/04/2025,1,2884.36,2884.36
4941,210,3,12/01/2025,2,595.5,1191.0
4942,225,51,29/07/2025,3,2611.96,7835.88
4943,480,113,21/12/2025,1,1511.94,1511.94
4944,126,172,22/08/2025,4,2166.2,8664.8
4945,374,3,07/08/2025,4,595.5,2382.0
4946,146,199,09/11/2025,4,2160.76,8643.04
4947,625,89,08/05/2025,3,2781.65,8344.95
4948,921,192,30/03/2025,1,2814.77,2814.77
4949,285,165,18/04/2025,3,2278.17,6834.51
4950,58,21,29/04/2025,2,1645.97,3291.94
4951,753,149,13/05/2025,5,472.83,2364.15
4952,836,125,01/05/2025,2,692.24,1384.48
4953,30,56,09/03/2025,3,1703.44,5110.32
4954,48,33,01/06/2025,5,1677.84,8389.2
4955,470,18,09/01/2025,5,2297.27,11486.35
4956,94,117,25/03/2025,2,1192.33,2384.66
4957,678,34,27/01/2025,3,481.05,1443.15
4958,903,96,13/08/2025,1,1459.42,1459.42
4959,834,185,13/05/2025,4,2325.56,9302.24
4960,677,140,22/02/2025,4,1975.57,7902.28
4961,852,122,14/06/2025,4,1884.86,7539.44
4962,845,67,24/02/2025,4,1314.78,5259.12
4963,638,154,16/05/2025,2,1797.15,3594.3
4964,52,99,24/11/2025,3,149.58,448.74
4965,555,59,14/08/2025,5,2913.7,14568.5
4966,158,174,19/11/2025,4,1789.54,7158.16
4967,152,87,02/02/2025,5,354.87,1774.35
4968,185,40,03/11/2025,3,1715.81,5147.43
4969,42,150,17/07/2025,3,338.18,1014.54
4970,404,195,25/05/2025,5,553.06,2765.3
4971,730,66,17/03/2025,5,273.54,1367.7
4972,970,64,08/05/2025,4,1438.05,5752.2
4973,643,49,21/10/2025,4,1056.83,4227.32
4974,788,20,21/02/2025,2,1833.07,3666.14
4975,134,22,25/01/2025,1,2301.81,2301.81
4976,123,136,20/09/2025,4,2590.51,10362.04
4977,43,61,19/12/2025,3,681.82,2045.46
4978,567,107,26/01/2025,5,891.64,4458.2
4979,686,19,26/01/2025,4,2481.94,9927.76
4980,884,125,22/12/2025,3,692.24,2076.72
4981,37,162,03/11/2025,2,116.04,232.08
4982,155,91,28/10/2025,1,929.25,929.25
4983,995,159,09/05/2025,5,568.25,2841.25
4984,712,91,03/11/2025,2,929.25,1858.5
4985,326,189,10/09/2025,1,1401.47,1401.47
4986,105,45,14/03/2025,2,1793.79,3587.58
4987,928,127,11/05/2025,4,281.63,1126.52
4988,256,57,21/08/2025,5,1517.16,7585.8
4989,187,42,04/07/2025,1,2382.85,2382.85
4990,878,75,15/03/2025,2,983.77,1967.54
4991,116,97,12/07/2025,2,2091.31,4182.62
4992,696,83,30/10/2025,3,1877.08,5631.24
4993,901,166,09/04/2025,4,547.69,2190.76
4994,931,50,21/12/2025,1,1261.23,1261.23
4995,553,51,29/05/2025,2,2611.96,5223.92
4996,302,78,10/01/2025,4,587.66,2350.64
4997,313,129,13/09/2025,5,2620.65,13103.25
4998,521,154,19/06/2025,5,1797.15,8985.75
4999,13,70,11/01/2025,4,1198.05,4792.2
5000,824,43,11/07/2025,1,1475.06,1475.06
5001,629,175,17/09/2025,4,1931.35,7725.4
5002,701,90,10/11/2025,1,60.93,60.93
5003,785,81,16/12/2025,2,2963.2,5926.4
5004,459,128,16/11/2025,3,1571.74,4715.22
5005,719,47,07/08/2025,4,1157.01,4628.04
5006,650,169,23/03/2025,2,2665.01,5330.02
5007,971,154,01/08/2025,3,1797.15,5391.45
5008,239,69,20/08/2025,2,1686.7,3373.4
5009,944,128,13/06/2025,4,1571.74,6286.96
5010,814,44,03/07/2025,2,2462.16,4924.32
5011,581,40,03/08/2025,1,1715.81,1715.81
5012,83,103,05/10/2025,3,1971.18,5913.54
5013,86,37,10/03/2025,5,2671.08,13355.4
5014,29,168,21/10/2025,3,2069.83,6209.49
5015,743,41,31/10/2025,2,2208.11,4416.22
5016,293,30,15/06/2025,1,660.17,660.17
5017,947,197,22/04/2025,4,2649.99,10599.96
5018,44,39,12/06/2025,5,293.88,1469.4
5019,324,194,25/07/2025,5,983.91,4919.55
5020,239,112,26/08/2025,2,282.3,564.6
5021,685,185,27/11/2025,2,2325.56,4651.12
5022,419,45,01/06/2025,5,1793.79,8968.95
5023,681,196,22/01/2025,2,2691.92,5383.84
5024,442,97,21/06/2025,1,2091.31,2091.31
5025,680,67,21/09/2025,5,1314.78,6573.9
5026,28,166,23/06/2025,5,547.69,2738.45
5027,100,50,24/02/2025,2,1261.23,2522.46
5028,229,168,21/01/2025,5,2069.83,10349.15
5029,45,70,01/10/2025,5,1198.05,5990.25
5030,873,58,02/02/2025,2,476.53,953.06
5031,839,165,01/04/2025,1,2278.17,2278.17
5032,871,39,30/03/2025,1,293.88,293.88
5033,801,20,01/06/2025,3,1833.07,5499.21
5034,524,170,31/12/2025,1,1226.5,1226.5
5035,382,138,11/08/2025,2,2730.5,5461.0
5036,557,107,13/09/2025,5,891.64,4458.2
5037,412,77,23/02/2025,1,1282.15,1282.15
5038,782,150,29/09/2025,1,338.18,338.18
5039,335,68,03/10/2025,5,2290.86,11454.3
5040,60,100,06/06/2025,3,199.13,597.39
5041,769,35,22/01/2025,1,1391.9,1391.9
5042,814,100,19/10/2025,2,199.13,398.26
5043,951,129,15/08/2025,4,2620.65,10482.6
5044,654,135,06/05/2025,4,1751.47,7005.88
5045,852,81,17/06/2025,5,2963.2,14816.0
5046,795,189,23/11/2025,4,1401.47,5605.88
5047,412,73,09/06/2025,4,753.81,3015.24
5048,794,191,02/11/2025,1,357.25,357.25
5049,446,186,22/04/2025,2,1394.81,2789.62
5050,304,169,27/02/2025,2,2665.01,5330.02
5051,626,37,16/03/2025,4,2671.08,10684.32
5052,184,20,04/04/2025,2,1833.07,3666.14
5053,18,79,24/01/2025,1,1789.75,1789.75
5054,292,42,10/05/2025,5,2382.85,11914.25
5055,545,56,25/05/2025,1,1703.44,1703.44
5056,751,125,18/10/2025,5,692.24,3461.2
5057,792,180,16/02/2025,1,2951.82,2951.82
5058,483,158,20/03/2025,4,1416.92,5667.68
5059,846,195,29/10/2025,4,553.06,2212.24
5060,625,153,23/05/2025,5,1709.79,8548.95
5061,590,177,19/02/2025,5,1381.56,6907.8
5062,668,42,24/12/2025,5,2382.85,11914.25
5063,204,29,11/01/2025,5,39.58,197.9
5064,59,57,05/08/2025,4,1517.16,6068.64
5065,420,6,28/12/2025,2,1257.25,2514.5
5066,3,16,28/06/2025,1,1659.24,1659.24
5067,959,51,04/10/2025,2,2611.96,5223.92
5068,345,50,22/07/2025,5,1261.23,6306.15
5069,194,25,14/06/2025,1,20.58,20.58
5070,647,12,02/04/2025,3,1216.64,3649.92
5071,277,63,01/05/2025,5,413.92,2069.6
5072,564,182,01/07/2025,1,2300.18,2300.18
5073,567,177,02/08/2025,2,1381.56,2763.12
5074,863,158,04/12/2025,2,1416.92,2833.84
5075,798,145,01/02/2025,5,2186.7,10933.5
5076,62,116,01/10/2025,4,928.68,3714.72
5077,715,111,23/08/2025,2,2602.98,5205.96
5078,775,112,27/04/2025,2,282.3,564.6
5079,182,143,14/09/2025,2,2846.83,5693.66
5080,625,99,20/04/2025,2,149.58,299.16
5081,835,124,12/02/2025,4,2833.53,11334.12
5082,518,87,20/11/2025,1,354.87,354.87
5083,987,139,01/04/2025,4,2987.14,11948.56
5084,408,117,07/05/2025,1,1192.33,1192.33
5085,445,142,25/02/2025,3,222.09,666.27
5086,1,20,21/03/2025,2,1833.07,3666.14
5087,680,130,13/04/2025,2,1263.65,2527.3
5088,922,58,20/03/2025,5,476.53,2382.65
5089,102,173,18/09/2025,5,1842.28,9211.4
5090,749,58,06/04/2025,3,476.53,1429.59
5091,473,189,02/02/2025,5,1401.47,7007.35
5092,542,123,29/12/2025,3,2673.4,8020.2
5093,961,196,27/07/2025,1,2691.92,2691.92
5094,976,124,17/07/2025,4,2833.53,11334.12
5095,98,167,05/08/2025,1,2604.04,2604.04
5096,774,162,25/10/2025,3,116.04,348.12
5097,172,2,25/09/2025,5,1604.35,8021.75
5098,103,168,07/05/2025,3,2069.83,6209.49
5099,789,20,07/03/2025,5,1833.07,9165.35
5100,479,156,29/07/2025,4,256.84,1027.36
5101,120,118,22/12/2025,5,74.75,373.75
5102,114,91,03/08/2025,5,929.25,4646.25
5103,594,137,05/10/2025,2,2071.83,4143.66
5104,710,77,05/12/2025,3,1282.15,3846.45
5105,510,46,19/03/2025,1,131.37,131.37
5106,719,101,08/07/2025,4,2371.78,9487.12
5107,713,103,16/07/2025,5,1971.18,9855.9
5108,783,44,01/07/2025,5,2462.16,12310.8
5109,589,25,15/06/2025,2,20.58,41.16
5110,459,53,12/11/2025,3,2787.39,8362.17
5111,520,152,25/03/2025,5,1858.5,9292.5
5112,352,84,05/11/2025,2,153.74,307.48
5113,280,172,18/11/2025,4,2166.2,8664.8
5114,652,3,02/06/2025,4,595.5,2382.0
5115,908,35,08/11/2025,5,1391.9,6959.5
5116,24,114,18/11/2025,3,1690.85,5072.55
5117,487,37,30/07/2025,5,2671.08,13355.4
5118,434,152,02/02/2025,3,1858.5,5575.5
5119,783,113,13/11/2025,5,1511.94,7559.7
5120,406,125,15/10/2025,1,692.24,692.24
5121,4,142,23/08/2025,5,222.09,1110.45
5122,315,176,11/05/2025,4,1571.53,6286.12
5123,573,91,20/10/2025,5,929.25,4646.25
5124,292,104,08/02/2025,3,218.46,655.38
5125,977,131,08/11/2025,2,475.19,950.38
5126,822,130,27/02/2025,3,1263.65,3790.95
5127,421,119,28/05/2025,2,1079.03,2158.06
5128,860,118,19/11/2025,5,74.75,373.75
5129,352,53,25/10/2025,4,2787.39,11149.56
5130,550,137,14/07/2025,1,2071.83,2071.83
5131,300,199,01/10/2025,5,2160.76,10803.8
5132,29,68,11/06/2025,3,2290.86,6872.58
5133,11,155,06/12/2025,2,2068.39,4136.78
5134,656,132,06/01/2025,4,2731.01,10924.04
5135,335,44,17/01/2025,1,2462.16,2462.16
5136,168,103,23/08/2025,2,1971.18,3942.36
5137,41,102,29/05/2025,4,828.42,3313.68
5138,567,155,10/01/2025,1,2068.39,2068.39
5139,861,140,19/05/2025,2,1975.57,3951.14
5140,548,65,24/09/2025,3,1653.49,4960.47
5141,107,198,01/01/2025,2,765.25,1530.5
5142,570,139,12/10/2025,5,2987.14,14935.7
5143,195,171,18/06/2025,1,1831.63,1831.63
5144,495,79,10/10/2025,5,1789.75,8948.75
5145,243,159,31/08/2025,5,568.25,2841.25
5146,269,191,11/10/2025,1,357.25,357.25
5147,356,107,08/01/2025,2,891.64,1783.28
5148,153,115,07/01/2025,3,138.46,415.38
5149,49,1,24/01/2025,2,321.65,643.3
5150,696,89,14/12/2025,4,2781.65,11126.6
5151,413,27,02/11/2025,5,68.58,342.9
5152,365,166,09/01/2025,2,547.69,1095.38
5153,934,92,30/05/2025,4,87.79,351.16
5154,100,143,17/10/2025,3,2846.83,8540.49
5155,197,113,07/12/2025,5,1511.94,7559.7
5156,865,76,18/08/2025,4,286.99,1147.96
5157,584,14,03/09/2025,5,2995.33,14976.65
5158,936,185,01/12/2025,1,2325.56,2325.56
5159,122,136,24/03/2025,4,2590.51,10362.04
5160,425,165,16/01/2025,1,2278.17,2278.17
5161,116,162,07/08/2025,2,116.04,232.08
5162,382,177,25/01/2025,1,1381.56,1381.56
5163,237,70,05/06/2025,3,1198.05,3594.15
5164,973,65,04/11/2025,2,1653.49,3306.98
5165,610,12,05/09/2025,4,1216.64,4866.56
5166,281,171,05/08/2025,3,1831.63,5494.89
5167,573,103,26/03/2025,3,1971.18,5913.54
5168,309,10,14/03/2025,4,2650.82,10603.28
5169,807,200,01/03/2025,2,291.75,583.5
5170,332,89,02/11/2025,5,2781.65,13908.25
5171,447,123,11/06/2025,2,2673.4,5346.8
5172,955,109,05/04/2025,2,1535.45,3070.9
5173,962,47,08/11/2025,1,1157.01,1157.01
5174,9,85,21/04/2025,2,615.06,1230.12
5175,955,163,14/08/2025,3,2777.8,8333.4
5176,813,8,13/09/2025,3,1086.73,3260.19
5177,315,123,05/06/2025,4,2673.4,10693.6
5178,555,74,10/07/2025,3,813.45,2440.35
5179,612,58,12/08/2025,5,476.53,2382.65
5180,335,44,29/04/2025,1,2462.16,2462.16
5181,548,58,04/01/2025,3,476.53,1429.59
5182,501,21,28/05/2025,2,1645.97,3291.94
5183,342,187,22/04/2025,3,897.37,2692.11
5184,105,43,29/01/2025,5,1475.06,7375.3
5185,4,190,21/07/2025,2,289.51,579.02
5186,131,169,16/02/2025,2,2665.01,5330.02
5187,953,18,02/05/2025,4,2297.27,9189.08
5188,946,200,21/11/2025,2,291.75,583.5
5189,994,119,22/03/2025,4,1079.03,4316.12
5190,436,198,02/10/2025,3,765.25,2295.75
5191,658,140,13/11/2025,2,1975.57,3951.14
5192,355,143,31/12/2025,3,2846.83,8540.49
5193,692,83,16/06/2025,5,1877.08,9385.4
5194,176,47,09/12/2025,5,1157.01,5785.05
5195,313,44,13/03/2025,3,2462.16,7386.48
5196,730,81,27/07/2025,1,2963.2,2963.2
5197,119,129,08/09/2025,3,2620.65,7861.95
5198,378,158,18/08/2025,1,1416.92,1416.92
5199,69,15,27/01/2025,3,2801.89,8405.67
5200,542,164,05/07/2025,1,683.21,683.21
5201,316,154,13/05/2025,1,1797.15,1797.15
5202,459,117,18/05/2025,3,1192.33,3576.99
5203,483,59,23/11/2025,3,2913.7,8741.1
5204,220,92,02/06/2025,2,87.79,175.58
5205,449,136,27/02/2025,3,2590.51,7771.53
5206,854,119,02/07/2025,1,1079.03,1079.03
5207,595,77,24/08/2025,5,1282.15,6410.75
5208,205,67,05/11/2025,3,1314.78,3944.34
5209,209,10,29/04/2025,3,2650.82,7952.46
5210,501,131,16/01/2025,5,475.19,2375.95
5211,228,50,29/09/2025,1,1261.23,1261.23
5212,223,108,05/02/2025,1,708.88,708.88
5213,705,52,26/11/2025,2,2248.08,4496.16
5214,534,154,07/08/2025,2,1797.15,3594.3
5215,959,10,31/08/2025,5,2650.82,13254.1
5216,519,137,13/10/2025,2,2071.83,4143.66
5217,70,91,03/09/2025,2,929.25,1858.5
5218,557,122,05/01/2025,2,1884.86,3769.72
5219,293,143,05/04/2025,4,2846.83,11387.32
5220,324,176,10/06/2025,1,1571.53,1571.53
5221,186,32,21/12/2025,4,2758.95,11035.8
5222,314,105,05/12/2025,3,1995.69,5987.07
5223,218,84,05/09/2025,2,153.74,307.48
5224,832,132,21/02/2025,1,2731.01,2731.01
5225,525,145,02/07/2025,1,2186.7,2186.7
5226,436,176,07/04/2025,4,1571.53,6286.12
5227,300,72,12/09/2025,4,2991.29,11965.16
5228,90,189,15/08/2025,4,1401.47,5605.88
5229,761,97,31/10/2025,2,2091.31,4182.62
5230,829,102,03/02/2025,5,828.42,4142.1
5231,318,58,22/07/2025,2,476.53,953.06
5232,140,151,22/10/2025,5,98.07,490.35
5233,264,97,15/05/2025,4,2091.31,8365.24
5234,995,88,09/11/2025,1,744.28,744.28
5235,602,148,15/01/2025,5,1340.15,6700.75
5236,707,10,25/01/2025,1,2650.82,2650.82
5237,546,153,24/06/2025,5,1709.79,8548.95
5238,492,59,09/01/2025,5,2913.7,14568.5
5239,545,60,25/03/2025,3,1734.26,5202.78
5240,98,181,04/10/2025,1,1681.95,1681.95
5241,609,105,29/05/2025,5,1995.69,9978.45
5242,927,74,30/11/2025,2,813.45,1626.9
5243,302,100,21/09/2025,3,199.13,597.39
5244,796,133,14/11/2025,3,1358.52,4075.56
5245,770,172,23/08/2025,5,2166.2,10831.0
5246,597,95,29/03/2025,4,2256.06,9024.24
5247,575,95,18/06/2025,4,2256.06,9024.24
5248,651,182,28/06/2025,5,2300.18,11500.9
5249,773,134,23/09/2025,2,636.14,1272.28
5250,760,29,27/01/2025,5,39.58,197.9
5251,184,37,14/08/2025,1,2671.08,2671.08
5252,764,150,03/10/2025,4,338.18,1352.72
5253,624,170,12/03/2025,1,1226.5,1226.5
5254,307,136,07/04/2025,5,2590.51,12952.55
5255,655,156,11/02/2025,4,256.84,1027.36
5256,474,4,25/10/2025,3,1718.68,5156.04
5257,542,77,18/06/2025,3,1282.15,3846.45
5258,831,26,16/04/2025,3,2949.21,8847.63
5259,436,128,25/09/2025,2,1571.74,3143.48
5260,401,134,12/02/2025,1,636.14,636.14
5261,187,186,23/11/2025,2,1394.81,2789.62
5262,31,54,15/09/2025,5,181.3,906.5
5263,350,193,02/10/2025,4,423.21,1692.84
5264,117,199,23/10/2025,1,2160.76,2160.76
5265,252,157,03/10/2025,4,419.58,1678.32
5266,82,71,23/10/2025,3,604.38,1813.14
5267,12,6,03/12/2025,5,1257.25,6286.25
5268,939,185,19/11/2025,5,2325.56,11627.8
5269,867,43,16/08/2025,1,1475.06,1475.06
5270,480,148,09/07/2025,1,1340.15,1340.15
5271,324,38,06/08/2025,5,714.32,3571.6
5272,947,109,17/04/2025,5,1535.45,7677.25
5273,227,96,18/11/2025,1,1459.42,1459.42
5274,849,169,16/09/2025,3,2665.01,7995.03
5275,552,193,26/08/2025,1,423.21,423.21
5276,985,192,09/12/2025,1,2814.77,2814.77
5277,327,50,11/12/2025,2,1261.23,2522.46
5278,405,6,04/03/2025,1,1257.25,1257.25
5279,590,62,10/02/2025,5,2363.38,11816.9
5280,11,64,06/03/2025,5,1438.05,7190.25
5281,874,147,07/06/2025,4,2884.36,11537.44
5282,138,166,28/06/2025,3,547.69,1643.07
5283,125,63,22/01/2025,4,413.92,1655.68
5284,588,16,17/06/2025,5,1659.24,8296.2
5285,847,137,15/09/2025,1,2071.83,2071.83
5286,735,32,26/05/2025,1,2758.95,2758.95
5287,336,16,03/06/2025,2,1659.24,3318.48
5288,218,183,16/04/2025,4,585.75,2343.0
5289,411,18,23/12/2025,3,2297.27,6891.81
5290,815,136,16/04/2025,4,2590.51,10362.04
5291,389,194,13/03/2025,4,983.91,3935.64
5292,937,113,22/04/2025,1,1511.94,1511.94
5293,707,90,03/11/2025,5,60.93,304.65
5294,411,146,18/04/2025,2,2642.79,5285.58
5295,362,62,31/01/2025,5,2363.38,11816.9
5296,722,2,06/10/2025,3,1604.35,4813.05
5297,330,193,16/02/2025,4,423.21,1692.84
5298,376,163,19/08/2025,3,2777.8,8333.4
5299,682,64,30/11/2025,1,1438.05,1438.05
5300,343,99,03/05/2025,4,149.58,598.32
5301,599,125,06/04/2025,5,692.24,3461.2
5302,366,89,21/02/2025,1,2781.65,2781.65
5303,389,75,21/07/2025,2,983.77,1967.54
5304,980,174,22/01/2025,5,1789.54,8947.7
5305,676,35,03/05/2025,5,1391.9,6959.5
5306,483,125,22/08/2025,2,692.24,1384.48
5307,29,41,01/11/2025,5,2208.11,11040.55
5308,432,197,29/07/2025,4,2649.99,10599.96
5309,5,88,01/06/2025,2,744.28,1488.56
5310,182,134,13/07/2025,1,636.14,636.14
5311,827,66,05/02/2025,3,273.54,820.62
5312,837,181,09/02/2025,4,1681.95,6727.8
5313,36,27,23/12/2025,5,68.58,342.9
5314,473,83,21/06/2025,2,1877.08,3754.16
5315,549,163,29/07/2025,3,2777.8,8333.4
5316,849,68,11/07/2025,1,2290.86,2290.86
5317,987,32,07/04/2025,1,2758.95,2758.95
5318,686,144,01/01/2025,5,568.72,2843.6
5319,139,126,05/01/2025,2,2693.58,5387.16
5320,271,37,03/08/2025,4,2671.08,10684.32
5321,214,109,18/09/2025,2,1535.45,3070.9
5322,894,27,21/11/2025,3,68.58,205.74
5323,266,174,21/08/2025,3,1789.54,5368.62
5324,119,136,28/04/2025,5,2590.51,12952.55
5325,607,82,12/01/2025,2,2468.32,4936.64
5326,590,106,23/01/2025,5,2595.56,12977.8
5327,429,127,14/05/2025,4,281.63,1126.52
5328,712,194,17/11/2025,5,983.91,4919.55
5329,989,178,19/10/2025,1,2635.78,2635.78
5330,178,45,02/10/2025,5,1793.79,8968.95
5331,782,72,18/09/2025,5,2991.29,14956.45
5332,466,196,13/06/2025,3,2691.92,8075.76
5333,773,90,28/12/2025,1,60.93,60.93
5334,243,197,03/10/2025,3,2649.99,7949.97
5335,767,117,09/09/2025,2,1192.33,2384.66
5336,127,117,11/04/2025,3,1192.33,3576.99
5337,22,165,11/10/2025,4,2278.17,9112.68
5338,983,144,24/02/2025,1,568.72,568.72
5339,776,99,18/01/2025,3,149.58,448.74
5340,208,79,30/10/2025,2,1789.75,3579.5
5341,516,195,03/02/2025,5,553.06,2765.3
5342,520,127,08/10/2025,2,281.63,563.26
5343,482,114,20/09/2025,3,1690.85,5072.55
5344,228,188,20/04/2025,2,2076.06,4152.12
5345,415,73,19/08/2025,4,753.81,3015.24
5346,15,65,30/04/2025,1,1653.49,1653.49
5347,735,3,07/01/2025,5,595.5,2977.5
5348,638,29,09/04/2025,3,39.58,118.74
5349,525,164,12/01/2025,4,683.21,2732.84
5350,191,140,22/07/2025,2,1975.57,3951.14
5351,137,90,27/03/2025,3,60.93,182.79
5352,994,11,04/02/2025,3,-50.0,-150.0
5353,671,44,13/02/2025,2,2462.16,4924.32
5354,626,9,19/08/2025,3,2113.6,6340.8
5355,473,35,18/05/2025,1,1391.9,1391.9
5356,777,72,11/01/2025,1,2991.29,2991.29
5357,58,182,20/12/2025,4,2300.18,9200.72
5358,606,181,21/02/2025,3,1681.95,5045.85
5359,579,56,19/05/2025,2,1703.44,3406.88
5360,381,200,10/10/2025,2,291.75,583.5
5361,659,20,15/11/2025,1,1833.07,1833.07
5362,495,183,08/06/2025,5,585.75,2928.75
5363,102,163,15/03/2025,2,2777.8,5555.6
5364,769,71,27/08/2025,5,604.38,3021.9
5365,29,151,01/09/2025,5,98.07,490.35
5366,155,191,11/05/2025,4,357.25,1429.0
5367,887,148,15/04/2025,4,1340.15,5360.6
5368,188,46,10/02/2025,3,131.37,394.11
5369,508,77,05/04/2025,2,1282.15,2564.3
5370,297,4,22/12/2025,3,1718.68,5156.04
5371,662,173,30/03/2025,2,1842.28,3684.56
5372,430,26,01/10/2025,1,2949.21,2949.21
5373,849,160,19/01/2025,1,1484.51,1484.51
5374,198,79,27/09/2025,4,1789.75,7159.0
5375,442,26,21/04/2025,4,2949.21,11796.84
5376,52,122,18/03/2025,1,1884.86,1884.86
5377,560,103,22/12/2025,4,1971.18,7884.72
5378,669,44,19/03/2025,1,2462.16,2462.16
5379,798,9,01/11/2025,1,2113.6,2113.6
5380,344,200,20/07/2025,2,291.75,583.5
5381,915,107,05/02/2025,2,891.64,1783.28
5382,585,93,29/07/2025,2,2225.24,4450.48
5383,982,140,16/01/2025,5,1975.57,9877.85
5384,11,87,01/09/2025,4,354.87,1419.48
5385,620,81,31/01/2025,1,2963.2,2963.2
5386,99,127,11/03/2025,2,281.63,563.26
5387,342,145,14/01/2025,1,2186.7,2186.7
5388,818,119,12/11/2025,2,1079.03,2158.06
5389,473,23,18/01/2025,2,1092.83,2185.66
5390,671,116,24/03/2025,2,928.68,1857.36
5391,96,28,04/10/2025,2,2980.37,5960.74
5392,833,98,22/01/2025,5,1142.29,5711.45
5393,762,131,08/02/2025,4,475.19,1900.76
5394,671,100,14/03/2025,4,199.13,796.52
5395,191,31,10/05/2025,1,84.67,84.67
5396,324,182,28/07/2025,3,2300.18,6900.54
5397,812,29,26/02/2025,4,39.58,158.32
5398,584,43,05/02/2025,5,1475.06,7375.3
5399,486,2,12/05/2025,4,1604.35,6417.4
5400,314,63,28/01/2025,4,413.92,1655.68
5401,149,58,31/05/2025,3,476.53,1429.59
5402,878,34,04/07/2025,2,481.05,962.1
5403,148,24,08/01/2025,4,1353.55,5414.2
5404,148,88,20/04/2025,2,744.28,1488.56
5405,934,151,12/02/2025,3,98.07,294.21
5406,146,188,26/10/2025,1,2076.06,2076.06
5407,279,79,31/08/2025,4,1789.75,7159.0
5408,905,47,12/11/2025,4,1157.01,4628.04
5409,24,54,04/08/2025,2,181.3,362.6
5410,657,161,11/06/2025,3,508.08,1524.24
5411,97,58,29/08/2025,2,476.53,953.06
5412,419,21,05/11/2025,4,1645.97,6583.88
5413,838,77,13/01/2025,5,1282.15,6410.75
5414,994,174,19/05/2025,2,1789.54,3579.08
5415,971,89,27/10/2025,3,2781.65,8344.95
5416,554,90,15/07/2025,1,60.93,60.93
5417,38,34,24/02/2025,1,481.05,481.05
5418,589,171,13/06/2025,1,1831.63,1831.63
5419,979,138,16/02/2025,5,2730.5,13652.5
5420,175,111,27/07/2025,5,2602.98,13014.9
5421,776,180,07/11/2025,3,2951.82,8855.46
5422,822,138,11/05/2025,4,2730.5,10922.0
5423,491,143,21/09/2025,4,2846.83,11387.32
5424,691,108,20/04/2025,2,708.88,1417.76
5425,475,98,05/01/2025,1,1142.29,1142.29
5426,513,135,09/06/2025,3,1751.47,5254.41
5427,468,67,19/09/2025,1,1314.78,1314.78
5428,768,60,03/12/2025,4,1734.26,6937.04
5429,571,23,26/02/2025,5,1092.83,5464.15
5430,586,9,30/05/2025,4,2113.6,8454.4
5431,635,146,13/02/2025,2,2642.79,5285.58
5432,448,77,26/01/2025,1,1282.15,1282.15
5433,414,147,14/04/2025,5,2884.36,14421.8
5434,403,156,12/04/2025,2,256.84,513.68
5435,805,84,23/05/2025,2,153.74,307.48
5436,554,69,12/08/2025,5,1686.7,8433.5
5437,277,115,16/09/2025,1,138.46,138.46
5438,162,31,21/10/2025,2,84.67,169.34
5439,989,136,13/06/2025,4,2590.51,10362.04
5440,281,111,17/03/2025,2,2602.98,5205.96
5441,732,3,03/02/2025,2,595.5,1191.0
5442,171,52,18/12/2025,4,2248.08,8992.32
5443,962,191,08/01/2025,2,357.25,714.5
5444,368,85,17/04/2025,1,615.06,615.06
5445,780,56,01/02/2025,1,1703.44,1703.44
5446,22,5,23/09/2025,5,1684.1,8420.5
5447,386,64,26/07/2025,3,1438.05,4314.15
5448,465,62,26/02/2025,5,2363.38,11816.9
5449,627,2,22/09/2025,1,1604.35,1604.35
5450,534,147,16/02/2025,5,2884.36,14421.8
5451,125,65,27/07/2025,1,1653.49,1653.49
5452,818,1,24/10/2025,1,321.65,321.65
5453,978,24,18/10/2025,4,1353.55,5414.2
5454,772,190,01/05/2025,2,289.51,579.02
5455,143,176,14/04/2025,4,1571.53,6286.12
5456,957,117,11/12/2025,5,1192.33,5961.65
5457,545,198,24/08/2025,5,765.25,3826.25
5458,758,184,23/01/2025,5,1206.16,6030.8
5459,398,3,22/06/2025,5,595.5,2977.5
5460,308,140,08/10/2025,1,1975.57,1975.57
5461,436,123,18/07/2025,3,2673.4,8020.2
5462,251,11,12/01/2025,1,-50.0,-50.0
5463,944,153,21/09/2025,5,1709.79,8548.95
5464,284,176,08/05/2025,2,1571.53,3143.06
5465,445,31,06/05/2025,1,84.67,84.67
5466,976,115,19/02/2025,1,138.46,138.46
5467,536,22,17/02/2025,3,2301.81,6905.43
5468,679,155,27/11/2025,5,2068.39,10341.95
5469,379,178,18/06/2025,3,2635.78,7907.34
5470,514,37,08/06/2025,5,2671.08,13355.4
5471,154,5,22/11/2025,2,1684.1,3368.2
5472,267,171,05/02/2025,1,1831.63,1831.63
5473,372,53,03/05/2025,3,2787.39,8362.17
5474,285,106,16/01/2025,4,2595.56,10382.24
5475,458,83,22/10/2025,4,1877.08,7508.32
5476,622,153,26/05/2025,3,1709.79,5129.37
5477,596,181,27/07/2025,3,1681.95,5045.85
5478,443,114,28/01/2025,2,1690.85,3381.7
5479,98,15,12/03/2025,5,2801.89,14009.45
5480,274,165,13/03/2025,1,2278.17,2278.17
5481,724,198,16/02/2025,5,765.25,3826.25
5482,706,130,12/03/2025,2,1263.65,2527.3
5483,669,57,17/08/2025,5,1517.16,7585.8
5484,611,197,01/01/2025,3,2649.99,7949.97
5485,153,101,18/01/2025,2,2371.78,4743.56
5486,544,89,05/02/2025,5,2781.65,13908.25
5487,509,68,11/03/2025,3,2290.86,6872.58
5488,479,59,23/11/2025,3,2913.7,8741.1
5489,995,50,09/06/2025,4,1261.23,5044.92
5490,164,57,21/08/2025,3,1517.16,4551.48
5491,18,3,14/02/2025,3,595.5,1786.5
5492,164,159,14/10/2025,1,568.25,568.25
5493,974,36,26/12/2025,5,432.46,2162.3
5494,340,28,01/03/2025,5,2980.37,14901.85
5495,704,108,18/11/2025,1,708.88,708.88
5496,181,162,27/06/2025,3,116.04,348.12
5497,579,5,07/12/2025,3,1684.1,5052.3
5498,888,102,17/01/2025,1,828.42,828.42
5499,63,119,30/03/2025,5,1079.03,5395.15
5500,225,15,07/08/2025,3,2801.89,8405.67
5501,419,7,13/02/2025,1,2303.52,2303.52
5502,131,144,25/09/2025,2,568.72,1137.44
5503,147,118,16/01/2025,1,74.75,74.75
5504,92,186,13/04/2025,2,1394.81,2789.62
5505,926,33,18/11/2025,5,1677.84,8389.2
5506,438,18,15/02/2025,3,2297.27,6891.81
5507,129,8,30/09/2025,3,1086.73,3260.19
5508,733,96,12/09/2025,1,1459.42,1459.42
5509,754,110,16/06/2025,4,2713.54,10854.16
5510,230,198,09/06/2025,3,765.25,2295.75
5511,391,186,06/06/2025,1,1394.81,1394.81
5512,671,46,14/08/2025,2,131.37,262.74
5513,430,57,16/07/2025,3,1517.16,4551.48
5514,846,7,15/11/2025,1,2303.52,2303.52
5515,91,86,04/01/2025,2,484.85,969.7
5516,375,128,08/06/2025,2,1571.74,3143.48
5517,504,39,01/05/2025,3,293.88,881.64
5518,359,143,12/02/2025,4,2846.83,11387.32
5519,503,105,28/03/2025,5,1995.69,9978.45
5520,168,82,14/12/2025,1,2468.32,2468.32
5521,130,118,21/07/2025,2,74.75,149.5
5522,464,1,20/07/2025,5,321.65,1608.25
5523,868,108,29/06/2025,4,708.88,2835.52
5524,955,179,20/03/2025,4,1565.73,6262.92
5525,877,34,09/02/2025,3,481.05,1443.15
5526,980,160,29/07/2025,4,1484.51,5938.04
5527,873,140,19/09/2025,4,1975.57,7902.28
5528,877,70,31/05/2025,5,1198.05,5990.25
5529,485,120,06/12/2025,1,723.89,723.89
5530,164,149,24/11/2025,1,472.83,472.83
5531,213,93,19/01/2025,1,2225.24,2225.24
5532,423,28,05/06/2025,5,2980.37,14901.85
5533,513,145,04/06/2025,4,2186.7,8746.8
5534,997,38,01/05/2025,2,714.32,1428.64
5535,321,70,07/06/2025,2,1198.05,2396.1
5536,55,79,13/07/2025,4,1789.75,7159.0
5537,561,40,19/03/2025,1,1715.81,1715.81
5538,89,87,10/05/2025,4,354.87,1419.48
5539,620,189,25/03/2025,3,1401.47,4204.41
5540,366,66,30/03/2025,5,273.54,1367.7
5541,18,103,25/05/2025,3,1971.18,5913.54
5542,659,23,21/02/2025,1,1092.83,1092.83
5543,687,182,10/09/2025,5,2300.18,11500.9
5544,793,51,09/10/2025,5,2611.96,13059.8
5545,83,136,26/08/2025,2,2590.51,5181.02
5546,256,1,30/04/2025,4,321.65,1286.6
5547,315,58,13/12/2025,3,476.53,1429.59
5548,601,74,15/09/2025,5,813.45,4067.25
5549,826,46,28/09/2025,1,131.37,131.37
5550,530,71,03/08/2025,5,604.38,3021.9
5551,550,6,27/07/2025,4,1257.25,5029.0
5552,266,199,27/06/2025,1,2160.76,2160.76
5553,868,26,23/01/2025,1,2949.21,2949.21
5554,187,24,09/07/2025,2,1353.55,2707.1
5555,319,51,12/02/2025,3,2611.96,7835.88
5556,822,186,07/05/2025,2,1394.81,2789.62
5557,884,8,29/12/2025,1,1086.73,1086.73
5558,412,14,09/11/2025,3,2995.33,8985.99
5559,762,136,03/01/2025,4,2590.51,10362.04
5560,844,62,14/03/2025,4,2363.38,9453.52
5561,103,183,17/07/2025,5,585.75,2928.75
5562,55,15,25/03/2025,2,2801.89,5603.78
5563,64,179,23/02/2025,2,1565.73,3131.46
5564,609,115,31/10/2025,5,138.46,692.3
5565,638,155,11/02/2025,1,2068.39,2068.39
5566,92,71,07/01/2025,1,604.38,604.38
5567,215,77,01/03/2025,4,1282.15,5128.6
5568,247,28,20/02/2025,4,2980.37,11921.48
5569,604,120,01/08/2025,5,723.89,3619.45
5570,47,200,19/11/2025,1,291.75,291.75
5571,776,100,01/07/2025,2,199.13,398.26
5572,701,184,27/01/2025,5,1206.16,6030.8
5573,740,130,20/02/2025,3,1263.65,3790.95
5574,596,166,22/11/2025,3,547.69,1643.07
5575,478,135,06/07/2025,3,1751.47,5254.41
5576,944,3,09/02/2025,1,595.5,595.5
5577,211,113,25/04/2025,3,1511.94,4535.82
5578,346,136,28/12/2025,2,2590.51,5181.02
5579,123,6,27/03/2025,4,1257.25,5029.0
5580,572,136,25/09/2025,4,2590.51,10362.04
5581,763,1,12/03/2025,4,321.65,1286.6
5582,799,120,29/01/2025,5,723.89,3619.45
5583,733,59,27/02/2025,4,2913.7,11654.8
5584,969,107,07/08/2025,1,891.64,891.64
5585,29,142,26/02/2025,5,222.09,1110.45
5586,798,158,21/03/2025,4,1416.92,5667.68
5587,133,52,29/10/2025,5,2248.08,11240.4
5588,649,99,04/09/2025,3,149.58,448.74
5589,503,199,02/10/2025,1,2160.76,2160.76
5590,203,125,27/04/2025,3,692.24,2076.72
5591,42,115,14/10/2025,4,138.46,553.84
5592,885,28,04/04/2025,1,2980.37,2980.37
5593,818,74,08/01/2025,5,813.45,4067.25
5594,690,186,07/07/2025,5,1394.81,6974.05
5595,804,91,14/09/2025,4,929.25,3717.0
5596,33,4,30/11/2025,2,1718.68,3437.36
5597,264,172,10/04/2025,3,2166.2,6498.6
5598,818,197,20/04/2025,2,2649.99,5299.98
5599,898,102,25/03/2025,2,828.42,1656.84
5600,994,32,27/10/2025,4,2758.95,11035.8
5601,39,99,09/12/2025,5,149.58,747.9
5602,782,98,30/06/2025,5,1142.29,5711.45
5603,868,117,23/07/2025,3,1192.33,3576.99
5604,683,121,19/07/2025,1,842.12,842.12
5605,821,114,03/02/2025,3,1690.85,5072.55
5606,448,159,06/05/2025,1,568.25,568.25
5607,592,94,15/02/2025,2,627.33,1254.66
5608,330,15,28/07/2025,1,2801.89,2801.89
5609,917,77,18/07/2025,2,1282.15,2564.3
5610,75,2,05/01/2025,4,1604.35,6417.4
5611,223,51,24/01/2025,3,2611.96,7835.88
5612,964,167,13/05/2025,5,2604.04,13020.2
5613,915,41,19/04/2025,3,2208.11,6624.33
5614,720,192,14/11/2025,1,2814.77,2814.77
5615,552,57,12/03/2025,5,1517.16,7585.8
5616,296,139,15/09/2025,3,2987.14,8961.42
5617,68,57,06/01/2025,1,1517.16,1517.16
5618,309,28,04/11/2025,4,2980.37,11921.48
5619,829,20,11/06/2025,1,1833.07,1833.07
5620,879,59,17/03/2025,1,2913.7,2913.7
5621,104,95,13/07/2025,1,2256.06,2256.06
5622,488,185,09/10/2025,3,2325.56,6976.68
5623,398,179,26/07/2025,3,1565.73,4697.19
5624,731,63,08/12/2025,2,413.92,827.84
5625,889,158,30/04/2025,3,1416.92,4250.76
5626,318,141,17/02/2025,1,2752.99,2752.99
5627,4,84,02/03/2025,1,153.74,153.74
5628,902,195,13/09/2025,3,553.06,1659.18
5629,431,67,09/09/2025,2,1314.78,2629.56
5630,518,150,04/03/2025,4,338.18,1352.72
5631,328,121,10/10/2025,2,842.12,1684.24
5632,346,83,12/03/2025,1,1877.08,1877.08
5633,560,198,18/08/2025,1,765.25,765.25
5634,930,127,20/02/2025,3,281.63,844.89
5635,138,60,10/07/2025,5,1734.26,8671.3
5636,784,145,17/09/2025,4,2186.7,8746.8
5637,101,88,13/05/2025,3,744.28,2232.84
5638,159,97,10/12/2025,1,2091.31,2091.31
5639,832,154,24/03/2025,4,1797.15,7188.6
5640,233,188,10/01/2025,4,2076.06,8304.24
5641,158,76,11/08/2025,3,286.99,860.97
5642,777,189,24/05/2025,3,1401.47,4204.41
5643,433,198,28/08/2025,4,765.25,3061.0
5644,145,10,03/02/2025,3,2650.82,7952.46
5645,453,27,24/08/2025,1,68.58,68.58
5646,209,16,26/08/2025,5,1659.24,8296.2
5647,126,93,15/05/2025,4,2225.24,8900.96
5648,773,167,30/09/2025,4,2604.04,10416.16
5649,657,193,04/09/2025,2,423.21,846.42
5650,681,186,21/04/2025,1,1394.81,1394.81
5651,101,125,07/06/2025,3,692.24,2076.72
5652,234,136,06/04/2025,1,2590.51,2590.51
5653,910,114,07/02/2025,3,1690.85,5072.55
5654,861,78,16/06/2025,5,587.66,2938.3
5655,723,118,16/07/2025,2,74.75,149.5
5656,52,42,30/03/2025,5,2382.85,11914.25
5657,341,67,17/12/2025,4,1314.78,5259.12
5658,541,104,19/08/2025,2,218.46,436.92
5659,191,143,03/06/2025,5,2846.83,14234.15
5660,47,115,08/08/2025,4,138.46,553.84
5661,257,35,17/08/2025,1,1391.9,1391.9
5662,669,97,15/03/2025,2,2091.31,4182.62
5663,490,18,23/06/2025,2,2297.27,4594.54
5664,214,187,25/07/2025,5,897.37,4486.85
5665,488,107,03/07/2025,2,891.64,1783.28
5666,619,33,28/09/2025,2,1677.84,3355.68
5667,442,185,01/09/2025,5,2325.56,11627.8
5668,622,14,10/12/2025,4,2995.33,11981.32
5669,711,8,22/09/2025,3,1086.73,3260.19
5670,941,134,30/10/2025,4,636.14,2544.56
5671,696,60,30/01/2025,2,1734.26,3468.52
5672,711,86,01/05/2025,3,484.85,1454.55
5673,266,2,14/01/2025,3,1604.35,4813.05
5674,704,135,16/03/2025,5,1751.47,8757.35
5675,486,52,03/08/2025,5,2248.08,11240.4
5676,761,22,02/11/2025,3,2301.81,6905.43
5677,875,116,12/05/2025,4,928.68,3714.72
5678,796,3,09/04/2025,3,595.5,1786.5
5679,699,168,30/07/2025,3,2069.83,6209.49
5680,462,15,14/09/2025,4,2801.89,11207.56
5681,610,119,30/12/2025,4,1079.03,4316.12
5682,348,89,23/03/2025,3,2781.65,8344.95
5683,447,20,27/12/2025,5,1833.07,9165.35
5684,884,8,27/09/2025,2,1086.73,2173.46
5685,266,38,02/09/2025,2,714.32,1428.64
5686,216,104,22/08/2025,2,218.46,436.92
5687,747,53,31/01/2025,2,2787.39,5574.78
5688,724,46,26/11/2025,2,131.37,262.74
5689,151,124,24/02/2025,1,2833.53,2833.53
5690,780,20,09/07/2025,4,1833.07,7332.28
5691,667,126,07/11/2025,4,2693.58,10774.32
5692,124,126,05/08/2025,1,2693.58,2693.58
5693,169,15,22/03/2025,3,2801.89,8405.67
5694,632,140,28/02/2025,3,1975.57,5926.71
5695,296,69,26/07/2025,5,1686.7,8433.5
5696,591,142,17/01/2025,2,222.09,444.18
5697,384,45,06/08/2025,1,1793.79,1793.79
5698,979,149,17/04/2025,1,472.83,472.83
5699,599,46,16/01/2025,2,131.37,262.74
5700,921,47,19/10/2025,4,1157.01,4628.04
5701,814,141,18/02/2025,1,2752.99,2752.99
5702,912,69,14/12/2025,2,1686.7,3373.4
5703,408,69,09/02/2025,4,1686.7,6746.8
5704,63,109,13/01/2025,5,1535.45,7677.25
5705,890,19,26/08/2025,4,2481.94,9927.76
5706,905,195,21/04/2025,1,553.06,553.06
5707,826,21,10/04/2025,4,1645.97,6583.88
5708,457,200,25/06/2025,1,291.75,291.75
5709,702,3,30/05/2025,1,595.5,595.5
5710,598,51,05/04/2025,2,2611.96,5223.92
5711,424,118,10/05/2025,2,74.75,149.5
5712,939,72,23/10/2025,4,2991.29,11965.16
5713,230,29,23/03/2025,4,39.58,158.32
5714,577,72,10/08/2025,4,2991.29,11965.16
5715,248,143,04/10/2025,1,2846.83,2846.83
5716,228,145,23/07/2025,1,2186.7,2186.7
5717,775,84,01/02/2025,3,153.74,461.22
5718,161,90,10/11/2025,5,60.93,304.65
5719,838,141,25/02/2025,3,2752.99,8258.97
5720,716,155,06/11/2025,2,2068.39,4136.78
5721,231,33,25/12/2025,4,1677.84,6711.36
5722,162,195,03/04/2025,4,553.06,2212.24
5723,554,23,21/10/2025,2,1092.83,2185.66
5724,121,100,28/06/2025,2,199.13,398.26
5725,668,13,16/10/2025,3,1979.45,5938.35
5726,837,110,06/03/2025,1,2713.54,2713.54
5727,851,111,20/08/2025,4,2602.98,10411.92
5728,405,166,29/03/2025,3,547.69,1643.07
5729,465,43,26/11/2025,5,1475.06,7375.3
5730,312,92,29/10/2025,2,87.79,175.58
5731,501,68,17/11/2025,5,2290.86,11454.3
5732,601,96,20/08/2025,1,1459.42,1459.42
5733,741,1,07/10/2025,5,321.65,1608.25
5734,446,78,03/08/2025,1,587.66,587.66
5735,767,127,31/07/2025,3,281.63,844.89
5736,867,6,23/01/2025,2,1257.25,2514.5
5737,559,3,17/10/2025,1,595.5,595.5
5738,983,44,24/01/2025,5,2462.16,12310.8
5739,170,48,10/07/2025,1,2767.18,2767.18
5740,796,77,14/11/2025,2,1282.15,2564.3
5741,34,72,05/10/2025,3,2991.29,8973.87
5742,587,9,26/04/2025,5,2113.6,10568.0
5743,178,41,09/04/2025,3,2208.11,6624.33
5744,254,53,04/01/2025,2,2787.39,5574.78
5745,981,43,03/07/2025,2,1475.06,2950.12
5746,69,11,11/07/2025,2,-50.0,-100.0
5747,928,167,26/06/2025,3,2604.04,7812.12
5748,874,16,13/11/2025,1,1659.24,1659.24
5749,906,187,22/06/2025,2,897.37,1794.74
5750,291,85,26/04/2025,1,615.06,615.06
5751,876,104,16/09/2025,5,218.46,1092.3
5752,833,142,26/05/2025,5,222.09,1110.45
5753,712,54,10/04/2025,5,181.3,906.5
5754,774,199,09/04/2025,2,2160.76,4321.52
5755,897,42,07/05/2025,3,2382.85,7148.55
5756,404,42,07/08/2025,5,2382.85,11914.25
5757,136,2,14/01/2025,5,1604.35,8021.75
5758,356,145,27/11/2025,5,2186.7,10933.5
5759,237,32,18/05/2025,2,2758.95,5517.9
5760,771,70,24/03/2025,1,1198.05,1198.05
5761,901,149,16/08/2025,1,472.83,472.83
5762,799,86,21/07/2025,5,484.85,2424.25
5763,321,157,11/11/2025,5,419.58,2097.9
5764,138,15,15/03/2025,1,2801.89,2801.89
5765,249,128,12/04/2025,4,1571.74,6286.96
5766,78,124,08/06/2025,4,2833.53,11334.12
5767,603,96,23/03/2025,3,1459.42,4378.26
5768,68,4,04/04/2025,4,1718.68,6874.72
5769,610,199,25/11/2025,3,2160.76,6482.28
5770,96,145,18/08/2025,2,2186.7,4373.4
5771,351,160,28/10/2025,1,1484.51,1484.51
5772,136,47,17/08/2025,4,1157.01,4628.04
5773,78,180,21/02/2025,2,2951.82,5903.64
5774,494,96,25/07/2025,2,1459.42,2918.84
5775,132,109,31/08/2025,3,1535.45,4606.35
5776,327,39,19/11/2025,5,293.88,1469.4
5777,940,103,16/07/2025,3,1971.18,5913.54
5778,106,37,14/11/2025,1,2671.08,2671.08
5779,436,31,28/04/2025,4,84.67,338.68
5780,28,2,31/10/2025,5,1604.35,8021.75
5781,163,169,18/05/2025,5,2665.01,13325.05
5782,323,36,01/02/2025,3,432.46,1297.38
5783,196,43,02/02/2025,1,1475.06,1475.06
5784,363,177,19/06/2025,2,1381.56,2763.12
5785,364,3,18/02/2025,3,595.5,1786.5
5786,278,54,21/02/2025,2,181.3,362.6
5787,596,164,03/06/2025,1,683.21,683.21
5788,244,171,22/09/2025,1,1831.63,1831.63
5789,872,114,30/10/2025,4,1690.85,6763.4
5790,473,164,14/05/2025,2,683.21,1366.42
5791,478,155,11/07/2025,2,2068.39,4136.78
5792,710,190,09/03/2025,3,289.51,868.53
5793,158,24,07/10/2025,5,1353.55,6767.75
5794,242,182,18/11/2025,3,2300.18,6900.54
5795,818,173,25/12/2025,3,1842.28,5526.84
5796,955,139,30/10/2025,1,2987.14,2987.14
5797,185,189,04/06/2025,1,1401.47,1401.47
5798,791,139,10/09/2025,4,2987.14,11948.56
5799,43,111,21/11/2025,4,2602.98,10411.92
5800,392,148,17/04/2025,2,1340.15,2680.3
5801,902,61,29/10/2025,2,681.82,1363.64
5802,604,143,01/07/2025,4,2846.83,11387.32
5803,98,92,30/01/2025,5,87.79,438.95
5804,170,88,05/10/2025,4,744.28,2977.12
5805,682,75,21/05/2025,4,983.77,3935.08
5806,59,134,22/11/2025,3,636.14,1908.42
5807,516,92,29/09/2025,5,87.79,438.95
5808,197,190,29/03/2025,5,289.51,1447.55
5809,997,199,25/12/2025,3,2160.76,6482.28
5810,448,182,11/03/2025,4,2300.18,9200.72
5811,415,45,18/09/2025,1,1793.79,1793.79
5812,273,102,06/03/2025,4,828.42,3313.68
5813,675,150,05/07/2025,2,338.18,676.36
5814,313,56,11/07/2025,3,1703.44,5110.32
5815,83,150,28/03/2025,4,338.18,1352.72
5816,569,41,04/04/2025,2,2208.11,4416.22
5817,891,90,24/02/2025,1,60.93,60.93
5818,547,47,06/12/2025,3,1157.01,3471.03
5819,957,163,28/03/2025,4,2777.8,11111.2
5820,776,77,30/03/2025,4,1282.15,5128.6
5821,566,106,29/10/2025,2,2595.56,5191.12
5822,779,65,27/11/2025,2,1653.49,3306.98
5823,14,24,25/03/2025,2,1353.55,2707.1
5824,252,71,28/05/2025,1,604.38,604.38
5825,584,147,01/11/2025,2,2884.36,5768.72
5826,12,4,26/12/2025,5,1718.68,8593.4
5827,671,107,29/03/2025,4,891.64,3566.56
5828,852,178,21/01/2025,4,2635.78,10543.12
5829,138,105,01/01/2025,4,1995.69,7982.76
5830,269,88,25/10/2025,1,744.28,744.28
5831,370,111,05/04/2025,2,2602.98,5205.96
5832,69,123,28/11/2025,3,2673.4,8020.2
5833,41,5,11/11/2025,2,1684.1,3368.2
5834,77,13,22/10/2025,1,1979.45,1979.45
5835,225,63,13/04/2025,3,413.92,1241.76
5836,552,159,10/03/2025,2,568.25,1136.5
5837,165,77,17/02/2025,4,1282.15,5128.6
5838,89,152,15/07/2025,2,1858.5,3717.0
5839,873,2,03/08/2025,1,1604.35,1604.35
5840,989,6,15/03/2025,5,1257.25,6286.25
5841,473,125,14/06/2025,1,692.24,692.24
5842,410,72,26/02/2025,4,2991.29,11965.16
5843,946,176,29/01/2025,4,1571.53,6286.12
5844,486,112,20/07/2025,2,282.3,564.6
5845,289,56,01/07/2025,5,1703.44,8517.2
5846,11,4,16/06/2025,5,1718.68,8593.4
5847,234,119,13/04/2025,2,1079.03,2158.06
5848,278,109,16/08/2025,1,1535.45,1535.45
5849,846,109,25/04/2025,2,1535.45,3070.9
5850,690,29,12/04/2025,2,39.58,79.16
5851,806,106,07/01/2025,1,2595.56,2595.56
5852,659,159,25/05/2025,3,568.25,1704.75
5853,730,24,03/06/2025,4,1353.55,5414.2
5854,141,52,19/07/2025,1,2248.08,2248.08
5855,358,71,01/03/2025,3,604.38,1813.14
5856,938,192,24/08/2025,2,2814.77,5629.54
5857,183,119,04/12/2025,4,1079.03,4316.12
5858,917,100,05/07/2025,5,199.13,995.65
5859,489,108,05/08/2025,1,708.88,708.88
5860,880,178,09/05/2025,2,2635.78,5271.56
5861,619,75,16/11/2025,2,983.77,1967.54
5862,999,12,08/08/2025,3,1216.64,3649.92
5863,829,18,17/06/2025,4,2297.27,9189.08
5864,879,88,19/09/2025,1,744.28,744.28
5865,564,113,14/02/2025,1,1511.94,1511.94
5866,856,127,12/11/2025,5,281.63,1408.15
5867,579,49,03/06/2025,2,1056.83,2113.66
5868,715,47,28/03/2025,1,1157.01,1157.01
5869,294,144,16/08/2025,2,568.72,1137.44
5870,316,69,09/02/2025,3,1686.7,5060.1
5871,788,128,23/04/2025,2,1571.74,3143.48
5872,276,89,21/06/2025,4,2781.65,11126.6
5873,816,51,19/07/2025,5,2611.96,13059.8
5874,587,66,19/10/2025,4,273.54,1094.16
5875,780,3,03/07/2025,2,595.5,1191.0
5876,896,76,09/07/2025,5,286.99,1434.95
5877,764,58,12/03/2025,4,476.53,1906.12
5878,429,144,22/01/2025,5,568.72,2843.6
5879,288,177,30/03/2025,4,1381.56,5526.24
5880,203,133,28/12/2025,4,1358.52,5434.08
5881,273,17,02/01/2025,1,2537.66,2537.66
5882,610,87,14/09/2025,2,354.87,709.74
5883,896,87,04/09/2025,3,354.87,1064.61
5884,760,69,16/02/2025,2,1686.7,3373.4
5885,401,186,01/05/2025,3,1394.81,4184.43
5886,329,200,05/11/2025,5,291.75,1458.75
5887,17,9,23/04/2025,5,2113.6,10568.0
5888,489,137,15/05/2025,1,2071.83,2071.83
5889,689,110,06/06/2025,1,2713.54,2713.54
5890,501,166,18/02/2025,4,547.69,2190.76
5891,301,57,16/09/2025,4,1517.16,6068.64
5892,980,134,22/05/2025,3,636.14,1908.42
5893,218,118,22/07/2025,1,74.75,74.75
5894,746,97,05/10/2025,1,2091.31,2091.31
5895,771,116,01/08/2025,3,928.68,2786.04
5896,263,107,09/03/2025,4,891.64,3566.56
5897,696,100,26/07/2025,2,199.13,398.26
5898,567,18,04/12/2025,3,2297.27,6891.81
5899,305,178,23/09/2025,1,2635.78,2635.78
5900,382,133,20/10/2025,5,1358.52,6792.6
5901,35,16,20/08/2025,2,1659.24,3318.48
5902,487,179,23/10/2025,2,1565.73,3131.46
5903,864,29,22/09/2025,1,39.58,39.58
5904,316,86,24/12/2025,1,484.85,484.85
5905,466,167,17/07/2025,5,2604.04,13020.2
5906,21,75,06/07/2025,2,983.77,1967.54
5907,422,193,18/01/2025,4,423.21,1692.84
5908,346,10,28/12/2025,2,2650.82,5301.64
5909,254,114,06/08/2025,3,1690.85,5072.55
5910,607,131,19/04/2025,2,475.19,950.38
5911,28,102,27/11/2025,4,828.42,3313.68
5912,451,171,12/01/2025,2,1831.63,3663.26
5913,838,104,25/12/2025,4,218.46,873.84
5914,811,31,11/03/2025,5,84.67,423.35
5915,188,189,04/08/2025,2,1401.47,2802.94
5916,421,122,25/11/2025,5,1884.86,9424.3
5917,288,199,11/11/2025,1,2160.76,2160.76
5918,17,198,20/08/2025,5,765.25,3826.25
5919,521,166,09/08/2025,5,547.69,2738.45
5920,337,56,18/06/2025,5,1703.44,8517.2
5921,693,154,18/07/2025,1,1797.15,1797.15
5922,483,193,21/10/2025,2,423.21,846.42
5923,425,53,15/12/2025,3,2787.39,8362.17
5924,833,44,22/12/2025,5,2462.16,12310.8
5925,633,129,24/07/2025,4,2620.65,10482.6
5926,25,190,23/11/2025,3,289.51,868.53
5927,331,6,20/10/2025,3,1257.25,3771.75
5928,142,36,22/12/2025,1,432.46,432.46
5929,467,16,28/11/2025,3,1659.24,4977.72
5930,878,144,25/12/2025,4,568.72,2274.88
5931,784,20,25/07/2025,5,1833.07,9165.35
5932,700,186,16/01/2025,4,1394.81,5579.24
5933,417,101,06/04/2025,2,2371.78,4743.56
5934,860,16,25/07/2025,1,1659.24,1659.24
5935,782,42,13/12/2025,5,2382.85,11914.25
5936,918,4,09/04/2025,4,1718.68,6874.72
5937,967,149,01/04/2025,5,472.83,2364.15
5938,786,131,11/02/2025,5,475.19,2375.95
5939,690,146,23/03/2025,5,2642.79,13213.95
5940,503,31,20/03/2025,5,84.67,423.35
5941,429,180,15/04/2025,3,2951.82,8855.46
5942,792,60,16/02/2025,4,1734.26,6937.04
5943,469,189,01/10/2025,1,1401.47,1401.47
5944,434,79,15/05/2025,5,1789.75,8948.75
5945,176,104,30/05/2025,5,218.46,1092.3
5946,162,8,23/12/2025,2,1086.73,2173.46
5947,606,138,14/02/2025,2,2730.5,5461.0
5948,691,198,17/06/2025,2,765.25,1530.5
5949,310,176,21/12/2025,5,1571.53,7857.65
5950,20,29,03/07/2025,3,39.58,118.74
5951,794,145,03/08/2025,5,2186.7,10933.5
5952,461,7,03/11/2025,4,2303.52,9214.08
5953,184,17,24/06/2025,5,2537.66,12688.3
5954,840,138,08/04/2025,4,2730.5,10922.0
5955,3,95,07/11/2025,3,2256.06,6768.18
5956,544,42,29/04/2025,3,2382.85,7148.55
5957,575,132,04/12/2025,3,2731.01,8193.03
5958,806,63,24/12/2025,1,413.92,413.92
5959,151,178,27/08/2025,1,2635.78,2635.78
5960,743,138,01/08/2025,1,2730.5,2730.5
5961,483,129,17/07/2025,1,2620.65,2620.65
5962,650,97,06/12/2025,3,2091.31,6273.93
5963,228,174,25/06/2025,1,1789.54,1789.54
5964,905,166,24/10/2025,5,547.69,2738.45
5965,885,194,22/02/2025,1,983.91,983.91
5966,389,167,25/10/2025,3,2604.04,7812.12
5967,944,186,01/12/2025,2,1394.81,2789.62
5968,524,24,01/01/2025,3,1353.55,4060.65
5969,205,115,28/02/2025,1,138.46,138.46
5970,488,14,21/03/2025,5,2995.33,14976.65
5971,423,162,22/01/2025,3,116.04,348.12
5972,457,13,16/01/2025,2,1979.45,3958.9
5973,526,162,17/01/2025,5,116.04,580.2
5974,531,164,21/08/2025,1,683.21,683.21
5975,164,103,28/09/2025,2,1971.18,3942.36
5976,170,154,09/10/2025,4,1797.15,7188.6
5977,179,167,03/06/2025,3,2604.04,7812.12
5978,863,135,16/01/2025,3,1751.47,5254.41
5979,677,5,17/03/2025,4,1684.1,6736.4
5980,529,130,23/06/2025,5,1263.65,6318.25
5981,975,145,25/11/2025,2,2186.7,4373.4
5982,663,120,15/02/2025,3,723.89,2171.67
5983,78,108,02/01/2025,5,708.88,3544.4
5984,434,152,04/11/2025,1,1858.5,1858.5
5985,906,99,29/03/2025,1,149.58,149.58
5986,820,121,20/07/2025,4,842.12,3368.48
5987,136,4,17/01/2025,5,1718.68,8593.4
5988,544,35,03/05/2025,1,1391.9,1391.9
5989,640,31,30/01/2025,4,84.67,338.68
5990,651,194,04/08/2025,2,983.91,1967.82
5991,200,173,24/05/2025,3,1842.28,5526.84
5992,276,56,01/11/2025,3,1703.44,5110.32
5993,391,162,25/11/2025,2,116.04,232.08
5994,260,86,15/12/2025,5,484.85,2424.25
5995,842,125,11/02/2025,1,692.24,692.24
5996,183,3,05/12/2025,3,595.5,1786.5
5997,953,169,02/06/2025,2,2665.01,5330.02
5998,167,169,21/04/2025,3,2665.01,7995.03
5999,418,153,27/10/2025,1,1709.79,1709.79
6000,93,40,23/08/2025,2,1715.81,3431.62
6001,373,64,04/04/2025,1,1438.05,1438.05
6002,565,69,20/08/2025,5,1686.7,8433.5
6003,415,181,08/05/2025,1,1681.95,1681.95
6004,625,97,01/01/2025,4,2091.31,8365.24
6005,136,194,05/05/2025,3,983.91,2951.73
6006,385,82,20/12/2025,2,2468.32,4936.64
6007,316,11,01/07/2025,3,-50.0,-150.0
6008,228,179,11/05/2025,4,1565.73,6262.92
6009,514,193,25/12/2025,1,423.21,423.21
6010,546,113,23/05/2025,3,1511.94,4535.82
6011,696,5,24/07/2025,2,1684.1,3368.2
6012,847,180,19/09/2025,3,2951.82,8855.46
6013,560,38,30/06/2025,1,714.32,714.32
6014,896,184,20/08/2025,5,1206.16,6030.8
6015,511,64,09/07/2025,5,1438.05,7190.25
6016,284,183,30/07/2025,4,585.75,2343.0
6017,156,51,29/04/2025,2,2611.96,5223.92
6018,439,10,26/07/2025,4,2650.82,10603.28
6019,827,119,16/11/2025,5,1079.03,5395.15
6020,994,136,26/05/2025,4,2590.51,10362.04
6021,600,19,10/07/2025,2,2481.94,4963.88
6022,596,80,06/09/2025,5,2313.65,11568.25
6023,992,171,11/03/2025,2,1831.63,3663.26
6024,767,13,06/04/2025,3,1979.45,5938.35
6025,620,135,05/04/2025,4,1751.47,7005.88
6026,170,106,14/11/2025,5,2595.56,12977.8
6027,132,3,02/08/2025,4,595.5,2382.0
6028,408,19,19/10/2025,4,2481.94,9927.76
6029,598,105,07/04/2025,2,1995.69,3991.38
6030,914,89,09/11/2025,4,2781.65,11126.6
6031,605,154,29/10/2025,2,1797.15,3594.3
6032,937,189,08/10/2025,5,1401.47,7007.35
6033,254,56,11/10/2025,3,1703.44,5110.32
6034,753,123,12/10/2025,4,2673.4,10693.6
6035,528,119,19/08/2025,4,1079.03,4316.12
6036,626,48,11/08/2025,3,2767.18,8301.54
6037,13,78,07/05/2025,1,587.66,587.66
6038,261,135,26/01/2025,2,1751.47,3502.94
6039,536,65,07/05/2025,5,1653.49,8267.45
6040,98,84,05/11/2025,2,153.74,307.48
6041,541,191,03/11/2025,2,357.25,714.5
6042,87,40,26/07/2025,2,1715.81,3431.62
6043,11,8,04/02/2025,1,1086.73,1086.73
6044,297,77,01/12/2025,1,1282.15,1282.15
6045,675,179,24/07/2025,4,1565.73,6262.92
6046,151,158,06/06/2025,1,1416.92,1416.92
6047,759,167,18/01/2025,2,2604.04,5208.08
6048,892,73,06/02/2025,5,753.81,3769.05
6049,223,77,09/01/2025,1,1282.15,1282.15
6050,210,133,11/09/2025,5,1358.52,6792.6
6051,330,39,29/08/2025,5,293.88,1469.4
6052,136,9,10/11/2025,5,2113.6,10568.0
6053,554,112,10/12/2025,3,282.3,846.9
6054,393,77,08/12/2025,2,1282.15,2564.3
6055,963,179,01/06/2025,2,1565.73,3131.46
6056,931,3,14/11/2025,3,595.5,1786.5
6057,993,182,29/01/2025,2,2300.18,4600.36
6058,532,47,22/06/2025,2,1157.01,2314.02
6059,852,60,19/10/2025,1,1734.26,1734.26
6060,955,125,08/08/2025,4,692.24,2768.96
6061,624,27,14/05/2025,5,68.58,342.9
6062,573,159,06/03/2025,4,568.25,2273.0
6063,938,146,18/01/2025,5,2642.79,13213.95
6064,665,95,01/10/2025,4,2256.06,9024.24
6065,135,2,31/08/2025,1,1604.35,1604.35
6066,675,94,18/11/2025,2,627.33,1254.66
6067,958,1,12/11/2025,4,321.65,1286.6
6068,419,105,27/09/2025,1,1995.69,1995.69
6069,441,147,03/09/2025,3,2884.36,8653.08
6070,157,194,04/01/2025,3,983.91,2951.73
6071,318,64,09/09/2025,3,1438.05,4314.15
6072,264,31,12/06/2025,2,84.67,169.34
6073,231,19,04/09/2025,2,2481.94,4963.88
6074,677,159,27/07/2025,3,568.25,1704.75
6075,100,4,12/09/2025,1,1718.68,1718.68
6076,502,127,25/11/2025,2,281.63,563.26
6077,174,19,29/06/2025,4,2481.94,9927.76
6078,64,58,14/02/2025,4,476.53,1906.12
6079,776,148,24/01/2025,2,1340.15,2680.3
6080,151,178,15/11/2025,3,2635.78,7907.34
6081,763,150,06/02/2025,5,338.18,1690.9
6082,605,51,05/09/2025,5,2611.96,13059.8
6083,199,54,21/01/2025,4,181.3,725.2
6084,195,77,31/05/2025,2,1282.15,2564.3
6085,873,80,18/08/2025,3,2313.65,6940.95
6086,294,141,01/01/2025,5,2752.99,13764.95
6087,799,70,09/08/2025,4,1198.05,4792.2
6088,27,114,01/08/2025,5,1690.85,8454.25
6089,887,33,11/06/2025,2,1677.84,3355.68
6090,68,2,31/07/2025,4,1604.35,6417.4
6091,330,20,06/02/2025,5,1833.07,9165.35
6092,806,121,19/12/2025,1,842.12,842.12
6093,571,200,15/02/2025,3,291.75,875.25
6094,495,178,03/12/2025,2,2635.78,5271.56
6095,171,138,27/06/2025,5,2730.5,13652.5
6096,81,69,16/07/2025,3,1686.7,5060.1
6097,198,66,06/11/2025,1,273.54,273.54
6098,834,19,01/07/2025,5,2481.94,12409.7
6099,522,1,27/06/2025,3,321.65,964.95
6100,558,190,18/02/2025,1,289.51,289.51
6101,329,116,19/05/2025,3,928.68,2786.04
6102,736,159,09/12/2025,4,568.25,2273.0
6103,375,64,08/12/2025,5,1438.05,7190.25
6104,120,102,28/11/2025,1,828.42,828.42
6105,504,122,26/01/2025,1,1884.86,1884.86
6106,292,3,06/05/2025,5,595.5,2977.5
6107,914,4,13/06/2025,3,1718.68,5156.04
6108,915,80,04/10/2025,1,2313.65,2313.65
6109,283,5,06/11/2025,2,1684.1,3368.2
6110,946,183,18/03/2025,5,585.75,2928.75
6111,183,21,13/01/2025,5,1645.97,8229.85
6112,698,54,15/07/2025,5,181.3,906.5
6113,404,197,21/01/2025,2,2649.99,5299.98
6114,245,132,06/10/2025,3,2731.01,8193.03
6115,568,103,18/11/2025,3,1971.18,5913.54
6116,996,178,04/12/2025,1,2635.78,2635.78
6117,456,137,07/01/2025,5,2071.83,10359.15
6118,156,101,22/03/2025,3,2371.78,7115.34
6119,623,179,16/02/2025,3,1565.73,4697.19
6120,995,98,21/12/2025,3,1142.29,3426.87
6121,448,182,16/04/2025,5,2300.18,11500.9
6122,888,53,25/06/2025,2,2787.39,5574.78
6123,739,107,13/04/2025,2,891.64,1783.28
6124,57,49,28/08/2025,5,1056.83,5284.15
6125,308,68,15/09/2025,1,2290.86,2290.86
6126,930,130,10/08/2025,1,1263.65,1263.65
6127,500,11,06/11/2025,5,-50.0,-250.0
6128,572,124,02/11/2025,1,2833.53,2833.53
6129,173,11,03/11/2025,1,-50.0,-50.0
6130,717,158,04/10/2025,1,1416.92,1416.92
6131,860,186,24/04/2025,3,1394.81,4184.43
6132,81,24,15/12/2025,2,1353.55,2707.1
6133,877,38,13/07/2025,4,714.32,2857.28
6134,103,25,03/10/2025,3,20.58,61.74
6135,283,142,15/10/2025,3,222.09,666.27
6136,49,88,24/07/2025,2,744.28,1488.56
6137,247,48,27/02/2025,1,2767.18,2767.18
6138,609,168,17/01/2025,4,2069.83,8279.32
6139,303,117,17/03/2025,2,1192.33,2384.66
6140,19,81,04/11/2025,2,2963.2,5926.4
6141,927,121,01/09/2025,1,842.12,842.12
6142,489,70,31/12/2025,3,1198.05,3594.15
6143,286,76,24/12/2025,4,286.99,1147.96
6144,982,15,14/12/2025,5,2801.89,14009.45
6145,914,174,24/11/2025,2,1789.54,3579.08
6146,917,51,16/08/2025,1,2611.96,2611.96
6147,769,17,19/07/2025,3,2537.66,7612.98
6148,764,19,21/10/2025,5,2481.94,12409.7
6149,348,187,23/10/2025,2,897.37,1794.74
6150,279,108,18/07/2025,4,708.88,2835.52
6151,418,34,03/04/2025,4,481.05,1924.2
6152,255,84,12/07/2025,5,153.74,768.7
6153,945,1,29/04/2025,3,321.65,964.95
6154,1000,4,16/07/2025,2,1718.68,3437.36
6155,76,190,04/06/2025,5,289.51,1447.55
6156,17,34,06/09/2025,3,481.05,1443.15
6157,833,143,04/01/2025,4,2846.83,11387.32
6158,222,100,25/07/2025,5,199.13,995.65
6159,50,85,21/07/2025,1,615.06,615.06
6160,243,11,22/07/2025,4,-50.0,-200.0
6161,245,112,09/07/2025,1,282.3,282.3
6162,46,34,25/11/2025,5,481.05,2405.25
6163,90,166,17/05/2025,4,547.69,2190.76
6164,858,3,07/10/2025,5,595.5,2977.5
6165,602,31,21/04/2025,1,84.67,84.67
6166,601,12,02/03/2025,5,1216.64,6083.2
6167,169,16,24/11/2025,2,1659.24,3318.48
6168,30,37,11/03/2025,3,2671.08,8013.24
6169,24,156,23/06/2025,3,256.84,770.52
6170,162,177,24/08/2025,2,1381.56,2763.12
6171,776,95,28/08/2025,5,2256.06,11280.3
6172,713,153,29/04/2025,3,1709.79,5129.37
6173,879,29,29/11/2025,5,39.58,197.9
6174,845,48,22/01/2025,4,2767.18,11068.72
6175,51,160,09/08/2025,5,1484.51,7422.55
6176,45,35,28/06/2025,4,1391.9,5567.6
6177,940,127,05/12/2025,3,281.63,844.89
6178,330,66,19/11/2025,3,273.54,820.62
6179,605,36,13/06/2025,1,432.46,432.46
6180,293,192,06/11/2025,5,2814.77,14073.85
6181,289,178,18/06/2025,3,2635.78,7907.34
6182,231,132,05/03/2025,1,2731.01,2731.01
6183,571,5,03/03/2025,5,1684.1,8420.5
6184,736,141,19/07/2025,5,2752.99,13764.95
6185,357,162,29/09/2025,3,116.04,348.12
6186,217,73,19/06/2025,3,753.81,2261.43
6187,408,104,27/03/2025,2,218.46,436.92
6188,612,176,18/03/2025,3,1571.53,4714.59
6189,127,127,11/09/2025,5,281.63,1408.15
6190,54,81,14/07/2025,4,2963.2,11852.8
6191,13,61,22/02/2025,4,681.82,2727.28
6192,831,108,08/06/2025,2,708.88,1417.76
6193,555,109,18/08/2025,1,1535.45,1535.45
6194,11,76,24/11/2025,4,286.99,1147.96
6195,158,194,27/07/2025,4,983.91,3935.64
6196,17,34,30/06/2025,2,481.05,962.1
6197,819,17,16/09/2025,3,2537.66,7612.98
6198,374,7,11/07/2025,1,2303.52,2303.52
6199,978,51,04/02/2025,1,2611.96,2611.96
6200,452,59,05/08/2025,1,2913.7,2913.7
6201,509,25,05/08/2025,3,20.58,61.74
6202,56,89,14/08/2025,5,2781.65,13908.25
6203,586,16,08/03/2025,3,1659.24,4977.72
6204,184,66,08/02/2025,3,273.54,820.62
6205,215,63,17/06/2025,5,413.92,2069.6
6206,315,114,16/05/2025,5,1690.85,8454.25
6207,58,182,16/05/2025,4,2300.18,9200.72
6208,750,191,20/04/2025,3,357.25,1071.75
6209,100,175,22/12/2025,3,1931.35,5794.05
6210,962,120,28/01/2025,5,723.89,3619.45
6211,327,186,05/03/2025,4,1394.81,5579.24
6212,587,189,26/11/2025,1,1401.47,1401.47
6213,955,135,30/09/2025,5,1751.47,8757.35
6214,408,112,27/07/2025,3,282.3,846.9
6215,595,55,19/06/2025,4,142.72,570.88
6216,398,32,01/05/2025,5,2758.95,13794.75
6217,200,83,11/09/2025,5,1877.08,9385.4
6218,271,161,24/08/2025,5,508.08,2540.4
6219,406,141,11/07/2025,1,2752.99,2752.99
6220,704,120,06/04/2025,1,723.89,723.89
6221,994,63,31/08/2025,4,413.92,1655.68
6222,821,188,05/10/2025,1,2076.06,2076.06
6223,272,63,25/11/2025,1,413.92,413.92
6224,103,145,25/03/2025,2,2186.7,4373.4
6225,27,155,10/08/2025,3,2068.39,6205.17
6226,501,62,08/04/2025,2,2363.38,4726.76
6227,871,37,24/12/2025,5,2671.08,13355.4
6228,491,55,18/04/2025,2,142.72,285.44
6229,580,104,13/05/2025,3,218.46,655.38
6230,41,48,10/03/2025,5,2767.18,13835.9
6231,330,62,22/07/2025,2,2363.38,4726.76
6232,958,118,13/11/2025,4,74.75,299.0
6233,881,152,13/05/2025,2,1858.5,3717.0
6234,170,113,02/05/2025,4,1511.94,6047.76
6235,637,182,25/04/2025,2,2300.18,4600.36
6236,739,137,30/11/2025,3,2071.83,6215.49
6237,145,12,03/05/2025,2,1216.64,2433.28
6238,703,47,22/10/2025,1,1157.01,1157.01
6239,97,65,03/02/2025,1,1653.49,1653.49
6240,434,158,27/04/2025,2,1416.92,2833.84
6241,780,45,23/05/2025,5,1793.79,8968.95
6242,301,36,02/06/2025,2,432.46,864.92
6243,507,169,06/11/2025,1,2665.01,2665.01
6244,606,135,08/11/2025,2,1751.47,3502.94
6245,10,173,19/06/2025,4,1842.28,7369.12
6246,840,83,18/06/2025,1,1877.08,1877.08
6247,863,69,06/03/2025,3,1686.7,5060.1
6248,919,100,15/08/2025,1,199.13,199.13
6249,332,112,20/12/2025,5,282.3,1411.5
6250,624,160,14/04/2025,1,1484.51,1484.51
6251,565,57,16/01/2025,1,1517.16,1517.16
6252,4,184,26/05/2025,4,1206.16,4824.64
6253,252,55,05/04/2025,2,142.72,285.44
6254,793,195,17/11/2025,4,553.06,2212.24
6255,743,200,07/03/2025,2,291.75,583.5
6256,505,116,28/08/2025,4,928.68,3714.72
6257,224,53,01/08/2025,1,2787.39,2787.39
6258,908,186,25/12/2025,5,1394.81,6974.05
6259,984,9,25/07/2025,4,2113.6,8454.4
6260,951,77,15/01/2025,4,1282.15,5128.6
6261,948,114,17/04/2025,1,1690.85,1690.85
6262,572,93,02/05/2025,1,2225.24,2225.24
6263,388,9,11/11/2025,3,2113.6,6340.8
6264,321,44,15/09/2025,5,2462.16,12310.8
6265,816,78,19/11/2025,2,587.66,1175.32
6266,295,22,24/11/2025,1,2301.81,2301.81
6267,485,182,28/01/2025,3,2300.18,6900.54
6268,136,127,10/01/2025,3,281.63,844.89
6269,692,166,31/08/2025,4,547.69,2190.76
6270,801,195,17/09/2025,3,553.06,1659.18
6271,172,110,04/08/2025,4,2713.54,10854.16
6272,142,96,02/01/2025,5,1459.42,7297.1
6273,863,111,08/01/2025,2,2602.98,5205.96
6274,863,11,28/12/2025,2,-50.0,-100.0
6275,415,49,06/12/2025,5,1056.83,5284.15
6276,366,163,15/05/2025,4,2777.8,11111.2
6277,969,106,25/05/2025,1,2595.56,2595.56
6278,588,115,11/06/2025,3,138.46,415.38
6279,610,125,17/04/2025,5,692.24,3461.2
6280,107,134,28/10/2025,2,636.14,1272.28
6281,716,198,14/12/2025,5,765.25,3826.25
6282,497,192,05/10/2025,5,2814.77,14073.85
6283,726,72,09/02/2025,5,2991.29,14956.45
6284,264,154,07/08/2025,5,1797.15,8985.75
6285,36,151,11/06/2025,5,98.07,490.35
6286,834,81,25/05/2025,1,2963.2,2963.2
6287,612,180,15/03/2025,2,2951.82,5903.64
6288,844,107,01/06/2025,4,891.64,3566.56
6289,222,33,24/04/2025,2,1677.84,3355.68
6290,999,152,15/07/2025,3,1858.5,5575.5
6291,104,34,22/03/2025,1,481.05,481.05
6292,736,141,27/12/2025,5,2752.99,13764.95
6293,957,137,05/12/2025,1,2071.83,2071.83
6294,888,27,12/11/2025,3,68.58,205.74
6295,296,144,27/04/2025,3,568.72,1706.16
6296,258,5,25/12/2025,1,1684.1,1684.1
6297,75,47,12/08/2025,4,1157.01,4628.04
6298,760,179,12/03/2025,2,1565.73,3131.46
6299,932,50,29/09/2025,5,1261.23,6306.15
6300,721,78,03/06/2025,4,587.66,2350.64
6301,177,164,24/06/2025,2,683.21,1366.42
6302,408,184,16/09/2025,4,1206.16,4824.64
6303,713,126,20/09/2025,1,2693.58,2693.58
6304,793,129,14/03/2025,5,2620.65,13103.25
6305,931,33,19/08/2025,2,1677.84,3355.68
6306,539,165,29/11/2025,5,2278.17,11390.85
6307,495,15,03/12/2025,3,2801.89,8405.67
6308,560,75,18/07/2025,1,983.77,983.77
6309,535,13,24/12/2025,4,1979.45,7917.8
6310,79,188,24/12/2025,2,2076.06,4152.12
6311,741,66,25/11/2025,5,273.54,1367.7
6312,379,103,28/08/2025,3,1971.18,5913.54
6313,766,148,02/10/2025,5,1340.15,6700.75
6314,996,70,13/01/2025,4,1198.05,4792.2
6315,772,174,21/09/2025,3,1789.54,5368.62
6316,439,176,16/11/2025,4,1571.53,6286.12
6317,276,146,09/04/2025,4,2642.79,10571.16
6318,905,174,04/05/2025,5,1789.54,8947.7
6319,995,1,16/08/2025,5,321.65,1608.25
6320,158,52,03/03/2025,4,2248.08,8992.32
6321,52,140,21/10/2025,1,1975.57,1975.57
6322,902,37,12/02/2025,4,2671.08,10684.32
6323,394,103,04/01/2025,2,1971.18,3942.36
6324,102,108,02/07/2025,3,708.88,2126.64
6325,923,82,17/12/2025,4,2468.32,9873.28
6326,519,105,19/06/2025,3,1995.69,5987.07
6327,512,171,24/07/2025,5,1831.63,9158.15
6328,331,84,10/09/2025,3,153.74,461.22
6329,361,26,11/05/2025,2,2949.21,5898.42
6330,482,111,03/01/2025,3,2602.98,7808.94
6331,8,14,26/09/2025,4,2995.33,11981.32
6332,458,87,01/08/2025,5,354.87,1774.35
6333,828,136,30/05/2025,2,2590.51,5181.02
6334,700,15,06/02/2025,3,2801.89,8405.67
6335,425,98,11/05/2025,3,1142.29,3426.87
6336,333,28,31/03/2025,2,2980.37,5960.74
6337,914,66,14/05/2025,3,273.54,820.62
6338,71,198,29/10/2025,5,765.25,3826.25
6339,627,121,03/01/2025,3,842.12,2526.36
6340,148,52,28/09/2025,2,2248.08,4496.16
6341,417,137,09/01/2025,4,2071.83,8287.32
6342,525,199,12/06/2025,2,2160.76,4321.52
6343,841,121,02/02/2025,1,842.12,842.12
6344,464,6,29/07/2025,2,1257.25,2514.5
6345,199,12,02/06/2025,5,1216.64,6083.2
6346,830,69,19/04/2025,2,1686.7,3373.4
6347,525,165,01/02/2025,4,2278.17,9112.68
6348,178,12,25/01/2025,3,1216.64,3649.92
6349,554,157,25/04/2025,5,419.58,2097.9
6350,32,156,05/02/2025,3,256.84,770.52
6351,218,69,07/01/2025,5,1686.7,8433.5
6352,598,198,23/11/2025,4,765.25,3061.0
6353,68,156,02/11/2025,4,256.84,1027.36
6354,497,148,11/03/2025,4,1340.15,5360.6
6355,861,70,20/03/2025,3,1198.05,3594.15
6356,569,69,18/04/2025,1,1686.7,1686.7
6357,372,100,19/05/2025,5,199.13,995.65
6358,540,4,12/06/2025,3,1718.68,5156.04
6359,937,11,15/04/2025,4,-50.0,-200.0
6360,363,193,20/12/2025,4,423.21,1692.84
6361,504,77,08/01/2025,5,1282.15,6410.75
6362,587,83,24/11/2025,4,1877.08,7508.32
6363,655,58,09/05/2025,5,476.53,2382.65
6364,694,5,27/10/2025,3,1684.1,5052.3
6365,849,161,24/01/2025,5,508.08,2540.4
6366,144,169,01/01/2025,4,2665.01,10660.04
6367,173,184,09/05/2025,5,1206.16,6030.8
6368,277,38,30/04/2025,1,714.32,714.32
6369,993,24,29/09/2025,3,1353.55,4060.65
6370,615,196,20/06/2025,2,2691.92,5383.84
6371,534,72,09/01/2025,5,2991.29,14956.45
6372,480,49,20/03/2025,3,1056.83,3170.49
6373,42,59,16/10/2025,1,2913.7,2913.7
6374,762,113,30/08/2025,4,1511.94,6047.76
6375,293,137,24/08/2025,4,2071.83,8287.32
6376,372,157,28/02/2025,3,419.58,1258.74
6377,673,80,20/09/2025,1,2313.65,2313.65
6378,921,109,18/12/2025,3,1535.45,4606.35
6379,536,185,14/04/2025,2,2325.56,4651.12
6380,4,129,08/03/2025,5,2620.65,13103.25
6381,860,156,25/11/2025,3,256.84,770.52
6382,533,102,22/05/2025,5,828.42,4142.1
6383,109,147,23/03/2025,4,2884.36,11537.44
6384,251,166,28/03/2025,2,547.69,1095.38
6385,995,110,26/11/2025,1,2713.54,2713.54
6386,370,185,12/07/2025,5,2325.56,11627.8
6387,734,160,26/03/2025,3,1484.51,4453.53
6388,471,108,30/05/2025,4,708.88,2835.52
6389,951,133,20/02/2025,2,1358.52,2717.04
6390,870,114,25/12/2025,2,1690.85,3381.7
6391,3,99,04/04/2025,4,149.58,598.32
6392,864,152,03/12/2025,2,1858.5,3717.0
6393,990,165,10/07/2025,1,2278.17,2278.17
6394,95,136,28/08/2025,1,2590.51,2590.51
6395,554,129,31/05/2025,2,2620.65,5241.3
6396,798,38,05/07/2025,4,714.32,2857.28
6397,842,88,09/06/2025,5,744.28,3721.4
6398,425,160,31/10/2025,5,1484.51,7422.55
6399,857,6,20/03/2025,4,1257.25,5029.0
6400,242,35,15/03/2025,4,1391.9,5567.6
6401,226,168,02/03/2025,4,2069.83,8279.32
6402,462,160,24/10/2025,5,1484.51,7422.55
6403,28,39,27/04/2025,2,293.88,587.76
6404,483,174,29/01/2025,5,1789.54,8947.7
6405,37,182,11/06/2025,4,2300.18,9200.72
6406,844,70,18/11/2025,5,1198.05,5990.25
6407,654,115,10/12/2025,1,138.46,138.46
6408,910,142,27/08/2025,3,222.09,666.27
6409,458,149,27/12/2025,3,472.83,1418.49
6410,266,19,04/08/2025,4,2481.94,9927.76
6411,509,81,14/04/2025,3,2963.2,8889.6
6412,608,135,06/10/2025,1,1751.47,1751.47
6413,554,160,20/08/2025,1,1484.51,1484.51
6414,767,54,21/09/2025,4,181.3,725.2
6415,68,91,03/02/2025,5,929.25,4646.25
6416,329,127,30/01/2025,5,281.63,1408.15
6417,572,149,09/07/2025,3,472.83,1418.49
6418,523,156,27/03/2025,4,256.84,1027.36
6419,415,141,16/09/2025,2,2752.99,5505.98
6420,270,141,15/08/2025,5,2752.99,13764.95
6421,421,53,12/01/2025,5,2787.39,13936.95
6422,882,40,17/12/2025,1,1715.81,1715.81
6423,491,103,19/03/2025,1,1971.18,1971.18
6424,244,152,15/12/2025,4,1858.5,7434.0
6425,112,47,20/11/2025,1,1157.01,1157.01
6426,806,171,15/01/2025,5,1831.63,9158.15
6427,648,86,08/10/2025,1,484.85,484.85
6428,900,140,21/03/2025,1,1975.57,1975.57
6429,951,146,25/09/2025,5,2642.79,13213.95
6430,660,100,19/09/2025,1,199.13,199.13
6431,786,35,29/11/2025,1,1391.9,1391.9
6432,848,126,25/07/2025,1,2693.58,2693.58
6433,398,184,19/01/2025,5,1206.16,6030.8
6434,895,31,21/08/2025,1,84.67,84.67
6435,601,34,04/09/2025,2,481.05,962.1
6436,799,38,12/10/2025,5,714.32,3571.6
6437,148,100,07/11/2025,5,199.13,995.65
6438,915,60,21/05/2025,2,1734.26,3468.52
6439,928,181,06/12/2025,5,1681.95,8409.75
6440,953,112,08/11/2025,3,282.3,846.9
6441,924,117,05/05/2025,1,1192.33,1192.33
6442,731,81,04/08/2025,1,2963.2,2963.2
6443,503,84,19/09/2025,4,153.74,614.96
6444,629,106,26/04/2025,5,2595.56,12977.8
6445,998,49,01/07/2025,3,1056.83,3170.49
6446,708,115,07/09/2025,1,138.46,138.46
6447,453,61,29/03/2025,1,681.82,681.82
6448,861,169,21/02/2025,2,2665.01,5330.02
6449,331,85,20/11/2025,3,615.06,1845.18
6450,44,175,14/08/2025,3,1931.35,5794.05
6451,693,9,07/03/2025,3,2113.6,6340.8
6452,660,24,02/09/2025,5,1353.55,6767.75
6453,633,155,22/09/2025,2,2068.39,4136.78
6454,281,182,15/05/2025,3,2300.18,6900.54
6455,46,80,18/09/2025,3,2313.65,6940.95
6456,551,54,09/02/2025,1,181.3,181.3
6457,319,17,05/09/2025,3,2537.66,7612.98
6458,974,14,20/03/2025,1,2995.33,2995.33
6459,959,59,26/01/2025,3,2913.7,8741.1
6460,204,103,16/08/2025,5,1971.18,9855.9
6461,117,84,01/10/2025,4,153.74,614.96
6462,617,20,26/10/2025,1,1833.07,1833.07
6463,655,113,13/11/2025,4,1511.94,6047.76
6464,458,138,14/03/2025,1,2730.5,2730.5
6465,238,164,18/11/2025,3,683.21,2049.63
6466,274,92,20/09/2025,4,87.79,351.16
6467,299,68,31/08/2025,4,2290.86,9163.44
6468,589,76,29/04/2025,1,286.99,286.99
6469,840,198,07/08/2025,4,765.25,3061.0
6470,977,77,03/02/2025,1,1282.15,1282.15
6471,443,56,10/11/2025,2,1703.44,3406.88
6472,327,123,13/09/2025,2,2673.4,5346.8
6473,519,170,02/03/2025,2,1226.5,2453.0
6474,364,150,07/07/2025,4,338.18,1352.72
6475,464,181,04/11/2025,2,1681.95,3363.9
6476,932,181,06/12/2025,2,1681.95,3363.9
6477,450,60,18/09/2025,1,1734.26,1734.26
6478,403,144,30/12/2025,2,568.72,1137.44
6479,39,35,15/02/2025,5,1391.9,6959.5
6480,340,144,28/12/2025,3,568.72,1706.16
6481,678,78,27/04/2025,2,587.66,1175.32
6482,233,45,16/02/2025,3,1793.79,5381.37
6483,385,189,05/02/2025,3,1401.47,4204.41
6484,564,89,03/10/2025,3,2781.65,8344.95
6485,254,150,19/07/2025,4,338.18,1352.72
6486,25,120,03/06/2025,2,723.89,1447.78
6487,299,99,30/12/2025,4,149.58,598.32
6488,261,100,04/03/2025,2,199.13,398.26
6489,354,191,02/07/2025,5,357.25,1786.25
6490,558,73,18/11/2025,1,753.81,753.81
6491,499,69,28/02/2025,5,1686.7,8433.5
6492,435,17,02/01/2025,4,2537.66,10150.64
6493,345,4,26/03/2025,2,1718.68,3437.36
6494,79,132,27/07/2025,1,2731.01,2731.01
6495,579,142,27/11/2025,1,222.09,222.09
6496,855,74,27/04/2025,1,813.45,813.45
6497,807,196,21/05/2025,3,2691.92,8075.76
6498,684,123,24/12/2025,4,2673.4,10693.6
6499,911,15,11/05/2025,5,2801.89,14009.45
6500,837,144,22/12/2025,2,568.72,1137.44
6501,499,116,14/01/2025,3,928.68,2786.04
6502,754,33,06/03/2025,5,1677.84,8389.2
6503,549,104,07/12/2025,3,218.46,655.38
6504,653,62,15/01/2025,2,2363.38,4726.76
6505,832,39,21/11/2025,4,293.88,1175.52
6506,357,192,22/10/2025,1,2814.77,2814.77
6507,744,166,16/07/2025,5,547.69,2738.45
6508,725,48,13/10/2025,1,2767.18,2767.18
6509,913,49,13/07/2025,4,1056.83,4227.32
6510,464,118,04/11/2025,1,74.75,74.75
6511,765,97,31/07/2025,4,2091.31,8365.24
6512,446,20,13/03/2025,1,1833.07,1833.07
6513,321,192,04/05/2025,4,2814.77,11259.08
6514,285,45,10/03/2025,1,1793.79,1793.79
6515,813,33,15/12/2025,2,1677.84,3355.68
6516,716,57,11/11/2025,3,1517.16,4551.48
6517,603,140,07/02/2025,1,1975.57,1975.57
6518,922,54,05/08/2025,4,181.3,725.2
6519,568,57,07/09/2025,4,1517.16,6068.64
6520,367,159,18/02/2025,1,568.25,568.25
6521,486,116,06/02/2025,5,928.68,4643.4
6522,336,39,22/05/2025,3,293.88,881.64
6523,834,104,21/05/2025,1,218.46,218.46
6524,301,7,26/03/2025,5,2303.52,11517.6
6525,217,63,02/02/2025,3,413.92,1241.76
6526,469,78,04/07/2025,4,587.66,2350.64
6527,445,79,12/07/2025,2,1789.75,3579.5
6528,834,14,09/10/2025,1,2995.33,2995.33
6529,393,64,07/03/2025,4,1438.05,5752.2
6530,389,56,18/10/2025,1,1703.44,1703.44
6531,599,193,26/11/2025,3,423.21,1269.63
6532,391,157,02/07/2025,3,419.58,1258.74
6533,597,195,24/11/2025,2,553.06,1106.12
6534,188,125,12/07/2025,4,692.24,2768.96
6535,872,68,02/06/2025,1,2290.86,2290.86
6536,623,12,21/04/2025,1,1216.64,1216.64
6537,950,141,02/01/2025,3,2752.99,8258.97
6538,997,46,25/06/2025,3,131.37,394.11
6539,66,187,19/05/2025,2,897.37,1794.74
6540,799,74,09/10/2025,3,813.45,2440.35
6541,409,124,03/04/2025,2,2833.53,5667.06
6542,547,138,21/10/2025,2,2730.5,5461.0
6543,1,77,04/05/2025,4,1282.15,5128.6
6544,980,60,10/05/2025,1,1734.26,1734.26
6545,948,93,13/07/2025,3,2225.24,6675.72
6546,749,190,11/07/2025,1,289.51,289.51
6547,704,124,25/10/2025,3,2833.53,8500.59
6548,850,51,03/07/2025,2,2611.96,5223.92
6549,96,30,23/12/2025,3,660.17,1980.51
6550,801,151,27/09/2025,4,98.07,392.28
6551,530,120,12/06/2025,5,723.89,3619.45
6552,219,17,19/12/2025,2,2537.66,5075.32
6553,9,75,26/10/2025,1,983.77,983.77
6554,330,74,14/08/2025,2,813.45,1626.9
6555,508,167,06/08/2025,4,2604.04,10416.16
6556,98,132,27/01/2025,2,2731.01,5462.02
6557,716,136,15/09/2025,3,2590.51,7771.53
6558,53,16,23/12/2025,1,1659.24,1659.24
6559,549,123,13/02/2025,2,2673.4,5346.8
6560,320,53,13/02/2025,5,2787.39,13936.95
6561,333,24,09/05/2025,1,1353.55,1353.55
6562,235,111,01/10/2025,4,2602.98,10411.92
6563,423,44,08/01/2025,1,2462.16,2462.16
6564,498,141,08/10/2025,1,2752.99,2752.99
6565,468,25,11/11/2025,1,20.58,20.58
6566,688,104,13/06/2025,5,218.46,1092.3
6567,434,78,19/06/2025,2,587.66,1175.32
6568,780,117,28/07/2025,1,1192.33,1192.33
6569,658,141,15/03/2025,1,2752.99,2752.99
6570,885,110,03/12/2025,5,2713.54,13567.7
6571,203,63,10/07/2025,1,413.92,413.92
6572,965,68,28/12/2025,2,2290.86,4581.72
6573,761,51,26/07/2025,1,2611.96,2611.96
6574,35,14,10/04/2025,2,2995.33,5990.66
6575,56,48,10/08/2025,5,2767.18,13835.9
6576,896,86,23/12/2025,3,484.85,1454.55
6577,20,173,12/03/2025,3,1842.28,5526.84
6578,173,74,19/02/2025,1,813.45,813.45
6579,297,40,26/07/2025,1,1715.81,1715.81
6580,419,123,22/02/2025,1,2673.4,2673.4
6581,323,20,13/06/2025,3,1833.07,5499.21
6582,757,151,14/03/2025,5,98.07,490.35
6583,20,25,06/08/2025,4,20.58,82.32
6584,915,64,23/09/2025,2,1438.05,2876.1
6585,145,33,11/03/2025,2,1677.84,3355.68
6586,285,10,13/06/2025,1,2650.82,2650.82
6587,238,151,05/04/2025,2,98.07,196.14
6588,681,46,10/07/2025,1,131.37,131.37
6589,387,36,18/02/2025,1,432.46,432.46
6590,984,170,24/01/2025,5,1226.5,6132.5
6591,871,20,17/04/2025,1,1833.07,1833.07
6592,263,137,18/04/2025,3,2071.83,6215.49
6593,229,148,09/04/2025,1,1340.15,1340.15
6594,234,165,06/07/2025,2,2278.17,4556.34
6595,186,133,01/03/2025,4,1358.52,5434.08
6596,816,55,05/05/2025,2,142.72,285.44
6597,751,154,21/06/2025,3,1797.15,5391.45
6598,853,106,20/06/2025,3,2595.56,7786.68
6599,130,56,06/04/2025,3,1703.44,5110.32
6600,513,103,02/06/2025,3,1971.18,5913.54
6601,625,114,03/01/2025,4,1690.85,6763.4
6602,178,68,20/09/2025,5,2290.86,11454.3
6603,441,110,18/05/2025,2,2713.54,5427.08
6604,179,191,26/10/2025,1,357.25,357.25
6605,974,92,12/08/2025,2,87.79,175.58
6606,769,117,17/11/2025,4,1192.33,4769.32
6607,927,63,05/12/2025,3,413.92,1241.76
6608,587,141,01/04/2025,3,2752.99,8258.97
6609,637,121,02/07/2025,2,842.12,1684.24
6610,415,199,21/06/2025,1,2160.76,2160.76
6611,705,46,26/07/2025,4,131.37,525.48
6612,380,86,03/02/2025,5,484.85,2424.25
6613,274,125,22/03/2025,4,692.24,2768.96
6614,379,64,01/02/2025,5,1438.05,7190.25
6615,635,107,03/06/2025,4,891.64,3566.56
6616,108,69,09/07/2025,4,1686.7,6746.8
6617,225,64,25/10/2025,4,1438.05,5752.2
6618,715,95,28/05/2025,2,2256.06,4512.12
6619,900,114,21/07/2025,3,1690.85,5072.55
6620,445,185,08/12/2025,3,2325.56,6976.68
6621,239,87,15/10/2025,2,354.87,709.74
6622,595,179,07/03/2025,4,1565.73,6262.92
6623,781,163,10/10/2025,5,2777.8,13889.0
6624,910,87,20/03/2025,2,354.87,709.74
6625,297,52,10/09/2025,4,2248.08,8992.32
6626,946,152,02/06/2025,2,1858.5,3717.0
6627,106,87,11/02/2025,4,354.87,1419.48
6628,161,165,27/11/2025,4,2278.17,9112.68
6629,715,108,17/11/2025,2,708.88,1417.76
6630,561,58,19/05/2025,3,476.53,1429.59
6631,218,169,30/07/2025,3,2665.01,7995.03
6632,562,85,08/08/2025,5,615.06,3075.3
6633,253,172,14/01/2025,5,2166.2,10831.0
6634,423,26,03/10/2025,4,2949.21,11796.84
6635,151,76,29/08/2025,5,286.99,1434.95
6636,605,164,12/11/2025,2,683.21,1366.42
6637,624,193,03/12/2025,5,423.21,2116.05
6638,80,107,01/07/2025,1,891.64,891.64
6639,882,58,12/02/2025,5,476.53,2382.65
6640,104,101,02/12/2025,5,2371.78,11858.9
6641,202,178,15/02/2025,4,2635.78,10543.12
6642,30,63,12/09/2025,1,413.92,413.92
6643,826,54,08/03/2025,4,181.3,725.2
6644,389,16,20/12/2025,4,1659.24,6636.96
6645,171,199,18/02/2025,1,2160.76,2160.76
6646,281,138,05/08/2025,5,2730.5,13652.5
6647,835,124,31/12/2025,5,2833.53,14167.65
6648,20,143,17/07/2025,2,2846.83,5693.66
6649,750,71,17/04/2025,5,604.38,3021.9
6650,121,34,27/05/2025,1,481.05,481.05
6651,408,51,02/06/2025,5,2611.96,13059.8
6652,802,198,23/07/2025,4,765.25,3061.0
6653,189,83,15/03/2025,3,1877.08,5631.24
6654,767,149,18/07/2025,2,472.83,945.66
6655,863,180,26/06/2025,3,2951.82,8855.46
6656,769,104,08/04/2025,2,218.46,436.92
6657,613,28,13/03/2025,4,2980.37,11921.48
6658,767,150,19/11/2025,5,338.18,1690.9
6659,921,77,21/04/2025,1,1282.15,1282.15
6660,405,147,16/09/2025,3,2884.36,8653.08
6661,867,171,08/12/2025,1,1831.63,1831.63
6662,113,47,26/12/2025,4,1157.01,4628.04
6663,933,99,18/10/2025,3,149.58,448.74
6664,472,23,29/07/2025,5,1092.83,5464.15
6665,463,173,30/07/2025,1,1842.28,1842.28
6666,699,141,22/04/2025,2,2752.99,5505.98
6667,337,57,26/02/2025,5,1517.16,7585.8
6668,34,27,25/02/2025,4,68.58,274.32
6669,174,90,15/01/2025,5,60.93,304.65
6670,117,103,18/10/2025,2,1971.18,3942.36
6671,617,70,18/01/2025,5,1198.05,5990.25
6672,780,194,10/04/2025,1,983.91,983.91
6673,232,60,20/05/2025,3,1734.26,5202.78
6674,221,122,04/09/2025,4,1884.86,7539.44
6675,673,53,01/10/2025,3,2787.39,8362.17
6676,814,26,24/01/2025,3,2949.21,8847.63
6677,846,145,20/12/2025,5,2186.7,10933.5
6678,272,23,06/02/2025,1,1092.83,1092.83
6679,886,112,04/11/2025,4,282.3,1129.2
6680,222,10,09/05/2025,1,2650.82,2650.82
6681,931,140,23/02/2025,1,1975.57,1975.57
6682,411,3,24/10/2025,3,595.5,1786.5
6683,671,182,06/12/2025,5,2300.18,11500.9
6684,674,22,25/01/2025,1,2301.81,2301.81
6685,869,80,20/01/2025,2,2313.65,4627.3
6686,155,136,02/08/2025,5,2590.51,12952.55
6687,874,107,26/07/2025,1,891.64,891.64
6688,938,140,07/02/2025,1,1975.57,1975.57
6689,898,159,21/01/2025,5,568.25,2841.25
6690,253,75,04/03/2025,2,983.77,1967.54
6691,978,198,13/05/2025,2,765.25,1530.5
6692,514,191,04/06/2025,3,357.25,1071.75
6693,567,67,31/01/2025,2,1314.78,2629.56
6694,215,82,08/02/2025,2,2468.32,4936.64
6695,436,16,17/10/2025,4,1659.24,6636.96
6696,688,25,30/10/2025,4,20.58,82.32
6697,103,53,15/07/2025,5,2787.39,13936.95
6698,61,21,04/09/2025,3,1645.97,4937.91
6699,102,180,11/09/2025,1,2951.82,2951.82
6700,119,53,28/12/2025,2,2787.39,5574.78
6701,101,150,09/01/2025,3,338.18,1014.54
6702,139,78,09/12/2025,4,587.66,2350.64
6703,889,2,24/09/2025,2,1604.35,3208.7
6704,569,168,29/05/2025,1,2069.83,2069.83
6705,95,31,01/10/2025,2,84.67,169.34
6706,471,162,12/06/2025,3,116.04,348.12
6707,140,125,08/11/2025,1,692.24,692.24
6708,219,112,19/09/2025,4,282.3,1129.2
6709,378,126,31/05/2025,4,2693.58,10774.32
6710,881,110,06/11/2025,2,2713.54,5427.08
6711,74,62,10/02/2025,5,2363.38,11816.9
6712,39,164,04/06/2025,4,683.21,2732.84
6713,630,29,04/03/2025,4,39.58,158.32
6714,802,148,28/03/2025,3,1340.15,4020.45
6715,256,165,02/03/2025,2,2278.17,4556.34
6716,357,73,08/02/2025,1,753.81,753.81
6717,728,61,21/06/2025,1,681.82,681.82
6718,224,85,30/07/2025,1,615.06,615.06
6719,612,170,05/12/2025,4,1226.5,4906.0
6720,190,100,28/07/2025,1,199.13,199.13
6721,562,65,22/06/2025,3,1653.49,4960.47
6722,172,83,02/12/2025,2,1877.08,3754.16
6723,509,190,08/02/2025,3,289.51,868.53
6724,3,36,25/05/2025,3,432.46,1297.38
6725,499,185,29/12/2025,1,2325.56,2325.56
6726,478,150,02/11/2025,5,338.18,1690.9
6727,722,158,24/09/2025,3,1416.92,4250.76
6728,539,92,19/07/2025,4,87.79,351.16
6729,620,73,19/10/2025,5,753.81,3769.05
6730,973,154,30/01/2025,2,1797.15,3594.3
6731,32,95,30/10/2025,1,2256.06,2256.06
6732,644,180,10/08/2025,3,2951.82,8855.46
6733,463,90,17/04/2025,4,60.93,243.72
6734,375,94,01/06/2025,5,627.33,3136.65
6735,908,38,18/08/2025,2,714.32,1428.64
6736,654,186,22/08/2025,1,1394.81,1394.81
6737,160,100,10/03/2025,4,199.13,796.52
6738,779,168,27/07/2025,3,2069.83,6209.49
6739,376,7,15/07/2025,3,2303.52,6910.56
6740,895,3,12/01/2025,4,595.5,2382.0
6741,680,11,31/05/2025,1,-50.0,-50.0
6742,880,168,26/02/2025,3,2069.83,6209.49
6743,859,57,13/07/2025,1,1517.16,1517.16
6744,522,166,03/04/2025,4,547.69,2190.76
6745,267,11,16/08/2025,5,-50.0,-250.0
6746,797,27,02/01/2025,1,68.58,68.58
6747,992,164,29/07/2025,4,683.21,2732.84
6748,555,154,11/12/2025,1,1797.15,1797.15
6749,279,195,06/09/2025,1,553.06,553.06
6750,139,138,04/01/2025,2,2730.5,5461.0
6751,484,105,09/04/2025,2,1995.69,3991.38
6752,514,185,04/03/2025,1,2325.56,2325.56
6753,360,169,13/03/2025,2,2665.01,5330.02
6754,235,37,17/03/2025,5,2671.08,13355.4
6755,186,45,21/03/2025,5,1793.79,8968.95
6756,291,4,23/05/2025,5,1718.68,8593.4
6757,483,84,27/09/2025,2,153.74,307.48
6758,198,92,30/10/2025,5,87.79,438.95
6759,610,77,01/01/2025,1,1282.15,1282.15
6760,280,24,11/10/2025,1,1353.55,1353.55
6761,275,116,01/03/2025,5,928.68,4643.4
6762,234,96,27/12/2025,1,1459.42,1459.42
6763,119,64,08/12/2025,3,1438.05,4314.15
6764,31,199,10/04/2025,3,2160.76,6482.28
6765,327,200,16/03/2025,4,291.75,1167.0
6766,169,197,31/10/2025,5,2649.99,13249.95
6767,135,2,29/05/2025,4,1604.35,6417.4
6768,121,164,08/09/2025,3,683.21,2049.63
6769,570,11,26/08/2025,5,-50.0,-250.0
6770,537,62,07/03/2025,1,2363.38,2363.38
6771,949,139,07/02/2025,1,2987.14,2987.14
6772,25,77,15/11/2025,1,1282.15,1282.15
6773,295,183,05/05/2025,3,585.75,1757.25
6774,309,20,20/06/2025,5,1833.07,9165.35
6775,893,195,19/09/2025,2,553.06,1106.12
6776,780,25,28/05/2025,3,20.58,61.74
6777,481,143,21/08/2025,4,2846.83,11387.32
6778,295,188,09/10/2025,2,2076.06,4152.12
6779,38,45,25/11/2025,1,1793.79,1793.79
6780,523,173,09/11/2025,5,1842.28,9211.4
6781,229,6,24/04/2025,4,1257.25,5029.0
6782,775,89,14/10/2025,4,2781.65,11126.6
6783,658,182,11/12/2025,1,2300.18,2300.18
6784,233,119,27/10/2025,5,1079.03,5395.15
6785,792,30,19/02/2025,2,660.17,1320.34
6786,228,170,16/08/2025,5,1226.5,6132.5
6787,257,62,02/11/2025,4,2363.38,9453.52
6788,590,4,19/06/2025,3,1718.68,5156.04
6789,566,83,10/09/2025,3,1877.08,5631.24
6790,804,96,20/10/2025,5,1459.42,7297.1
6791,314,179,06/10/2025,1,1565.73,1565.73
6792,778,72,22/10/2025,2,2991.29,5982.58
6793,917,189,03/08/2025,1,1401.47,1401.47
6794,618,111,23/11/2025,5,2602.98,13014.9
6795,51,177,03/07/2025,3,1381.56,4144.68
6796,916,40,08/11/2025,5,1715.81,8579.05
6797,821,140,08/01/2025,4,1975.57,7902.28
6798,387,18,18/07/2025,1,2297.27,2297.27
6799,340,108,04/05/2025,4,708.88,2835.52
6800,240,116,10/07/2025,3,928.68,2786.04
6801,455,12,24/07/2025,1,1216.64,1216.64
6802,326,37,01/08/2025,4,2671.08,10684.32
6803,96,58,06/12/2025,4,476.53,1906.12
6804,574,18,28/10/2025,3,2297.27,6891.81
6805,921,142,13/03/2025,1,222.09,222.09
6806,367,57,20/09/2025,1,1517.16,1517.16
6807,288,50,24/07/2025,4,1261.23,5044.92
6808,631,158,24/11/2025,2,1416.92,2833.84
6809,628,102,18/05/2025,3,828.42,2485.26
6810,309,118,03/04/2025,4,74.75,299.0
6811,331,3,25/05/2025,5,595.5,2977.5
6812,692,48,14/03/2025,2,2767.18,5534.36
6813,923,65,19/04/2025,2,1653.49,3306.98
6814,309,132,17/01/2025,1,2731.01,2731.01
6815,281,21,30/12/2025,4,1645.97,6583.88
6816,130,79,19/06/2025,1,1789.75,1789.75
6817,351,64,04/11/2025,4,1438.05,5752.2
6818,111,84,23/06/2025,5,153.74,768.7
6819,323,118,27/10/2025,3,74.75,224.25
6820,951,8,31/03/2025,4,1086.73,4346.92
6821,855,128,13/07/2025,5,1571.74,7858.7
6822,16,42,26/03/2025,3,2382.85,7148.55
6823,378,116,03/05/2025,1,928.68,928.68
6824,782,55,03/12/2025,2,142.72,285.44
6825,148,159,12/12/2025,3,568.25,1704.75
6826,615,75,03/04/2025,3,983.77,2951.31
6827,954,57,14/06/2025,1,1517.16,1517.16
6828,656,138,26/09/2025,2,2730.5,5461.0
6829,397,58,24/05/2025,1,476.53,476.53
6830,21,36,11/08/2025,5,432.46,2162.3
6831,402,48,04/11/2025,5,2767.18,13835.9
6832,93,114,20/02/2025,2,1690.85,3381.7
6833,498,76,04/11/2025,2,286.99,573.98
6834,143,34,04/06/2025,1,481.05,481.05
6835,90,105,05/10/2025,4,1995.69,7982.76
6836,950,197,03/03/2025,2,2649.99,5299.98
6837,368,176,30/10/2025,2,1571.53,3143.06
6838,181,104,06/11/2025,4,218.46,873.84
6839,215,122,22/07/2025,1,1884.86,1884.86
6840,227,33,17/01/2025,3,1677.84,5033.52
6841,995,56,29/04/2025,1,1703.44,1703.44
6842,601,41,24/01/2025,5,2208.11,11040.55
6843,310,137,04/01/2025,3,2071.83,6215.49
6844,190,39,03/08/2025,1,293.88,293.88
6845,98,172,25/01/2025,5,2166.2,10831.0
6846,109,148,26/11/2025,2,1340.15,2680.3
6847,250,55,13/11/2025,3,142.72,428.16
6848,232,126,07/09/2025,5,2693.58,13467.9
6849,87,155,02/01/2025,1,2068.39,2068.39
6850,60,166,05/04/2025,1,547.69,547.69
6851,726,149,09/08/2025,3,472.83,1418.49
6852,102,97,05/04/2025,2,2091.31,4182.62
6853,862,88,13/12/2025,4,744.28,2977.12
6854,288,180,02/02/2025,4,2951.82,11807.28
6855,527,190,01/07/2025,3,289.51,868.53
6856,994,154,02/01/2025,3,1797.15,5391.45
6857,745,116,15/11/2025,5,928.68,4643.4
6858,832,37,01/01/2025,2,2671.08,5342.16
6859,293,200,22/04/2025,3,291.75,875.25
6860,140,191,12/02/2025,2,357.25,714.5
6861,986,99,27/08/2025,4,149.58,598.32
6862,939,137,26/05/2025,1,2071.83,2071.83
6863,340,97,14/08/2025,3,2091.31,6273.93
6864,752,74,16/08/2025,2,813.45,1626.9
6865,14,190,11/11/2025,1,289.51,289.51
6866,303,194,11/04/2025,3,983.91,2951.73
6867,694,158,11/02/2025,1,1416.92,1416.92
6868,687,116,08/08/2025,4,928.68,3714.72
6869,993,108,24/06/2025,4,708.88,2835.52
6870,60,89,04/12/2025,2,2781.65,5563.3
6871,483,166,04/02/2025,4,547.69,2190.76
6872,129,7,23/03/2025,5,2303.52,11517.6
6873,568,23,02/09/2025,3,1092.83,3278.49
6874,561,15,06/12/2025,4,2801.89,11207.56
6875,76,185,31/01/2025,5,2325.56,11627.8
6876,160,34,05/02/2025,2,481.05,962.1
6877,692,30,02/09/2025,4,660.17,2640.68
6878,642,141,13/01/2025,4,2752.99,11011.96
6879,396,162,20/11/2025,4,116.04,464.16
6880,438,53,06/05/2025,3,2787.39,8362.17
6881,139,39,17/12/2025,2,293.88,587.76
6882,498,32,02/07/2025,5,2758.95,13794.75
6883,600,40,12/03/2025,1,1715.81,1715.81
6884,388,163,26/05/2025,5,2777.8,13889.0
6885,663,132,01/08/2025,3,2731.01,8193.03
6886,226,128,12/02/2025,1,1571.74,1571.74
6887,293,39,09/06/2025,5,293.88,1469.4
6888,198,6,15/01/2025,1,1257.25,1257.25
6889,962,192,21/08/2025,2,2814.77,5629.54
6890,851,87,19/10/2025,2,354.87,709.74
6891,771,138,23/12/2025,5,2730.5,13652.5
6892,153,63,17/04/2025,1,413.92,413.92
6893,147,67,26/06/2025,4,1314.78,5259.12
6894,614,169,14/07/2025,5,2665.01,13325.05
6895,390,157,06/03/2025,2,419.58,839.16
6896,995,123,13/05/2025,5,2673.4,13367.0
6897,106,126,14/04/2025,5,2693.58,13467.9
6898,821,175,31/07/2025,4,1931.35,7725.4
6899,351,146,24/06/2025,1,2642.79,2642.79
6900,918,54,13/03/2025,5,181.3,906.5
6901,43,25,21/05/2025,1,20.58,20.58
6902,684,8,30/06/2025,4,1086.73,4346.92
6903,168,180,21/07/2025,4,2951.82,11807.28
6904,300,48,16/08/2025,4,2767.18,11068.72
6905,887,57,02/02/2025,3,1517.16,4551.48
6906,825,37,04/04/2025,4,2671.08,10684.32
6907,287,81,23/04/2025,3,2963.2,8889.6
6908,986,64,07/07/2025,4,1438.05,5752.2
6909,689,101,17/07/2025,3,2371.78,7115.34
6910,629,121,14/05/2025,4,842.12,3368.48
6911,542,113,31/05/2025,5,1511.94,7559.7
6912,603,110,26/03/2025,2,2713.54,5427.08
6913,286,148,29/12/2025,3,1340.15,4020.45
6914,377,31,07/06/2025,1,84.67,84.67
6915,417,161,11/06/2025,2,508.08,1016.16
6916,6,106,08/03/2025,5,2595.56,12977.8
6917,994,146,17/06/2025,4,2642.79,10571.16
6918,393,137,26/02/2025,3,2071.83,6215.49
6919,147,173,04/08/2025,1,1842.28,1842.28
6920,785,33,02/08/2025,4,1677.84,6711.36
6921,729,127,02/11/2025,2,281.63,563.26
6922,968,60,26/12/2025,3,1734.26,5202.78
6923,23,158,27/10/2025,4,1416.92,5667.68
6924,797,56,17/12/2025,3,1703.44,5110.32
6925,899,69,07/02/2025,2,1686.7,3373.4
6926,135,148,04/06/2025,1,1340.15,1340.15
6927,448,169,03/01/2025,3,2665.01,7995.03
6928,191,38,30/05/2025,2,714.32,1428.64
6929,915,127,09/10/2025,4,281.63,1126.52
6930,878,177,27/05/2025,1,1381.56,1381.56
6931,933,89,18/10/2025,4,2781.65,11126.6
6932,475,36,01/03/2025,3,432.46,1297.38
6933,885,134,24/12/2025,3,636.14,1908.42
6934,672,14,13/01/2025,4,2995.33,11981.32
6935,209,59,29/09/2025,5,2913.7,14568.5
6936,138,24,20/08/2025,3,1353.55,4060.65
6937,569,175,05/05/2025,2,1931.35,3862.7
6938,198,114,22/12/2025,2,1690.85,3381.7
6939,58,146,12/06/2025,3,2642.79,7928.37
6940,66,184,07/09/2025,4,1206.16,4824.64
6941,410,197,07/01/2025,4,2649.99,10599.96
6942,405,51,19/11/2025,4,2611.96,10447.84
6943,225,172,24/09/2025,2,2166.2,4332.4
6944,437,52,27/02/2025,1,2248.08,2248.08
6945,69,36,14/01/2025,2,432.46,864.92
6946,842,13,30/05/2025,5,1979.45,9897.25
6947,516,69,18/07/2025,2,1686.7,3373.4
6948,837,65,15/04/2025,5,1653.49,8267.45
6949,210,193,05/08/2025,2,423.21,846.42
6950,870,116,15/07/2025,5,928.68,4643.4
6951,24,131,20/12/2025,2,475.19,950.38
6952,554,155,13/09/2025,4,2068.39,8273.56
6953,742,190,24/12/2025,1,289.51,289.51
6954,212,98,21/06/2025,1,1142.29,1142.29
6955,656,174,07/11/2025,3,1789.54,5368.62
6956,940,74,03/11/2025,4,813.45,3253.8
6957,137,7,09/07/2025,5,2303.52,11517.6
6958,940,108,18/10/2025,3,708.88,2126.64
6959,733,14,07/04/2025,1,2995.33,2995.33
6960,150,67,09/07/2025,5,1314.78,6573.9
6961,782,24,21/04/2025,5,1353.55,6767.75
6962,384,13,09/02/2025,1,1979.45,1979.45
6963,111,85,20/07/2025,3,615.06,1845.18
6964,113,122,29/09/2025,3,1884.86,5654.58
6965,733,177,04/10/2025,1,1381.56,1381.56
6966,899,13,26/09/2025,2,1979.45,3958.9
6967,752,131,24/11/2025,5,475.19,2375.95
6968,776,187,27/05/2025,1,897.37,897.37
6969,262,164,01/02/2025,1,683.21,683.21
6970,289,16,04/05/2025,3,1659.24,4977.72
6971,66,90,17/07/2025,4,60.93,243.72
6972,916,131,08/02/2025,3,475.19,1425.57
6973,704,55,08/04/2025,3,142.72,428.16
6974,535,163,21/05/2025,1,2777.8,2777.8
6975,528,166,02/09/2025,2,547.69,1095.38
6976,318,118,30/06/2025,3,74.75,224.25
6977,518,13,22/01/2025,2,1979.45,3958.9
6978,640,164,22/02/2025,1,683.21,683.21
6979,945,104,12/06/2025,5,218.46,1092.3
6980,391,73,26/02/2025,4,753.81,3015.24
6981,499,116,15/05/2025,5,928.68,4643.4
6982,37,24,20/01/2025,5,1353.55,6767.75
6983,159,119,27/07/2025,1,1079.03,1079.03
6984,919,156,22/12/2025,5,256.84,1284.2
6985,573,166,05/09/2025,2,547.69,1095.38
6986,719,27,17/02/2025,4,68.58,274.32
6987,110,94,19/07/2025,5,627.33,3136.65
6988,435,133,27/02/2025,4,1358.52,5434.08
6989,88,146,29/08/2025,5,2642.79,13213.95
6990,847,99,02/07/2025,4,149.58,598.32
6991,594,189,14/04/2025,5,1401.47,7007.35
6992,680,51,31/07/2025,2,2611.96,5223.92
6993,68,122,14/06/2025,1,1884.86,1884.86
6994,886,8,02/10/2025,3,1086.73,3260.19
6995,213,96,11/05/2025,2,1459.42,2918.84
6996,366,165,04/02/2025,5,2278.17,11390.85
6997,603,90,17/06/2025,4,60.93,243.72
6998,451,181,07/10/2025,2,1681.95,3363.9
6999,379,64,03/05/2025,3,1438.05,4314.15
7000,254,149,18/09/2025,5,472.83,2364.15
7001,168,73,18/07/2025,2,753.81,1507.62
7002,410,169,18/02/2025,2,2665.01,5330.02
7003,480,199,21/06/2025,4,2160.76,8643.04
7004,573,12,15/12/2025,1,1216.64,1216.64
7005,339,139,06/08/2025,3,2987.14,8961.42
7006,439,141,06/11/2025,4,2752.99,11011.96
7007,890,54,14/04/2025,1,181.3,181.3
7008,7,39,24/06/2025,5,293.88,1469.4
7009,210,41,02/04/2025,4,2208.11,8832.44
7010,491,194,09/08/2025,4,983.91,3935.64
7011,607,144,11/05/2025,2,568.72,1137.44
7012,325,18,30/12/2025,3,2297.27,6891.81
7013,63,43,06/03/2025,3,1475.06,4425.18
7014,896,133,03/06/2025,3,1358.52,4075.56
7015,437,28,03/01/2025,2,2980.37,5960.74
7016,824,140,08/04/2025,4,1975.57,7902.28
7017,964,2,16/10/2025,5,1604.35,8021.75
7018,947,121,05/01/2025,2,842.12,1684.24
7019,655,117,12/10/2025,2,1192.33,2384.66
7020,886,184,05/09/2025,2,1206.16,2412.32
7021,813,122,22/08/2025,4,1884.86,7539.44
7022,942,192,03/03/2025,1,2814.77,2814.77
7023,900,195,30/05/2025,5,553.06,2765.3
7024,144,82,21/12/2025,2,2468.32,4936.64
7025,751,124,19/07/2025,5,2833.53,14167.65
7026,204,1,01/02/2025,5,321.65,1608.25
7027,9,114,16/03/2025,1,1690.85,1690.85
7028,75,13,23/05/2025,2,1979.45,3958.9
7029,145,50,12/12/2025,3,1261.23,3783.69
7030,298,126,14/12/2025,2,2693.58,5387.16
7031,988,14,04/12/2025,3,2995.33,8985.99
7032,496,178,29/08/2025,4,2635.78,10543.12
7033,97,194,31/12/2025,5,983.91,4919.55
7034,925,110,14/12/2025,1,2713.54,2713.54
7035,594,150,25/02/2025,4,338.18,1352.72
7036,386,94,11/08/2025,5,627.33,3136.65
7037,359,198,26/07/2025,4,765.25,3061.0
7038,789,117,01/06/2025,4,1192.33,4769.32
7039,42,156,15/12/2025,5,256.84,1284.2
7040,387,135,10/04/2025,2,1751.47,3502.94
7041,295,200,09/01/2025,3,291.75,875.25
7042,18,158,19/03/2025,3,1416.92,4250.76
7043,166,73,12/12/2025,2,753.81,1507.62
7044,389,175,11/04/2025,3,1931.35,5794.05
7045,800,118,13/04/2025,5,74.75,373.75
7046,981,178,07/03/2025,2,2635.78,5271.56
7047,858,23,08/02/2025,5,1092.83,5464.15
7048,779,67,16/11/2025,2,1314.78,2629.56
7049,721,4,11/01/2025,4,1718.68,6874.72
7050,371,178,02/09/2025,3,2635.78,7907.34
7051,688,63,26/01/2025,4,413.92,1655.68
7052,781,30,10/09/2025,3,660.17,1980.51
7053,808,164,28/02/2025,5,683.21,3416.05
7054,85,85,26/12/2025,1,615.06,615.06
7055,99,12,23/07/2025,1,1216.64,1216.64
7056,726,39,05/01/2025,4,293.88,1175.52
7057,32,130,10/03/2025,1,1263.65,1263.65
7058,411,90,20/10/2025,5,60.93,304.65
7059,735,54,28/08/2025,3,181.3,543.9
7060,932,87,22/08/2025,5,354.87,1774.35
7061,885,143,23/04/2025,2,2846.83,5693.66
7062,327,74,14/09/2025,5,813.45,4067.25
7063,731,53,09/09/2025,3,2787.39,8362.17
7064,916,23,06/04/2025,5,1092.83,5464.15
7065,111,73,26/07/2025,5,753.81,3769.05
7066,484,146,10/05/2025,1,2642.79,2642.79
7067,394,63,31/07/2025,5,413.92,2069.6
7068,649,100,14/12/2025,3,199.13,597.39
7069,852,62,12/01/2025,2,2363.38,4726.76
7070,898,54,11/09/2025,1,181.3,181.3
7071,710,36,05/08/2025,4,432.46,1729.84
7072,374,38,14/03/2025,5,714.32,3571.6
7073,318,101,20/06/2025,5,2371.78,11858.9
7074,271,152,13/09/2025,2,1858.5,3717.0
7075,686,33,02/01/2025,3,1677.84,5033.52
7076,41,9,11/01/2025,2,2113.6,4227.2
7077,560,101,14/02/2025,1,2371.78,2371.78
7078,312,171,09/01/2025,4,1831.63,7326.52
7079,328,23,13/01/2025,5,1092.83,5464.15
7080,573,197,24/05/2025,3,2649.99,7949.97
7081,214,37,28/02/2025,4,2671.08,10684.32
7082,411,167,30/01/2025,2,2604.04,5208.08
7083,901,166,01/05/2025,2,547.69,1095.38
7084,328,108,15/07/2025,2,708.88,1417.76
7085,613,183,07/01/2025,2,585.75,1171.5
7086,92,15,20/01/2025,1,2801.89,2801.89
7087,604,14,01/11/2025,5,2995.33,14976.65
7088,603,61,11/10/2025,1,681.82,681.82
7089,455,134,02/01/2025,1,636.14,636.14
7090,829,80,23/01/2025,5,2313.65,11568.25
7091,178,135,21/06/2025,2,1751.47,3502.94
7092,716,72,21/06/2025,1,2991.29,2991.29
7093,557,154,16/11/2025,2,1797.15,3594.3
7094,700,13,28/04/2025,5,1979.45,9897.25
7095,51,68,21/11/2025,2,2290.86,4581.72
7096,455,107,15/02/2025,4,891.64,3566.56
7097,249,198,21/07/2025,4,765.25,3061.0
7098,175,137,20/09/2025,1,2071.83,2071.83
7099,808,22,12/03/2025,2,2301.81,4603.62
7100,691,163,24/09/2025,4,2777.8,11111.2
7101,69,90,05/06/2025,5,60.93,304.65
7102,799,118,23/08/2025,3,74.75,224.25
7103,868,1,23/04/2025,3,321.65,964.95
7104,76,23,28/06/2025,1,1092.83,1092.83
7105,698,141,12/12/2025,2,2752.99,5505.98
7106,799,190,05/01/2025,2,289.51,579.02
7107,883,157,12/09/2025,4,419.58,1678.32
7108,953,52,18/08/2025,5,2248.08,11240.4
7109,634,129,13/03/2025,3,2620.65,7861.95
7110,97,143,05/03/2025,5,2846.83,14234.15
7111,765,79,08/12/2025,2,1789.75,3579.5
7112,433,156,31/08/2025,2,256.84,513.68
7113,418,188,28/11/2025,3,2076.06,6228.18
7114,30,194,27/07/2025,1,983.91,983.91
7115,832,125,03/09/2025,4,692.24,2768.96
7116,707,26,11/09/2025,5,2949.21,14746.05
7117,491,102,03/12/2025,2,828.42,1656.84
7118,544,139,29/07/2025,2,2987.14,5974.28
7119,950,61,06/10/2025,4,681.82,2727.28
7120,539,171,13/01/2025,3,1831.63,5494.89
7121,90,187,24/11/2025,4,897.37,3589.48
7122,166,118,30/03/2025,4,74.75,299.0
7123,607,41,06/08/2025,2,2208.11,4416.22
7124,443,112,21/09/2025,4,282.3,1129.2
7125,851,177,06/01/2025,5,1381.56,6907.8
7126,584,180,18/08/2025,2,2951.82,5903.64
7127,660,102,22/07/2025,1,828.42,828.42
7128,837,84,06/04/2025,2,153.74,307.48
7129,564,165,13/12/2025,5,2278.17,11390.85
7130,914,183,08/11/2025,5,585.75,2928.75
7131,1,119,25/10/2025,3,1079.03,3237.09
7132,598,62,17/10/2025,3,2363.38,7090.14
7133,549,28,15/06/2025,2,2980.37,5960.74
7134,350,160,03/09/2025,4,1484.51,5938.04
7135,477,39,15/06/2025,4,293.88,1175.52
7136,998,155,14/07/2025,4,2068.39,8273.56
7137,304,7,07/04/2025,5,2303.52,11517.6
7138,935,143,30/09/2025,3,2846.83,8540.49
7139,26,82,07/02/2025,1,2468.32,2468.32
7140,941,182,05/03/2025,3,2300.18,6900.54
7141,792,113,18/07/2025,1,1511.94,1511.94
7142,338,124,26/10/2025,5,2833.53,14167.65
7143,193,147,13/03/2025,1,2884.36,2884.36
7144,605,91,29/06/2025,4,929.25,3717.0
7145,821,24,30/09/2025,5,1353.55,6767.75
7146,452,21,07/06/2025,1,1645.97,1645.97
7147,539,110,29/01/2025,1,2713.54,2713.54
7148,894,167,23/01/2025,3,2604.04,7812.12
7149,5,184,05/04/2025,5,1206.16,6030.8
7150,269,70,27/12/2025,5,1198.05,5990.25
7151,654,47,17/08/2025,5,1157.01,5785.05
7152,575,126,24/11/2025,3,2693.58,8080.74
7153,475,13,25/11/2025,2,1979.45,3958.9
7154,18,199,29/10/2025,2,2160.76,4321.52
7155,201,5,22/02/2025,1,1684.1,1684.1
7156,749,39,21/11/2025,3,293.88,881.64
7157,14,17,20/07/2025,5,2537.66,12688.3
7158,856,161,10/09/2025,1,508.08,508.08
7159,282,44,12/01/2025,5,2462.16,12310.8
7160,412,170,26/06/2025,5,1226.5,6132.5
7161,153,47,27/04/2025,2,1157.01,2314.02
7162,872,49,06/11/2025,4,1056.83,4227.32
7163,216,31,09/01/2025,5,84.67,423.35
7164,394,44,07/01/2025,1,2462.16,2462.16
7165,802,128,11/01/2025,2,1571.74,3143.48
7166,963,35,30/03/2025,3,1391.9,4175.7
7167,927,99,13/03/2025,4,149.58,598.32
7168,266,180,20/08/2025,5,2951.82,14759.1
7169,373,62,22/11/2025,4,2363.38,9453.52
7170,296,7,11/09/2025,3,2303.52,6910.56
7171,906,177,25/11/2025,1,1381.56,1381.56
7172,781,71,20/07/2025,3,604.38,1813.14
7173,969,170,08/07/2025,5,1226.5,6132.5
7174,923,105,11/05/2025,4,1995.69,7982.76
7175,51,185,05/10/2025,4,2325.56,9302.24
7176,925,127,05/07/2025,2,281.63,563.26
7177,662,78,10/07/2025,3,587.66,1762.98
7178,225,66,03/02/2025,3,273.54,820.62
7179,288,98,09/10/2025,4,1142.29,4569.16
7180,999,138,01/07/2025,4,2730.5,10922.0
7181,950,132,08/12/2025,2,2731.01,5462.02
7182,766,69,12/04/2025,5,1686.7,8433.5
7183,806,76,28/04/2025,5,286.99,1434.95
7184,678,91,08/08/2025,5,929.25,4646.25
7185,646,41,11/09/2025,4,2208.11,8832.44
7186,222,112,03/06/2025,4,282.3,1129.2
7187,531,81,20/03/2025,2,2963.2,5926.4
7188,31,170,31/08/2025,4,1226.5,4906.0
7189,374,135,03/01/2025,4,1751.47,7005.88
7190,947,131,29/05/2025,5,475.19,2375.95
7191,250,41,09/11/2025,4,2208.11,8832.44
7192,575,56,03/06/2025,3,1703.44,5110.32
7193,250,187,02/11/2025,4,897.37,3589.48
7194,708,87,17/01/2025,5,354.87,1774.35
7195,365,7,13/06/2025,3,2303.52,6910.56
7196,819,16,17/01/2025,3,1659.24,4977.72
7197,611,45,18/05/2025,5,1793.79,8968.95
7198,411,119,05/01/2025,2,1079.03,2158.06
7199,53,118,24/05/2025,2,74.75,149.5
7200,177,195,11/04/2025,5,553.06,2765.3
7201,581,12,17/08/2025,4,1216.64,4866.56
7202,233,190,14/03/2025,4,289.51,1158.04
7203,865,152,19/05/2025,3,1858.5,5575.5
7204,651,89,04/05/2025,1,2781.65,2781.65
7205,576,8,04/08/2025,1,1086.73,1086.73
7206,142,86,29/06/2025,5,484.85,2424.25
7207,113,91,13/12/2025,1,929.25,929.25
7208,136,177,03/06/2025,1,1381.56,1381.56
7209,352,6,15/10/2025,2,1257.25,2514.5
7210,97,80,25/06/2025,2,2313.65,4627.3
7211,233,17,26/08/2025,2,2537.66,5075.32
7212,611,68,25/04/2025,2,2290.86,4581.72
7213,769,126,19/06/2025,5,2693.58,13467.9
7214,193,21,27/02/2025,1,1645.97,1645.97
7215,146,62,22/10/2025,3,2363.38,7090.14
7216,30,71,25/07/2025,2,604.38,1208.76
7217,367,48,16/05/2025,4,2767.18,11068.72
7218,153,142,12/12/2025,4,222.09,888.36
7219,390,47,26/02/2025,3,1157.01,3471.03
7220,709,14,06/07/2025,5,2995.33,14976.65
7221,508,58,09/04/2025,5,476.53,2382.65
7222,568,184,28/06/2025,3,1206.16,3618.48
7223,300,88,13/05/2025,1,744.28,744.28
7224,648,194,21/01/2025,4,983.91,3935.64
7225,818,155,27/10/2025,1,2068.39,2068.39
7226,238,83,10/02/2025,1,1877.08,1877.08
7227,489,171,26/06/2025,3,1831.63,5494.89
7228,849,92,17/12/2025,3,87.79,263.37
7229,226,177,24/12/2025,4,1381.56,5526.24
7230,33,196,11/03/2025,4,2691.92,10767.68
7231,486,48,25/02/2025,5,2767.18,13835.9
7232,426,117,07/05/2025,2,1192.33,2384.66
7233,453,65,18/02/2025,4,1653.49,6613.96
7234,864,36,08/12/2025,1,432.46,432.46
7235,326,122,05/08/2025,3,1884.86,5654.58
7236,737,185,06/08/2025,2,2325.56,4651.12
7237,264,26,06/08/2025,2,2949.21,5898.42
7238,30,132,27/09/2025,3,2731.01,8193.03
7239,122,131,20/07/2025,4,475.19,1900.76
7240,164,4,15/11/2025,5,1718.68,8593.4
7241,956,16,20/10/2025,4,1659.24,6636.96
7242,240,22,09/08/2025,5,2301.81,11509.05
7243,247,6,13/11/2025,2,1257.25,2514.5
7244,613,87,12/08/2025,1,354.87,354.87
7245,763,127,09/06/2025,1,281.63,281.63
7246,344,9,12/11/2025,3,2113.6,6340.8
7247,842,152,15/03/2025,5,1858.5,9292.5
7248,940,33,14/08/2025,4,1677.84,6711.36
7249,234,174,30/03/2025,1,1789.54,1789.54
7250,976,195,24/05/2025,2,553.06,1106.12
7251,801,59,12/10/2025,5,2913.7,14568.5
7252,544,10,15/09/2025,3,2650.82,7952.46
7253,353,24,29/11/2025,3,1353.55,4060.65
7254,156,15,09/07/2025,2,2801.89,5603.78
7255,623,63,02/06/2025,4,413.92,1655.68
7256,376,12,11/10/2025,2,1216.64,2433.28
7257,180,185,24/02/2025,2,2325.56,4651.12
7258,253,66,30/08/2025,2,273.54,547.08
7259,371,197,15/08/2025,3,2649.99,7949.97
7260,388,120,07/11/2025,2,723.89,1447.78
7261,625,17,19/06/2025,1,2537.66,2537.66
7262,300,152,27/05/2025,1,1858.5,1858.5
7263,644,67,13/02/2025,2,1314.78,2629.56
7264,534,182,28/11/2025,2,2300.18,4600.36
7265,307,64,11/11/2025,4,1438.05,5752.2
7266,382,58,20/01/2025,1,476.53,476.53
7267,703,168,07/12/2025,2,2069.83,4139.66
7268,600,124,02/03/2025,4,2833.53,11334.12
7269,695,165,14/06/2025,1,2278.17,2278.17
7270,17,105,16/12/2025,2,1995.69,3991.38
7271,599,30,06/11/2025,4,660.17,2640.68
7272,130,100,02/02/2025,3,199.13,597.39
7273,932,116,24/03/2025,2,928.68,1857.36
7274,522,29,14/03/2025,4,39.58,158.32
7275,702,158,28/01/2025,1,1416.92,1416.92
7276,749,129,28/04/2025,4,2620.65,10482.6
7277,840,159,22/03/2025,2,568.25,1136.5
7278,101,152,07/05/2025,5,1858.5,9292.5
7279,407,146,14/06/2025,1,2642.79,2642.79
7280,454,56,11/08/2025,4,1703.44,6813.76
7281,797,124,14/01/2025,1,2833.53,2833.53
7282,368,36,21/09/2025,5,432.46,2162.3
7283,699,116,01/01/2025,4,928.68,3714.72
7284,453,165,27/06/2025,3,2278.17,6834.51
7285,871,153,11/02/2025,5,1709.79,8548.95
7286,383,51,11/05/2025,1,2611.96,2611.96
7287,281,82,06/01/2025,1,2468.32,2468.32
7288,829,46,09/03/2025,1,131.37,131.37
7289,795,166,24/09/2025,4,547.69,2190.76
7290,250,144,12/10/2025,4,568.72,2274.88
7291,628,9,08/06/2025,2,2113.6,4227.2
7292,654,89,29/03/2025,1,2781.65,2781.65
7293,609,81,24/07/2025,5,2963.2,14816.0
7294,464,195,25/01/2025,4,553.06,2212.24
7295,244,167,20/05/2025,1,2604.04,2604.04
7296,9,155,20/05/2025,2,2068.39,4136.78
7297,418,176,14/12/2025,4,1571.53,6286.12
7298,357,77,02/10/2025,1,1282.15,1282.15
7299,729,186,03/05/2025,2,1394.81,2789.62
7300,808,109,16/09/2025,5,1535.45,7677.25
7301,99,12,05/05/2025,1,1216.64,1216.64
7302,851,141,17/08/2025,2,2752.99,5505.98
7303,177,19,10/06/2025,1,2481.94,2481.94
7304,103,63,24/05/2025,2,413.92,827.84
7305,385,16,07/10/2025,1,1659.24,1659.24
7306,318,41,02/01/2025,2,2208.11,4416.22
7307,101,61,03/12/2025,5,681.82,3409.1
7308,561,44,01/05/2025,3,2462.16,7386.48
7309,178,9,11/04/2025,5,2113.6,10568.0
7310,702,188,11/12/2025,1,2076.06,2076.06
7311,397,134,23/11/2025,1,636.14,636.14
7312,421,57,05/01/2025,4,1517.16,6068.64
7313,244,138,13/12/2025,5,2730.5,13652.5
7314,684,175,29/11/2025,1,1931.35,1931.35
7315,961,180,06/05/2025,4,2951.82,11807.28
7316,756,98,07/01/2025,5,1142.29,5711.45
7317,478,192,31/10/2025,5,2814.77,14073.85
7318,724,79,08/08/2025,4,1789.75,7159.0
7319,494,48,22/01/2025,1,2767.18,2767.18
7320,24,91,11/02/2025,2,929.25,1858.5
7321,264,179,26/01/2025,1,1565.73,1565.73
7322,990,122,22/08/2025,1,1884.86,1884.86
7323,117,112,18/05/2025,2,282.3,564.6
7324,575,94,01/12/2025,1,627.33,627.33
7325,688,137,14/06/2025,5,2071.83,10359.15
7326,107,47,23/08/2025,2,1157.01,2314.02
7327,7,136,11/02/2025,3,2590.51,7771.53
7328,784,29,11/02/2025,5,39.58,197.9
7329,638,68,05/07/2025,3,2290.86,6872.58
7330,266,94,07/11/2025,4,627.33,2509.32
7331,484,37,22/07/2025,5,2671.08,13355.4
7332,353,87,28/02/2025,4,354.87,1419.48
7333,615,48,08/08/2025,4,2767.18,11068.72
7334,511,21,13/08/2025,2,1645.97,3291.94
7335,457,188,19/12/2025,1,2076.06,2076.06
7336,774,173,14/09/2025,5,1842.28,9211.4
7337,426,193,06/08/2025,2,423.21,846.42
7338,247,150,25/07/2025,3,338.18,1014.54
7339,110,35,15/07/2025,4,1391.9,5567.6
7340,946,199,06/10/2025,4,2160.76,8643.04
7341,225,7,06/07/2025,3,2303.52,6910.56
7342,507,54,20/02/2025,4,181.3,725.2
7343,201,140,02/09/2025,5,1975.57,9877.85
7344,766,74,26/03/2025,1,813.45,813.45
7345,747,36,18/12/2025,2,432.46,864.92
7346,672,184,08/12/2025,3,1206.16,3618.48
7347,390,18,02/06/2025,3,2297.27,6891.81
7348,807,101,01/04/2025,4,2371.78,9487.12
7349,507,109,22/04/2025,2,1535.45,3070.9
7350,1,76,06/02/2025,1,286.99,286.99
7351,825,118,19/02/2025,4,74.75,299.0
7352,701,77,17/11/2025,2,1282.15,2564.3
7353,688,27,06/04/2025,3,68.58,205.74
7354,303,131,27/02/2025,2,475.19,950.38
7355,616,102,04/08/2025,5,828.42,4142.1
7356,213,107,03/09/2025,3,891.64,2674.92
7357,28,65,10/06/2025,4,1653.49,6613.96
7358,387,138,18/07/2025,5,2730.5,13652.5
7359,608,131,12/01/2025,4,475.19,1900.76
7360,222,97,14/10/2025,5,2091.31,10456.55
7361,799,60,15/01/2025,1,1734.26,1734.26
7362,285,139,07/09/2025,2,2987.14,5974.28
7363,700,155,25/07/2025,2,2068.39,4136.78
7364,747,59,26/06/2025,1,2913.7,2913.7
7365,591,47,28/12/2025,2,1157.01,2314.02
7366,971,153,05/12/2025,1,1709.79,1709.79
7367,660,43,30/01/2025,4,1475.06,5900.24
7368,393,85,25/04/2025,5,615.06,3075.3
7369,287,17,16/05/2025,1,2537.66,2537.66
7370,52,97,24/10/2025,2,2091.31,4182.62
7371,97,21,20/08/2025,5,1645.97,8229.85
7372,175,33,22/03/2025,5,1677.84,8389.2
7373,288,123,23/09/2025,1,2673.4,2673.4
7374,198,6,02/10/2025,1,1257.25,1257.25
7375,117,115,25/07/2025,5,138.46,692.3
7376,668,14,21/06/2025,4,2995.33,11981.32
7377,694,115,10/11/2025,5,138.46,692.3
7378,747,187,02/12/2025,5,897.37,4486.85
7379,259,148,26/05/2025,4,1340.15,5360.6
7380,596,158,16/11/2025,4,1416.92,5667.68
7381,615,15,24/03/2025,3,2801.89,8405.67
7382,953,35,09/09/2025,1,1391.9,1391.9
7383,128,29,07/10/2025,3,39.58,118.74
7384,875,105,02/08/2025,3,1995.69,5987.07
7385,365,133,11/10/2025,1,1358.52,1358.52
7386,635,137,05/01/2025,1,2071.83,2071.83
7387,444,20,19/04/2025,4,1833.07,7332.28
7388,648,176,28/07/2025,3,1571.53,4714.59
7389,883,63,28/07/2025,1,413.92,413.92
7390,205,25,02/11/2025,2,20.58,41.16
7391,473,94,18/08/2025,3,627.33,1881.99
7392,838,46,22/02/2025,4,131.37,525.48
7393,429,153,08/11/2025,3,1709.79,5129.37
7394,421,56,15/10/2025,4,1703.44,6813.76
7395,520,19,21/10/2025,1,2481.94,2481.94
7396,860,55,20/12/2025,5,142.72,713.6
7397,728,152,27/10/2025,5,1858.5,9292.5
7398,55,101,27/03/2025,5,2371.78,11858.9
7399,715,13,17/04/2025,1,1979.45,1979.45
7400,659,4,09/02/2025,4,1718.68,6874.72
7401,437,127,07/04/2025,3,281.63,844.89
7402,815,175,28/02/2025,2,1931.35,3862.7
7403,399,57,04/08/2025,2,1517.16,3034.32
7404,944,31,09/02/2025,2,84.67,169.34
7405,482,158,18/06/2025,5,1416.92,7084.6
7406,275,149,24/01/2025,1,472.83,472.83
7407,318,177,29/01/2025,5,1381.56,6907.8
7408,249,122,04/11/2025,2,1884.86,3769.72
7409,366,192,10/07/2025,3,2814.77,8444.31
7410,529,199,15/09/2025,3,2160.76,6482.28
7411,231,88,01/05/2025,4,744.28,2977.12
7412,697,154,08/10/2025,5,1797.15,8985.75
7413,777,32,04/09/2025,2,2758.95,5517.9
7414,872,72,06/11/2025,2,2991.29,5982.58
7415,648,40,14/06/2025,2,1715.81,3431.62
7416,796,88,13/08/2025,1,744.28,744.28
7417,829,70,04/11/2025,1,1198.05,1198.05
7418,718,190,15/06/2025,2,289.51,579.02
7419,572,18,10/09/2025,3,2297.27,6891.81
7420,889,108,24/02/2025,2,708.88,1417.76
7421,839,181,28/12/2025,2,1681.95,3363.9
7422,193,104,04/03/2025,1,218.46,218.46
7423,713,139,30/04/2025,4,2987.14,11948.56
7424,586,154,03/07/2025,3,1797.15,5391.45
7425,265,26,12/10/2025,2,2949.21,5898.42
7426,258,82,18/02/2025,2,2468.32,4936.64
7427,322,100,27/01/2025,2,199.13,398.26
7428,618,63,29/08/2025,1,413.92,413.92
7429,613,103,05/12/2025,5,1971.18,9855.9
7430,755,87,24/01/2025,5,354.87,1774.35
7431,667,151,23/12/2025,4,98.07,392.28
7432,678,79,24/10/2025,3,1789.75,5369.25
7433,552,119,19/11/2025,2,1079.03,2158.06
7434,285,187,15/10/2025,1,897.37,897.37
7435,768,157,01/04/2025,5,419.58,2097.9
7436,720,28,05/09/2025,4,2980.37,11921.48
7437,652,199,18/06/2025,2,2160.76,4321.52
7438,667,195,03/08/2025,1,553.06,553.06
7439,411,131,04/02/2025,1,475.19,475.19
7440,899,53,15/11/2025,2,2787.39,5574.78
7441,482,50,20/08/2025,4,1261.23,5044.92
7442,30,123,03/03/2025,2,2673.4,5346.8
7443,491,169,28/12/2025,2,2665.01,5330.02
7444,301,3,06/06/2025,2,595.5,1191.0
7445,136,167,27/11/2025,2,2604.04,5208.08
7446,175,189,18/02/2025,3,1401.47,4204.41
7447,705,158,28/04/2025,5,1416.92,7084.6
7448,831,16,11/12/2025,4,1659.24,6636.96
7449,935,63,01/05/2025,2,413.92,827.84
7450,445,81,08/01/2025,3,2963.2,8889.6
7451,97,140,29/11/2025,1,1975.57,1975.57
7452,810,80,18/05/2025,3,2313.65,6940.95
7453,173,76,19/05/2025,5,286.99,1434.95
7454,160,172,22/03/2025,1,2166.2,2166.2
7455,710,72,08/07/2025,2,2991.29,5982.58
7456,8,179,07/06/2025,5,1565.73,7828.65
7457,450,106,26/12/2025,3,2595.56,7786.68
7458,916,24,09/12/2025,1,1353.55,1353.55
7459,754,132,03/12/2025,4,2731.01,10924.04
7460,67,87,21/05/2025,4,354.87,1419.48
7461,9,157,26/05/2025,5,419.58,2097.9
7462,106,80,29/06/2025,4,2313.65,9254.6
7463,198,159,14/11/2025,5,568.25,2841.25
7464,724,17,28/08/2025,2,2537.66,5075.32
7465,40,82,22/11/2025,3,2468.32,7404.96
7466,138,77,17/02/2025,3,1282.15,3846.45
7467,701,163,29/01/2025,5,2777.8,13889.0
7468,521,46,08/02/2025,4,131.37,525.48
7469,684,200,14/01/2025,1,291.75,291.75
7470,659,52,16/07/2025,3,2248.08,6744.24
7471,328,158,03/04/2025,3,1416.92,4250.76
7472,768,148,31/03/2025,5,1340.15,6700.75
7473,37,163,04/05/2025,2,2777.8,5555.6
7474,492,98,10/08/2025,4,1142.29,4569.16
7475,598,170,04/11/2025,4,1226.5,4906.0
7476,178,199,19/10/2025,2,2160.76,4321.52
7477,356,60,03/10/2025,2,1734.26,3468.52
7478,393,24,09/05/2025,5,1353.55,6767.75
7479,96,17,09/04/2025,5,2537.66,12688.3
7480,624,174,15/11/2025,1,1789.54,1789.54
7481,813,60,06/03/2025,3,1734.26,5202.78
7482,288,168,31/05/2025,2,2069.83,4139.66
7483,3,97,11/12/2025,4,2091.31,8365.24
7484,182,132,19/05/2025,2,2731.01,5462.02
7485,420,49,03/06/2025,2,1056.83,2113.66
7486,691,133,06/11/2025,5,1358.52,6792.6
7487,236,61,17/04/2025,3,681.82,2045.46
7488,484,95,27/09/2025,1,2256.06,2256.06
7489,391,112,11/05/2025,5,282.3,1411.5
7490,750,10,11/08/2025,5,2650.82,13254.1
7491,795,93,31/03/2025,3,2225.24,6675.72
7492,292,64,01/04/2025,5,1438.05,7190.25
7493,393,159,11/10/2025,2,568.25,1136.5
7494,338,88,19/08/2025,1,744.28,744.28
7495,276,53,12/01/2025,3,2787.39,8362.17
7496,592,89,14/10/2025,2,2781.65,5563.3
7497,649,134,11/07/2025,5,636.14,3180.7
7498,624,70,20/11/2025,4,1198.05,4792.2
7499,887,3,19/10/2025,2,595.5,1191.0
7500,438,155,26/05/2025,4,2068.39,8273.56
7501,335,54,04/11/2025,3,181.3,543.9
7502,99,121,18/06/2025,4,842.12,3368.48
7503,46,67,05/03/2025,4,1314.78,5259.12
7504,822,141,14/04/2025,5,2752.99,13764.95
7505,5,10,29/10/2025,5,2650.82,13254.1
7506,349,71,09/10/2025,2,604.38,1208.76
7507,521,117,21/05/2025,2,1192.33,2384.66
7508,292,190,27/11/2025,5,289.51,1447.55
7509,412,171,22/09/2025,4,1831.63,7326.52
7510,986,112,19/08/2025,4,282.3,1129.2
7511,604,138,24/10/2025,5,2730.5,13652.5
7512,265,117,29/07/2025,1,1192.33,1192.33
7513,718,28,25/12/2025,4,2980.37,11921.48
7514,874,165,10/08/2025,1,2278.17,2278.17
7515,599,14,14/05/2025,1,2995.33,2995.33
7516,637,113,11/02/2025,1,1511.94,1511.94
7517,27,195,26/09/2025,2,553.06,1106.12
7518,267,184,22/02/2025,4,1206.16,4824.64
7519,345,101,03/07/2025,4,2371.78,9487.12
7520,429,111,01/01/2025,3,2602.98,7808.94
7521,669,87,05/10/2025,1,354.87,354.87
7522,746,130,11/01/2025,4,1263.65,5054.6
7523,703,25,09/09/2025,4,20.58,82.32
7524,679,75,16/10/2025,3,983.77,2951.31
7525,909,186,15/04/2025,2,1394.81,2789.62
7526,291,178,08/07/2025,2,2635.78,5271.56
7527,626,164,22/10/2025,4,683.21,2732.84
7528,530,84,23/05/2025,1,153.74,153.74
7529,332,195,27/11/2025,1,553.06,553.06
7530,344,105,29/12/2025,4,1995.69,7982.76
7531,591,59,25/06/2025,4,2913.7,11654.8
7532,319,12,31/12/2025,2,1216.64,2433.28
7533,768,68,15/10/2025,2,2290.86,4581.72
7534,446,19,26/12/2025,4,2481.94,9927.76
7535,550,151,19/06/2025,2,98.07,196.14
7536,821,115,03/06/2025,1,138.46,138.46
7537,982,9,19/06/2025,2,2113.6,4227.2
7538,58,175,03/10/2025,2,1931.35,3862.7
7539,332,181,08/08/2025,4,1681.95,6727.8
7540,763,45,04/06/2025,4,1793.79,7175.16
7541,527,19,08/05/2025,4,2481.94,9927.76
7542,530,166,21/10/2025,3,547.69,1643.07
7543,251,195,14/10/2025,4,553.06,2212.24
7544,890,14,11/04/2025,4,2995.33,11981.32
7545,331,132,24/04/2025,3,2731.01,8193.03
7546,20,185,12/01/2025,1,2325.56,2325.56
7547,789,21,13/08/2025,2,1645.97,3291.94
7548,563,148,04/11/2025,4,1340.15,5360.6
7549,342,22,29/11/2025,5,2301.81,11509.05
7550,214,1,26/11/2025,3,321.65,964.95
7551,943,129,17/03/2025,3,2620.65,7861.95
7552,929,182,24/08/2025,4,2300.18,9200.72
7553,359,135,01/09/2025,4,1751.47,7005.88
7554,50,56,17/06/2025,4,1703.44,6813.76
7555,425,38,10/04/2025,1,714.32,714.32
7556,766,109,10/05/2025,2,1535.45,3070.9
7557,312,175,19/04/2025,3,1931.35,5794.05
7558,644,153,26/07/2025,3,1709.79,5129.37
7559,521,200,13/07/2025,5,291.75,1458.75
7560,766,190,30/04/2025,2,289.51,579.02
7561,108,138,12/12/2025,1,2730.5,2730.5
7562,987,39,24/04/2025,2,293.88,587.76
7563,380,113,15/02/2025,4,1511.94,6047.76
7564,489,183,18/08/2025,1,585.75,585.75
7565,904,57,17/08/2025,1,1517.16,1517.16
7566,309,72,25/08/2025,3,2991.29,8973.87
7567,473,110,12/12/2025,2,2713.54,5427.08
7568,424,35,06/05/2025,4,1391.9,5567.6
7569,966,101,03/10/2025,4,2371.78,9487.12
7570,321,179,18/09/2025,1,1565.73,1565.73
7571,629,142,08/09/2025,5,222.09,1110.45
7572,834,127,11/09/2025,3,281.63,844.89
7573,990,198,10/11/2025,3,765.25,2295.75
7574,280,176,29/11/2025,3,1571.53,4714.59
7575,246,74,31/12/2025,5,813.45,4067.25
7576,343,36,01/07/2025,5,432.46,2162.3
7577,869,49,24/08/2025,4,1056.83,4227.32
7578,807,65,03/05/2025,1,1653.49,1653.49
7579,488,100,03/08/2025,4,199.13,796.52
7580,571,122,13/01/2025,3,1884.86,5654.58
7581,272,39,03/09/2025,1,293.88,293.88
7582,432,120,11/02/2025,3,723.89,2171.67
7583,316,153,29/06/2025,4,1709.79,6839.16
7584,205,77,08/02/2025,1,1282.15,1282.15
7585,325,194,17/04/2025,4,983.91,3935.64
7586,668,199,31/01/2025,2,2160.76,4321.52
7587,637,151,17/01/2025,1,98.07,98.07
7588,659,184,20/10/2025,1,1206.16,1206.16
7589,872,72,29/07/2025,1,2991.29,2991.29
7590,382,102,17/09/2025,3,828.42,2485.26
7591,154,62,15/05/2025,3,2363.38,7090.14
7592,352,63,20/06/2025,5,413.92,2069.6
7593,671,169,07/07/2025,4,2665.01,10660.04
7594,252,88,13/04/2025,2,744.28,1488.56
7595,886,174,30/07/2025,2,1789.54,3579.08
7596,441,9,19/01/2025,1,2113.6,2113.6
7597,267,120,20/10/2025,1,723.89,723.89
7598,755,21,31/01/2025,1,1645.97,1645.97
7599,754,63,27/10/2025,3,413.92,1241.76
7600,772,171,04/08/2025,3,1831.63,5494.89
7601,80,21,19/12/2025,5,1645.97,8229.85
7602,784,154,18/10/2025,5,1797.15,8985.75
7603,606,189,10/06/2025,4,1401.47,5605.88
7604,83,23,22/02/2025,5,1092.83,5464.15
7605,700,82,21/04/2025,5,2468.32,12341.6
7606,767,115,25/07/2025,3,138.46,415.38
7607,437,20,06/06/2025,3,1833.07,5499.21
7608,482,115,17/02/2025,4,138.46,553.84
7609,523,165,19/09/2025,4,2278.17,9112.68
7610,499,172,24/05/2025,1,2166.2,2166.2
7611,738,119,30/07/2025,5,1079.03,5395.15
7612,410,172,08/10/2025,4,2166.2,8664.8
7613,907,38,09/01/2025,5,714.32,3571.6
7614,759,96,08/07/2025,2,1459.42,2918.84
7615,414,88,28/10/2025,5,744.28,3721.4
7616,384,5,25/11/2025,5,1684.1,8420.5
7617,634,18,26/03/2025,3,2297.27,6891.81
7618,719,60,02/01/2025,2,1734.26,3468.52
7619,748,47,27/12/2025,5,1157.01,5785.05
7620,191,128,27/05/2025,4,1571.74,6286.96
7621,876,5,23/05/2025,3,1684.1,5052.3
7622,859,124,16/11/2025,2,2833.53,5667.06
7623,548,109,21/03/2025,2,1535.45,3070.9
7624,69,65,01/07/2025,1,1653.49,1653.49
7625,69,56,30/09/2025,1,1703.44,1703.44
7626,398,97,07/06/2025,1,2091.31,2091.31
7627,497,79,05/05/2025,4,1789.75,7159.0
7628,219,142,16/02/2025,5,222.09,1110.45
7629,260,117,23/06/2025,5,1192.33,5961.65
7630,172,67,03/06/2025,4,1314.78,5259.12
7631,886,78,02/01/2025,2,587.66,1175.32
7632,193,84,15/05/2025,5,153.74,768.7
7633,289,27,11/12/2025,1,68.58,68.58
7634,171,185,16/09/2025,2,2325.56,4651.12
7635,493,166,02/07/2025,2,547.69,1095.38
7636,85,138,31/07/2025,4,2730.5,10922.0
7637,318,128,04/06/2025,4,1571.74,6286.96
7638,98,53,15/04/2025,1,2787.39,2787.39
7639,941,94,16/09/2025,1,627.33,627.33
7640,691,49,14/03/2025,1,1056.83,1056.83
7641,364,132,11/04/2025,3,2731.01,8193.03
7642,274,108,01/10/2025,3,708.88,2126.64
7643,835,21,18/04/2025,3,1645.97,4937.91
7644,974,160,03/10/2025,5,1484.51,7422.55
7645,374,164,22/12/2025,2,683.21,1366.42
7646,122,126,05/11/2025,5,2693.58,13467.9
7647,336,88,14/11/2025,5,744.28,3721.4
7648,60,148,05/06/2025,5,1340.15,6700.75
7649,723,174,29/03/2025,1,1789.54,1789.54
7650,995,142,19/06/2025,4,222.09,888.36
7651,370,133,12/07/2025,1,1358.52,1358.52
7652,472,89,02/04/2025,5,2781.65,13908.25
7653,221,138,19/02/2025,2,2730.5,5461.0
7654,602,57,30/09/2025,3,1517.16,4551.48
7655,781,147,08/10/2025,1,2884.36,2884.36
7656,913,184,29/01/2025,1,1206.16,1206.16
7657,201,137,13/05/2025,1,2071.83,2071.83
7658,887,99,13/05/2025,2,149.58,299.16
7659,131,181,30/03/2025,5,1681.95,8409.75
7660,320,41,19/12/2025,1,2208.11,2208.11
7661,623,95,26/08/2025,5,2256.06,11280.3
7662,763,62,28/10/2025,1,2363.38,2363.38
7663,754,27,02/02/2025,2,68.58,137.16
7664,528,81,30/08/2025,2,2963.2,5926.4
7665,927,50,16/02/2025,3,1261.23,3783.69
7666,90,76,15/02/2025,4,286.99,1147.96
7667,202,64,20/06/2025,1,1438.05,1438.05
7668,904,165,05/07/2025,3,2278.17,6834.51
7669,201,14,14/06/2025,1,2995.33,2995.33
7670,229,10,31/01/2025,2,2650.82,5301.64
7671,828,79,06/01/2025,3,1789.75,5369.25
7672,461,113,15/02/2025,5,1511.94,7559.7
7673,688,183,25/01/2025,1,585.75,585.75
7674,632,190,04/07/2025,4,289.51,1158.04
7675,629,141,06/12/2025,3,2752.99,8258.97
7676,787,81,22/08/2025,3,2963.2,8889.6
7677,417,190,02/05/2025,4,289.51,1158.04
7678,768,79,05/06/2025,3,1789.75,5369.25
7679,123,143,02/11/2025,2,2846.83,5693.66
7680,606,26,28/07/2025,2,2949.21,5898.42
7681,962,158,17/05/2025,5,1416.92,7084.6
7682,350,40,02/08/2025,1,1715.81,1715.81
7683,315,176,13/11/2025,1,1571.53,1571.53
7684,940,188,12/01/2025,1,2076.06,2076.06
7685,430,27,25/11/2025,4,68.58,274.32
7686,390,177,17/02/2025,5,1381.56,6907.8
7687,18,16,22/11/2025,5,1659.24,8296.2
7688,136,41,10/03/2025,3,2208.11,6624.33
7689,820,190,27/07/2025,1,289.51,289.51
7690,549,37,15/09/2025,4,2671.08,10684.32
7691,948,33,18/12/2025,2,1677.84,3355.68
7692,86,163,02/07/2025,4,2777.8,11111.2
7693,951,164,29/03/2025,4,683.21,2732.84
7694,666,98,19/10/2025,5,1142.29,5711.45
7695,798,98,16/01/2025,2,1142.29,2284.58
7696,542,50,12/09/2025,3,1261.23,3783.69
7697,587,182,02/01/2025,1,2300.18,2300.18
7698,12,89,28/04/2025,5,2781.65,13908.25
7699,143,170,10/09/2025,3,1226.5,3679.5
7700,133,195,10/10/2025,2,553.06,1106.12
7701,643,117,27/12/2025,1,1192.33,1192.33
7702,207,41,16/01/2025,2,2208.11,4416.22
7703,48,166,17/05/2025,4,547.69,2190.76
7704,573,87,10/09/2025,5,354.87,1774.35
7705,753,33,08/04/2025,3,1677.84,5033.52
7706,570,119,16/03/2025,1,1079.03,1079.03
7707,625,90,01/06/2025,1,60.93,60.93
7708,343,48,19/06/2025,1,2767.18,2767.18
7709,694,132,28/12/2025,1,2731.01,2731.01
7710,953,38,24/07/2025,5,714.32,3571.6
7711,17,98,28/05/2025,1,1142.29,1142.29
7712,566,8,04/04/2025,2,1086.73,2173.46
7713,269,4,03/07/2025,4,1718.68,6874.72
7714,868,77,15/05/2025,4,1282.15,5128.6
7715,462,103,24/06/2025,5,1971.18,9855.9
7716,43,184,12/01/2025,5,1206.16,6030.8
7717,264,22,27/10/2025,5,2301.81,11509.05
7718,518,85,20/07/2025,4,615.06,2460.24
7719,987,177,15/04/2025,3,1381.56,4144.68
7720,37,25,18/06/2025,4,20.58,82.32
7721,643,91,10/03/2025,4,929.25,3717.0
7722,226,132,09/09/2025,5,2731.01,13655.05
7723,544,131,15/08/2025,5,475.19,2375.95
7724,746,98,06/08/2025,3,1142.29,3426.87
7725,714,158,02/05/2025,5,1416.92,7084.6
7726,76,53,04/12/2025,4,2787.39,11149.56
7727,982,14,28/11/2025,4,2995.33,11981.32
7728,132,36,12/01/2025,5,432.46,2162.3
7729,906,23,10/04/2025,1,1092.83,1092.83
7730,570,98,24/05/2025,1,1142.29,1142.29
7731,494,151,07/12/2025,3,98.07,294.21
7732,772,115,23/10/2025,1,138.46,138.46
7733,631,4,18/09/2025,2,1718.68,3437.36
7734,18,54,04/03/2025,3,181.3,543.9
7735,779,185,24/09/2025,3,2325.56,6976.68
7736,601,196,06/05/2025,3,2691.92,8075.76
7737,574,44,29/05/2025,5,2462.16,12310.8
7738,316,19,31/12/2025,5,2481.94,12409.7
7739,772,32,24/08/2025,3,2758.95,8276.85
7740,829,145,05/07/2025,1,2186.7,2186.7
7741,239,79,07/03/2025,4,1789.75,7159.0
7742,575,62,03/07/2025,5,2363.38,11816.9
7743,904,24,31/08/2025,4,1353.55,5414.2
7744,221,164,16/10/2025,1,683.21,683.21
7745,340,187,06/03/2025,2,897.37,1794.74
7746,674,187,10/09/2025,4,897.37,3589.48
7747,9,143,19/09/2025,3,2846.83,8540.49
7748,778,133,17/11/2025,4,1358.52,5434.08
7749,542,192,19/06/2025,4,2814.77,11259.08
7750,390,177,31/10/2025,2,1381.56,2763.12
7751,913,43,06/12/2025,3,1475.06,4425.18
7752,962,170,06/12/2025,5,1226.5,6132.5
7753,191,41,26/03/2025,5,2208.11,11040.55
7754,735,138,26/02/2025,1,2730.5,2730.5
7755,540,56,06/05/2025,2,1703.44,3406.88
7756,383,54,12/08/2025,1,181.3,181.3
7757,920,131,25/06/2025,5,475.19,2375.95
7758,438,138,15/12/2025,3,2730.5,8191.5
7759,965,109,29/07/2025,4,1535.45,6141.8
7760,655,127,10/01/2025,5,281.63,1408.15
7761,626,103,15/06/2025,3,1971.18,5913.54
7762,821,142,03/09/2025,2,222.09,444.18
7763,997,69,22/10/2025,3,1686.7,5060.1
7764,334,148,21/06/2025,4,1340.15,5360.6
7765,151,21,02/07/2025,2,1645.97,3291.94
7766,652,52,02/09/2025,1,2248.08,2248.08
7767,331,89,04/11/2025,3,2781.65,8344.95
7768,644,41,25/12/2025,5,2208.11,11040.55
7769,638,126,03/10/2025,3,2693.58,8080.74
7770,726,118,14/02/2025,3,74.75,224.25
7771,991,176,28/12/2025,1,1571.53,1571.53
7772,652,75,17/07/2025,5,983.77,4918.85
7773,701,41,16/08/2025,4,2208.11,8832.44
7774,331,195,30/11/2025,1,553.06,553.06
7775,121,158,10/09/2025,5,1416.92,7084.6
7776,435,66,25/04/2025,3,273.54,820.62
7777,275,157,02/07/2025,4,419.58,1678.32
7778,807,82,03/07/2025,1,2468.32,2468.32
7779,798,165,09/06/2025,4,2278.17,9112.68
7780,909,29,26/07/2025,5,39.58,197.9
7781,452,136,07/08/2025,5,2590.51,12952.55
7782,244,185,26/01/2025,1,2325.56,2325.56
7783,580,53,16/09/2025,3,2787.39,8362.17
7784,838,48,26/02/2025,1,2767.18,2767.18
7785,406,50,13/02/2025,1,1261.23,1261.23
7786,777,189,22/10/2025,3,1401.47,4204.41
7787,487,167,30/03/2025,2,2604.04,5208.08
7788,945,72,06/03/2025,2,2991.29,5982.58
7789,537,72,21/04/2025,5,2991.29,14956.45
7790,313,198,27/03/2025,5,765.25,3826.25
7791,492,98,11/10/2025,4,1142.29,4569.16
7792,50,146,11/05/2025,5,2642.79,13213.95
7793,447,168,12/02/2025,1,2069.83,2069.83
7794,824,163,18/01/2025,5,2777.8,13889.0
7795,282,3,11/04/2025,2,595.5,1191.0
7796,932,77,03/01/2025,5,1282.15,6410.75
7797,74,86,13/08/2025,2,484.85,969.7
7798,766,62,27/09/2025,3,2363.38,7090.14
7799,409,103,23/02/2025,4,1971.18,7884.72
7800,951,89,14/05/2025,3,2781.65,8344.95
7801,280,107,26/06/2025,1,891.64,891.64
7802,251,150,21/07/2025,2,338.18,676.36
7803,42,158,06/09/2025,4,1416.92,5667.68
7804,877,69,21/11/2025,4,1686.7,6746.8
7805,718,36,11/03/2025,4,432.46,1729.84
7806,50,162,16/04/2025,3,116.04,348.12
7807,405,179,16/11/2025,3,1565.73,4697.19
7808,588,17,03/11/2025,1,2537.66,2537.66
7809,708,40,28/06/2025,5,1715.81,8579.05
7810,419,114,14/09/2025,2,1690.85,3381.7
7811,374,189,29/03/2025,1,1401.47,1401.47
7812,88,92,29/11/2025,3,87.79,263.37
7813,859,169,13/10/2025,2,2665.01,5330.02
7814,252,6,21/08/2025,4,1257.25,5029.0
7815,349,82,13/03/2025,5,2468.32,12341.6
7816,92,41,04/04/2025,4,2208.11,8832.44
7817,427,67,07/11/2025,2,1314.78,2629.56
7818,380,102,25/11/2025,4,828.42,3313.68
7819,525,69,22/07/2025,3,1686.7,5060.1
7820,3,115,09/11/2025,5,138.46,692.3
7821,796,6,25/06/2025,4,1257.25,5029.0
7822,85,171,23/12/2025,5,1831.63,9158.15
7823,584,26,16/09/2025,5,2949.21,14746.05
7824,67,117,11/07/2025,4,1192.33,4769.32
7825,380,18,21/10/2025,2,2297.27,4594.54
7826,694,177,03/06/2025,3,1381.56,4144.68
7827,99,79,26/03/2025,5,1789.75,8948.75
7828,348,53,08/08/2025,1,2787.39,2787.39
7829,940,71,05/10/2025,5,604.38,3021.9
7830,183,134,22/09/2025,2,636.14,1272.28
7831,800,165,06/12/2025,3,2278.17,6834.51
7832,585,122,14/08/2025,3,1884.86,5654.58
7833,456,112,14/07/2025,3,282.3,846.9
7834,799,82,19/01/2025,5,2468.32,12341.6
7835,493,5,16/06/2025,3,1684.1,5052.3
7836,311,186,15/05/2025,5,1394.81,6974.05
7837,665,182,23/11/2025,2,2300.18,4600.36
7838,856,79,10/08/2025,2,1789.75,3579.5
7839,550,121,22/02/2025,4,842.12,3368.48
7840,345,106,31/03/2025,5,2595.56,12977.8
7841,974,37,26/10/2025,1,2671.08,2671.08
7842,273,197,28/01/2025,5,2649.99,13249.95
7843,499,104,02/06/2025,2,218.46,436.92
7844,886,29,18/04/2025,3,39.58,118.74
7845,369,152,27/08/2025,4,1858.5,7434.0
7846,128,14,26/02/2025,1,2995.33,2995.33
7847,127,86,25/08/2025,3,484.85,1454.55
7848,466,59,11/11/2025,3,2913.7,8741.1
7849,985,68,06/12/2025,2,2290.86,4581.72
7850,74,169,22/12/2025,3,2665.01,7995.03
7851,550,124,30/03/2025,2,2833.53,5667.06
7852,361,94,14/09/2025,4,627.33,2509.32
7853,345,103,23/02/2025,3,1971.18,5913.54
7854,229,88,28/11/2025,3,744.28,2232.84
7855,990,188,08/06/2025,4,2076.06,8304.24
7856,98,101,18/06/2025,5,2371.78,11858.9
7857,897,167,28/08/2025,3,2604.04,7812.12
7858,220,159,19/03/2025,3,568.25,1704.75
7859,244,38,07/07/2025,5,714.32,3571.6
7860,990,96,10/10/2025,3,1459.42,4378.26
7861,19,199,26/06/2025,5,2160.76,10803.8
7862,498,192,04/06/2025,5,2814.77,14073.85
7863,853,125,14/09/2025,3,692.24,2076.72
7864,101,168,26/07/2025,4,2069.83,8279.32
7865,46,40,15/05/2025,5,1715.81,8579.05
7866,644,164,10/04/2025,1,683.21,683.21
7867,421,43,20/04/2025,2,1475.06,2950.12
7868,760,189,16/08/2025,3,1401.47,4204.41
7869,2,77,27/08/2025,1,1282.15,1282.15
7870,105,65,31/10/2025,4,1653.49,6613.96
7871,1000,114,11/05/2025,1,1690.85,1690.85
7872,748,127,08/09/2025,5,281.63,1408.15
7873,738,178,29/05/2025,2,2635.78,5271.56
7874,128,143,13/06/2025,3,2846.83,8540.49
7875,586,88,23/09/2025,1,744.28,744.28
7876,730,56,26/05/2025,4,1703.44,6813.76
7877,382,183,19/01/2025,4,585.75,2343.0
7878,126,119,08/04/2025,1,1079.03,1079.03
7879,624,100,10/01/2025,1,199.13,199.13
7880,80,118,12/11/2025,3,74.75,224.25
7881,695,8,23/02/2025,1,1086.73,1086.73
7882,449,192,16/07/2025,1,2814.77,2814.77
7883,472,147,22/10/2025,3,2884.36,8653.08
7884,35,126,10/08/2025,5,2693.58,13467.9
7885,718,153,28/09/2025,2,1709.79,3419.58
7886,321,81,23/07/2025,1,2963.2,2963.2
7887,926,181,26/02/2025,2,1681.95,3363.9
7888,768,94,02/05/2025,5,627.33,3136.65
7889,681,141,06/08/2025,5,2752.99,13764.95
7890,456,103,30/06/2025,2,1971.18,3942.36
7891,203,110,03/05/2025,4,2713.54,10854.16
7892,377,173,27/12/2025,3,1842.28,5526.84
7893,540,153,24/01/2025,4,1709.79,6839.16
7894,501,15,07/03/2025,4,2801.89,11207.56
7895,137,137,20/04/2025,5,2071.83,10359.15
7896,277,200,20/04/2025,1,291.75,291.75
7897,237,89,10/04/2025,1,2781.65,2781.65
7898,627,2,20/05/2025,1,1604.35,1604.35
7899,195,13,28/08/2025,5,1979.45,9897.25
7900,933,80,10/09/2025,2,2313.65,4627.3
7901,651,80,27/04/2025,5,2313.65,11568.25
7902,443,104,10/06/2025,2,218.46,436.92
7903,492,183,31/07/2025,5,585.75,2928.75
7904,453,197,22/12/2025,1,2649.99,2649.99
7905,275,134,11/04/2025,1,636.14,636.14
7906,721,197,07/12/2025,1,2649.99,2649.99
7907,53,117,06/07/2025,2,1192.33,2384.66
7908,793,161,06/07/2025,4,508.08,2032.32
7909,575,40,13/01/2025,4,1715.81,6863.24
7910,526,45,03/04/2025,3,1793.79,5381.37
7911,972,172,02/05/2025,4,2166.2,8664.8
7912,919,187,30/10/2025,4,897.37,3589.48
7913,969,68,14/03/2025,1,2290.86,2290.86
7914,908,130,19/07/2025,5,1263.65,6318.25
7915,440,150,15/02/2025,1,338.18,338.18
7916,830,33,11/04/2025,2,1677.84,3355.68
7917,816,43,16/05/2025,1,1475.06,1475.06
7918,642,169,15/06/2025,2,2665.01,5330.02
7919,888,41,12/02/2025,4,2208.11,8832.44
7920,946,28,08/09/2025,5,2980.37,14901.85
7921,809,165,18/10/2025,5,2278.17,11390.85
7922,826,38,13/11/2025,3,714.32,2142.96
7923,886,79,13/06/2025,4,1789.75,7159.0
7924,463,68,13/07/2025,3,2290.86,6872.58
7925,937,96,03/04/2025,2,1459.42,2918.84
7926,384,176,24/05/2025,3,1571.53,4714.59
7927,294,20,24/09/2025,1,1833.07,1833.07
7928,100,198,07/12/2025,5,765.25,3826.25
7929,871,196,13/02/2025,3,2691.92,8075.76
7930,219,98,07/04/2025,4,1142.29,4569.16
7931,524,5,15/03/2025,3,1684.1,5052.3
7932,60,53,28/11/2025,5,2787.39,13936.95
7933,659,139,20/12/2025,1,2987.14,2987.14
7934,608,56,08/08/2025,4,1703.44,6813.76
7935,526,78,02/10/2025,1,587.66,587.66
7936,798,72,11/02/2025,4,2991.29,11965.16
7937,267,98,26/03/2025,2,1142.29,2284.58
7938,29,20,05/12/2025,3,1833.07,5499.21
7939,535,63,05/05/2025,2,413.92,827.84
7940,332,69,19/02/2025,1,1686.7,1686.7
7941,114,48,28/03/2025,4,2767.18,11068.72
7942,555,54,06/01/2025,4,181.3,725.2
7943,201,1,04/09/2025,5,321.65,1608.25
7944,900,200,30/05/2025,4,291.75,1167.0
7945,480,124,21/10/2025,1,2833.53,2833.53
7946,11,108,11/08/2025,4,708.88,2835.52
7947,112,140,27/08/2025,2,1975.57,3951.14
7948,387,37,11/07/2025,5,2671.08,13355.4
7949,3,124,01/12/2025,4,2833.53,11334.12
7950,495,177,22/11/2025,1,1381.56,1381.56
7951,427,48,13/09/2025,1,2767.18,2767.18
7952,151,11,07/10/2025,3,-50.0,-150.0
7953,537,133,15/10/2025,4,1358.52,5434.08
7954,51,169,22/02/2025,3,2665.01,7995.03
7955,514,100,24/04/2025,5,199.13,995.65
7956,46,58,18/07/2025,2,476.53,953.06
7957,866,77,25/07/2025,3,1282.15,3846.45
7958,263,158,28/08/2025,4,1416.92,5667.68
7959,306,28,10/11/2025,5,2980.37,14901.85
7960,86,103,15/06/2025,1,1971.18,1971.18
7961,736,176,08/11/2025,2,1571.53,3143.06
7962,699,6,09/05/2025,4,1257.25,5029.0
7963,816,146,17/10/2025,1,2642.79,2642.79
7964,737,182,27/11/2025,4,2300.18,9200.72
7965,16,59,08/03/2025,3,2913.7,8741.1
7966,345,170,28/12/2025,1,1226.5,1226.5
7967,985,153,16/12/2025,4,1709.79,6839.16
7968,55,32,05/02/2025,5,2758.95,13794.75
7969,756,96,21/10/2025,5,1459.42,7297.1
7970,103,49,06/10/2025,4,1056.83,4227.32
7971,146,149,26/08/2025,4,472.83,1891.32
7972,978,3,22/05/2025,4,595.5,2382.0
7973,180,31,07/05/2025,3,84.67,254.01
7974,69,154,23/11/2025,2,1797.15,3594.3
7975,923,102,24/06/2025,2,828.42,1656.84
7976,976,44,02/01/2025,4,2462.16,9848.64
7977,144,45,05/08/2025,1,1793.79,1793.79
7978,586,189,09/10/2025,1,1401.47,1401.47
7979,725,131,07/07/2025,4,475.19,1900.76
7980,812,71,06/01/2025,5,604.38,3021.9
7981,145,155,12/04/2025,2,2068.39,4136.78
7982,792,95,29/04/2025,5,2256.06,11280.3
7983,775,129,09/04/2025,3,2620.65,7861.95
7984,699,160,03/01/2025,1,1484.51,1484.51
7985,419,93,03/05/2025,4,2225.24,8900.96
7986,907,84,03/09/2025,1,153.74,153.74
7987,319,87,13/07/2025,3,354.87,1064.61
7988,588,56,04/03/2025,3,1703.44,5110.32
7989,27,42,05/06/2025,1,2382.85,2382.85
7990,49,196,19/03/2025,1,2691.92,2691.92
7991,933,140,07/04/2025,2,1975.57,3951.14
7992,89,147,08/07/2025,3,2884.36,8653.08
7993,526,163,28/12/2025,5,2777.8,13889.0
7994,494,145,07/01/2025,5,2186.7,10933.5
7995,955,57,05/11/2025,3,1517.16,4551.48
7996,465,26,10/09/2025,4,2949.21,11796.84
7997,84,125,09/04/2025,1,692.24,692.24
7998,34,89,14/09/2025,4,2781.65,11126.6
7999,463,15,05/06/2025,5,2801.89,14009.45
8000,76,34,24/12/2025,3,481.05,1443.15
8001,392,2,17/02/2025,3,1604.35,4813.05
8002,987,101,04/10/2025,3,2371.78,7115.34
8003,829,60,30/10/2025,5,1734.26,8671.3
8004,329,54,18/08/2025,2,181.3,362.6
8005,395,144,01/03/2025,3,568.72,1706.16
8006,775,143,26/07/2025,4,2846.83,11387.32
8007,469,119,01/02/2025,4,1079.03,4316.12
8008,10,100,25/04/2025,3,199.13,597.39
8009,318,84,21/08/2025,5,153.74,768.7
8010,693,163,10/02/2025,2,2777.8,5555.6
8011,655,196,02/05/2025,4,2691.92,10767.68
8012,46,59,01/04/2025,2,2913.7,5827.4
8013,271,149,20/08/2025,4,472.83,1891.32
8014,342,194,16/05/2025,4,983.91,3935.64
8015,890,88,01/01/2025,1,744.28,744.28
8016,310,139,01/10/2025,3,2987.14,8961.42
8017,880,12,05/06/2025,5,1216.64,6083.2
8018,718,113,01/03/2025,2,1511.94,3023.88
8019,555,24,18/07/2025,3,1353.55,4060.65
8020,21,88,25/03/2025,3,744.28,2232.84
8021,496,14,01/11/2025,4,2995.33,11981.32
8022,799,150,24/10/2025,3,338.18,1014.54
8023,736,77,31/07/2025,4,1282.15,5128.6
8024,852,31,25/02/2025,1,84.67,84.67
8025,53,124,31/08/2025,5,2833.53,14167.65
8026,402,79,05/07/2025,4,1789.75,7159.0
8027,297,173,03/08/2025,3,1842.28,5526.84
8028,350,119,20/09/2025,2,1079.03,2158.06
8029,579,117,27/03/2025,2,1192.33,2384.66
8030,397,175,18/04/2025,5,1931.35,9656.75
8031,304,130,18/05/2025,3,1263.65,3790.95
8032,966,175,15/04/2025,1,1931.35,1931.35
8033,594,3,17/09/2025,5,595.5,2977.5
8034,265,176,28/09/2025,4,1571.53,6286.12
8035,879,90,06/01/2025,4,60.93,243.72
8036,864,112,30/10/2025,4,282.3,1129.2
8037,747,153,29/11/2025,2,1709.79,3419.58
8038,736,105,22/04/2025,1,1995.69,1995.69
8039,532,34,08/10/2025,4,481.05,1924.2
8040,488,9,15/08/2025,5,2113.6,10568.0
8041,905,113,13/08/2025,4,1511.94,6047.76
8042,611,96,21/01/2025,4,1459.42,5837.68
8043,776,168,19/10/2025,2,2069.83,4139.66
8044,579,105,12/07/2025,2,1995.69,3991.38
8045,229,128,29/10/2025,4,1571.74,6286.96
8046,189,191,05/02/2025,4,357.25,1429.0
8047,687,22,13/08/2025,1,2301.81,2301.81
8048,778,62,05/03/2025,3,2363.38,7090.14
8049,134,142,03/08/2025,5,222.09,1110.45
8050,177,48,28/07/2025,1,2767.18,2767.18
8051,553,168,28/05/2025,2,2069.83,4139.66
8052,207,42,09/04/2025,2,2382.85,4765.7
8053,701,199,27/01/2025,2,2160.76,4321.52
8054,807,37,12/11/2025,2,2671.08,5342.16
8055,604,59,24/05/2025,3,2913.7,8741.1
8056,389,6,29/12/2025,4,1257.25,5029.0
8057,911,8,17/10/2025,4,1086.73,4346.92
8058,998,67,15/12/2025,2,1314.78,2629.56
8059,940,1,10/11/2025,4,321.65,1286.6
8060,353,168,08/04/2025,2,2069.83,4139.66
8061,350,113,20/07/2025,5,1511.94,7559.7
8062,331,200,03/11/2025,2,291.75,583.5
8063,313,24,16/09/2025,2,1353.55,2707.1
8064,352,63,25/01/2025,4,413.92,1655.68
8065,34,98,10/05/2025,3,1142.29,3426.87
8066,544,143,28/05/2025,3,2846.83,8540.49
8067,545,123,06/05/2025,3,2673.4,8020.2
8068,110,30,20/11/2025,5,660.17,3300.85
8069,772,196,06/01/2025,5,2691.92,13459.6
8070,263,43,29/06/2025,3,1475.06,4425.18
8071,987,80,29/09/2025,2,2313.65,4627.3
8072,822,2,07/05/2025,3,1604.35,4813.05
8073,998,114,04/06/2025,4,1690.85,6763.4
8074,994,34,20/06/2025,3,481.05,1443.15
8075,820,8,13/10/2025,4,1086.73,4346.92
8076,881,109,29/09/2025,5,1535.45,7677.25
8077,653,115,23/07/2025,5,138.46,692.3
8078,29,174,22/01/2025,2,1789.54,3579.08
8079,235,185,08/03/2025,5,2325.56,11627.8
8080,173,32,08/02/2025,2,2758.95,5517.9
8081,940,124,17/02/2025,1,2833.53,2833.53
8082,637,184,14/10/2025,3,1206.16,3618.48
8083,411,107,31/10/2025,2,891.64,1783.28
8084,795,148,04/10/2025,2,1340.15,2680.3
8085,831,121,26/09/2025,5,842.12,4210.6
8086,796,124,23/09/2025,2,2833.53,5667.06
8087,509,52,09/05/2025,1,2248.08,2248.08
8088,821,41,18/10/2025,3,2208.11,6624.33
8089,371,105,23/10/2025,2,1995.69,3991.38
8090,838,29,08/12/2025,4,39.58,158.32
8091,592,101,03/06/2025,3,2371.78,7115.34
8092,118,110,01/05/2025,1,2713.54,2713.54
8093,200,195,05/10/2025,2,553.06,1106.12
8094,571,130,30/08/2025,1,1263.65,1263.65
8095,5,5,10/02/2025,3,1684.1,5052.3
8096,719,11,27/09/2025,2,-50.0,-100.0
8097,500,80,17/12/2025,3,2313.65,6940.95
8098,82,39,17/03/2025,1,293.88,293.88
8099,698,41,12/02/2025,1,2208.11,2208.11
8100,741,126,02/06/2025,3,2693.58,8080.74
8101,376,70,23/07/2025,1,1198.05,1198.05
8102,283,136,14/11/2025,4,2590.51,10362.04
8103,141,169,29/01/2025,1,2665.01,2665.01
8104,890,69,01/08/2025,4,1686.7,6746.8
8105,135,120,29/11/2025,3,723.89,2171.67
8106,758,5,02/07/2025,1,1684.1,1684.1
8107,176,104,18/08/2025,5,218.46,1092.3
8108,259,71,27/01/2025,2,604.38,1208.76
8109,236,185,29/01/2025,4,2325.56,9302.24
8110,493,137,30/05/2025,3,2071.83,6215.49
8111,753,139,14/04/2025,2,2987.14,5974.28
8112,14,147,17/09/2025,3,2884.36,8653.08
8113,976,127,02/05/2025,2,281.63,563.26
8114,706,143,23/07/2025,2,2846.83,5693.66
8115,548,182,07/08/2025,1,2300.18,2300.18
8116,51,23,21/06/2025,3,1092.83,3278.49
8117,457,153,28/04/2025,2,1709.79,3419.58
8118,138,103,08/02/2025,4,1971.18,7884.72
8119,275,190,25/06/2025,5,289.51,1447.55
8120,513,181,14/11/2025,1,1681.95,1681.95
8121,650,118,18/02/2025,1,74.75,74.75
8122,374,12,17/10/2025,1,1216.64,1216.64
8123,443,128,05/09/2025,5,1571.74,7858.7
8124,686,34,13/11/2025,1,481.05,481.05
8125,133,90,20/10/2025,1,60.93,60.93
8126,134,12,15/10/2025,1,1216.64,1216.64
8127,159,141,06/03/2025,3,2752.99,8258.97
8128,244,59,17/10/2025,2,2913.7,5827.4
8129,461,1,22/10/2025,3,321.65,964.95
8130,663,51,27/10/2025,4,2611.96,10447.84
8131,349,130,31/10/2025,2,1263.65,2527.3
8132,932,27,02/10/2025,3,68.58,205.74
8133,988,162,15/06/2025,3,116.04,348.12
8134,831,32,08/08/2025,1,2758.95,2758.95
8135,863,55,27/11/2025,5,142.72,713.6
8136,455,22,04/11/2025,3,2301.81,6905.43
8137,169,5,21/06/2025,4,1684.1,6736.4
8138,851,118,23/12/2025,3,74.75,224.25
8139,880,29,04/04/2025,3,39.58,118.74
8140,307,144,02/05/2025,4,568.72,2274.88
8141,597,106,17/07/2025,2,2595.56,5191.12
8142,134,89,10/02/2025,5,2781.65,13908.25
8143,530,140,21/12/2025,2,1975.57,3951.14
8144,72,46,01/12/2025,3,131.37,394.11
8145,589,121,01/05/2025,4,842.12,3368.48
8146,778,166,29/12/2025,4,547.69,2190.76
8147,809,119,29/03/2025,4,1079.03,4316.12
8148,904,193,02/06/2025,3,423.21,1269.63
8149,196,163,12/04/2025,3,2777.8,8333.4
8150,645,88,15/11/2025,3,744.28,2232.84
8151,919,119,11/09/2025,5,1079.03,5395.15
8152,169,155,05/07/2025,4,2068.39,8273.56
8153,488,29,27/07/2025,3,39.58,118.74
8154,771,183,25/04/2025,3,585.75,1757.25
8155,916,133,22/03/2025,1,1358.52,1358.52
8156,629,147,26/04/2025,1,2884.36,2884.36
8157,277,137,25/11/2025,1,2071.83,2071.83
8158,304,33,30/08/2025,3,1677.84,5033.52
8159,596,108,17/11/2025,1,708.88,708.88
8160,32,185,18/10/2025,1,2325.56,2325.56
8161,294,3,03/02/2025,5,595.5,2977.5
8162,430,179,05/09/2025,3,1565.73,4697.19
8163,234,123,07/03/2025,4,2673.4,10693.6
8164,295,43,15/07/2025,4,1475.06,5900.24
8165,712,200,06/03/2025,2,291.75,583.5
8166,375,67,20/03/2025,5,1314.78,6573.9
8167,945,9,31/07/2025,2,2113.6,4227.2
8168,801,154,28/01/2025,2,1797.15,3594.3
8169,610,195,18/05/2025,1,553.06,553.06
8170,946,162,21/02/2025,1,116.04,116.04
8171,696,86,27/08/2025,2,484.85,969.7
8172,248,28,24/08/2025,1,2980.37,2980.37
8173,189,47,09/06/2025,4,1157.01,4628.04
8174,934,17,09/09/2025,3,2537.66,7612.98
8175,984,85,20/10/2025,4,615.06,2460.24
8176,993,4,21/11/2025,1,1718.68,1718.68
8177,68,134,06/03/2025,3,636.14,1908.42
8178,941,157,22/04/2025,2,419.58,839.16
8179,338,157,20/05/2025,5,419.58,2097.9
8180,460,79,22/03/2025,2,1789.75,3579.5
8181,590,138,28/11/2025,2,2730.5,5461.0
8182,781,83,02/08/2025,5,1877.08,9385.4
8183,701,107,02/09/2025,4,891.64,3566.56
8184,817,22,08/05/2025,3,2301.81,6905.43
8185,884,153,28/03/2025,1,1709.79,1709.79
8186,171,111,04/06/2025,2,2602.98,5205.96
8187,477,187,26/07/2025,2,897.37,1794.74
8188,333,3,14/04/2025,1,595.5,595.5
8189,147,155,09/01/2025,5,2068.39,10341.95
8190,589,10,10/08/2025,1,2650.82,2650.82
8191,308,117,04/02/2025,4,1192.33,4769.32
8192,886,166,04/06/2025,3,547.69,1643.07
8193,150,116,08/09/2025,5,928.68,4643.4
8194,256,189,12/06/2025,3,1401.47,4204.41
8195,267,169,26/05/2025,1,2665.01,2665.01
8196,181,165,05/03/2025,2,2278.17,4556.34
8197,411,159,03/11/2025,4,568.25,2273.0
8198,148,186,10/08/2025,1,1394.81,1394.81
8199,454,94,20/10/2025,3,627.33,1881.99
8200,231,160,06/06/2025,2,1484.51,2969.02
8201,979,60,24/07/2025,5,1734.26,8671.3
8202,602,5,13/06/2025,3,1684.1,5052.3
8203,875,55,04/04/2025,5,142.72,713.6
8204,811,177,31/03/2025,3,1381.56,4144.68
8205,526,121,22/12/2025,5,842.12,4210.6
8206,228,86,12/04/2025,4,484.85,1939.4
8207,255,131,24/04/2025,1,475.19,475.19
8208,253,6,30/04/2025,4,1257.25,5029.0
8209,284,88,19/11/2025,2,744.28,1488.56
8210,920,174,26/01/2025,2,1789.54,3579.08
8211,186,59,08/06/2025,4,2913.7,11654.8
8212,104,46,31/05/2025,2,131.37,262.74
8213,777,122,12/01/2025,3,1884.86,5654.58
8214,649,146,11/07/2025,5,2642.79,13213.95
8215,196,183,22/03/2025,4,585.75,2343.0
8216,57,62,27/06/2025,2,2363.38,4726.76
8217,46,83,24/07/2025,1,1877.08,1877.08
8218,50,33,09/03/2025,2,1677.84,3355.68
8219,335,25,07/09/2025,1,20.58,20.58
8220,726,23,02/07/2025,3,1092.83,3278.49
8221,333,137,28/01/2025,4,2071.83,8287.32
8222,824,151,21/11/2025,3,98.07,294.21
8223,716,14,19/03/2025,3,2995.33,8985.99
8224,156,166,24/06/2025,3,547.69,1643.07
8225,403,79,10/02/2025,1,1789.75,1789.75
8226,608,159,10/07/2025,2,568.25,1136.5
8227,833,96,09/03/2025,1,1459.42,1459.42
8228,329,60,19/01/2025,5,1734.26,8671.3
8229,964,125,08/02/2025,5,692.24,3461.2
8230,601,24,26/06/2025,2,1353.55,2707.1
8231,926,6,25/04/2025,3,1257.25,3771.75
8232,747,177,09/11/2025,3,1381.56,4144.68
8233,985,66,12/11/2025,1,273.54,273.54
8234,731,121,20/06/2025,1,842.12,842.12
8235,709,128,03/07/2025,3,1571.74,4715.22
8236,509,32,10/08/2025,4,2758.95,11035.8
8237,817,60,21/09/2025,2,1734.26,3468.52
8238,647,167,23/05/2025,2,2604.04,5208.08
8239,420,63,09/08/2025,1,413.92,413.92
8240,124,191,10/03/2025,4,357.25,1429.0
8241,866,20,03/12/2025,5,1833.07,9165.35
8242,374,184,02/05/2025,4,1206.16,4824.64
8243,324,34,01/01/2025,1,481.05,481.05
8244,470,112,10/06/2025,1,282.3,282.3
8245,43,75,29/01/2025,2,983.77,1967.54
8246,322,156,04/12/2025,5,256.84,1284.2
8247,395,129,08/12/2025,3,2620.65,7861.95
8248,668,108,17/08/2025,5,708.88,3544.4
8249,472,20,08/04/2025,3,1833.07,5499.21
8250,703,56,13/01/2025,4,1703.44,6813.76
8251,935,130,31/10/2025,1,1263.65,1263.65
8252,39,28,10/02/2025,1,2980.37,2980.37
8253,939,73,19/02/2025,4,753.81,3015.24
8254,870,13,04/11/2025,2,1979.45,3958.9
8255,153,125,26/09/2025,5,692.24,3461.2
8256,513,143,03/10/2025,1,2846.83,2846.83
8257,609,54,24/05/2025,1,181.3,181.3
8258,819,101,17/07/2025,1,2371.78,2371.78
8259,961,63,25/09/2025,5,413.92,2069.6
8260,117,105,31/08/2025,5,1995.69,9978.45
8261,725,138,15/02/2025,3,2730.5,8191.5
8262,541,176,04/08/2025,3,1571.53,4714.59
8263,954,153,29/06/2025,1,1709.79,1709.79
8264,643,10,15/07/2025,5,2650.82,13254.1
8265,343,103,02/10/2025,5,1971.18,9855.9
8266,777,42,03/09/2025,4,2382.85,9531.4
8267,181,135,07/01/2025,1,1751.47,1751.47
8268,491,40,22/03/2025,4,1715.81,6863.24
8269,844,1,27/02/2025,5,321.65,1608.25
8270,690,172,18/08/2025,3,2166.2,6498.6
8271,159,162,23/08/2025,2,116.04,232.08
8272,216,91,25/05/2025,4,929.25,3717.0
8273,19,120,25/04/2025,5,723.89,3619.45
8274,745,186,01/10/2025,1,1394.81,1394.81
8275,228,13,06/11/2025,4,1979.45,7917.8
8276,455,134,27/10/2025,5,636.14,3180.7
8277,644,146,22/02/2025,3,2642.79,7928.37
8278,657,66,26/05/2025,3,273.54,820.62
8279,623,141,30/07/2025,2,2752.99,5505.98
8280,473,21,18/07/2025,3,1645.97,4937.91
8281,493,68,19/01/2025,5,2290.86,11454.3
8282,967,112,27/09/2025,4,282.3,1129.2
8283,528,186,19/08/2025,4,1394.81,5579.24
8284,382,18,22/06/2025,5,2297.27,11486.35
8285,782,126,13/02/2025,1,2693.58,2693.58
8286,436,78,09/08/2025,3,587.66,1762.98
8287,47,90,07/07/2025,5,60.93,304.65
8288,841,103,05/06/2025,2,1971.18,3942.36
8289,255,193,15/09/2025,1,423.21,423.21
8290,50,161,18/04/2025,4,508.08,2032.32
8291,603,38,17/01/2025,1,714.32,714.32
8292,138,90,27/06/2025,5,60.93,304.65
8293,439,85,03/05/2025,2,615.06,1230.12
8294,790,121,04/09/2025,4,842.12,3368.48
8295,814,62,13/12/2025,1,2363.38,2363.38
8296,205,26,11/09/2025,4,2949.21,11796.84
8297,705,143,25/02/2025,4,2846.83,11387.32
8298,607,42,25/02/2025,4,2382.85,9531.4
8299,381,73,04/09/2025,5,753.81,3769.05
8300,690,40,22/02/2025,1,1715.81,1715.81
8301,148,68,12/03/2025,1,2290.86,2290.86
8302,977,96,22/06/2025,3,1459.42,4378.26
8303,329,7,25/06/2025,1,2303.52,2303.52
8304,303,152,17/09/2025,1,1858.5,1858.5
8305,763,185,07/12/2025,1,2325.56,2325.56
8306,578,151,17/04/2025,5,98.07,490.35
8307,582,127,20/11/2025,4,281.63,1126.52
8308,470,61,19/09/2025,5,681.82,3409.1
8309,490,35,13/07/2025,3,1391.9,4175.7
8310,100,101,07/01/2025,2,2371.78,4743.56
8311,208,198,08/05/2025,3,765.25,2295.75
8312,539,57,15/01/2025,1,1517.16,1517.16
8313,31,149,30/05/2025,1,472.83,472.83
8314,229,81,11/11/2025,2,2963.2,5926.4
8315,315,159,10/01/2025,2,568.25,1136.5
8316,504,178,24/02/2025,3,2635.78,7907.34
8317,449,146,26/11/2025,5,2642.79,13213.95
8318,423,81,31/07/2025,3,2963.2,8889.6
8319,773,100,20/09/2025,2,199.13,398.26
8320,635,128,03/07/2025,2,1571.74,3143.48
8321,103,134,13/07/2025,5,636.14,3180.7
8322,161,38,21/03/2025,3,714.32,2142.96
8323,464,200,20/11/2025,3,291.75,875.25
8324,414,15,26/03/2025,1,2801.89,2801.89
8325,131,64,08/03/2025,1,1438.05,1438.05
8326,230,74,10/07/2025,1,813.45,813.45
8327,392,191,20/08/2025,4,357.25,1429.0
8328,874,27,04/07/2025,2,68.58,137.16
8329,81,169,23/09/2025,3,2665.01,7995.03
8330,578,189,15/05/2025,1,1401.47,1401.47
8331,105,133,17/09/2025,2,1358.52,2717.04
8332,904,4,05/02/2025,3,1718.68,5156.04
8333,423,104,23/01/2025,4,218.46,873.84
8334,727,139,03/04/2025,1,2987.14,2987.14
8335,223,149,07/09/2025,2,472.83,945.66
8336,540,142,22/05/2025,3,222.09,666.27
8337,498,163,18/01/2025,5,2777.8,13889.0
8338,598,143,10/04/2025,4,2846.83,11387.32
8339,427,22,13/03/2025,3,2301.81,6905.43
8340,486,101,15/06/2025,5,2371.78,11858.9
8341,850,142,05/06/2025,3,222.09,666.27
8342,311,40,16/03/2025,1,1715.81,1715.81
8343,164,67,18/03/2025,5,1314.78,6573.9
8344,258,138,21/07/2025,5,2730.5,13652.5
8345,196,186,06/05/2025,1,1394.81,1394.81
8346,890,119,25/08/2025,2,1079.03,2158.06
8347,79,77,22/01/2025,3,1282.15,3846.45
8348,232,19,30/09/2025,1,2481.94,2481.94
8349,33,179,14/07/2025,2,1565.73,3131.46
8350,696,98,04/03/2025,5,1142.29,5711.45
8351,943,68,06/11/2025,1,2290.86,2290.86
8352,781,64,29/07/2025,5,1438.05,7190.25
8353,7,99,13/01/2025,1,149.58,149.58
8354,271,117,14/09/2025,1,1192.33,1192.33
8355,582,191,22/02/2025,1,357.25,357.25
8356,835,149,06/03/2025,5,472.83,2364.15
8357,752,81,03/12/2025,4,2963.2,11852.8
8358,693,154,05/06/2025,2,1797.15,3594.3
8359,744,125,14/10/2025,4,692.24,2768.96
8360,566,172,29/05/2025,2,2166.2,4332.4
8361,65,12,15/05/2025,2,1216.64,2433.28
8362,81,72,12/04/2025,1,2991.29,2991.29
8363,774,18,23/02/2025,5,2297.27,11486.35
8364,114,144,09/06/2025,1,568.72,568.72
8365,10,88,24/12/2025,1,744.28,744.28
8366,721,60,11/06/2025,2,1734.26,3468.52
8367,652,30,28/10/2025,4,660.17,2640.68
8368,685,1,09/06/2025,3,321.65,964.95
8369,462,10,04/07/2025,5,2650.82,13254.1
8370,425,1,21/05/2025,5,321.65,1608.25
8371,812,13,21/08/2025,4,1979.45,7917.8
8372,103,76,23/08/2025,5,286.99,1434.95
8373,540,55,12/01/2025,1,142.72,142.72
8374,203,27,01/07/2025,3,68.58,205.74
8375,782,100,11/06/2025,3,199.13,597.39
8376,486,33,23/08/2025,2,1677.84,3355.68
8377,336,170,04/11/2025,4,1226.5,4906.0
8378,276,14,18/05/2025,4,2995.33,11981.32
8379,28,57,19/08/2025,2,1517.16,3034.32
8380,272,67,18/11/2025,5,1314.78,6573.9
8381,595,158,19/08/2025,5,1416.92,7084.6
8382,4,155,07/05/2025,2,2068.39,4136.78
8383,624,28,21/07/2025,2,2980.37,5960.74
8384,766,158,15/02/2025,3,1416.92,4250.76
8385,191,162,03/06/2025,4,116.04,464.16
8386,73,2,09/01/2025,4,1604.35,6417.4
8387,230,43,19/08/2025,4,1475.06,5900.24
8388,360,60,26/12/2025,1,1734.26,1734.26
8389,662,143,28/06/2025,1,2846.83,2846.83
8390,501,102,14/02/2025,2,828.42,1656.84
8391,702,10,14/01/2025,1,2650.82,2650.82
8392,547,155,26/11/2025,4,2068.39,8273.56
8393,341,76,18/02/2025,4,286.99,1147.96
8394,170,83,22/07/2025,2,1877.08,3754.16
8395,39,100,11/01/2025,3,199.13,597.39
8396,63,72,29/05/2025,4,2991.29,11965.16
8397,974,134,26/08/2025,4,636.14,2544.56
8398,614,77,13/07/2025,5,1282.15,6410.75
8399,794,163,23/09/2025,5,2777.8,13889.0
8400,606,70,10/05/2025,5,1198.05,5990.25
8401,530,18,07/01/2025,4,2297.27,9189.08
8402,920,167,27/07/2025,2,2604.04,5208.08
8403,828,28,28/01/2025,1,2980.37,2980.37
8404,944,117,03/01/2025,4,1192.33,4769.32
8405,772,19,06/09/2025,4,2481.94,9927.76
8406,973,196,01/12/2025,2,2691.92,5383.84
8407,493,81,08/06/2025,5,2963.2,14816.0
8408,610,51,19/01/2025,2,2611.96,5223.92
8409,455,136,26/02/2025,1,2590.51,2590.51
8410,954,19,24/02/2025,4,2481.94,9927.76
8411,588,181,27/01/2025,4,1681.95,6727.8
8412,38,72,13/01/2025,5,2991.29,14956.45
8413,175,24,27/05/2025,3,1353.55,4060.65
8414,301,23,21/06/2025,3,1092.83,3278.49
8415,870,152,18/08/2025,4,1858.5,7434.0
8416,287,59,30/04/2025,2,2913.7,5827.4
8417,682,170,05/06/2025,5,1226.5,6132.5
8418,680,145,26/12/2025,4,2186.7,8746.8
8419,948,88,24/03/2025,3,744.28,2232.84
8420,235,146,03/09/2025,1,2642.79,2642.79
8421,795,175,19/04/2025,1,1931.35,1931.35
8422,745,60,05/05/2025,3,1734.26,5202.78
8423,929,1,09/06/2025,1,321.65,321.65
8424,633,178,26/10/2025,5,2635.78,13178.9
8425,185,99,28/06/2025,4,149.58,598.32
8426,220,185,27/02/2025,4,2325.56,9302.24
8427,981,190,02/09/2025,5,289.51,1447.55
8428,664,117,23/02/2025,2,1192.33,2384.66
8429,466,56,05/06/2025,5,1703.44,8517.2
8430,782,110,20/05/2025,2,2713.54,5427.08
8431,519,127,11/04/2025,2,281.63,563.26
8432,812,192,28/06/2025,5,2814.77,14073.85
8433,867,135,18/06/2025,4,1751.47,7005.88
8434,994,170,15/11/2025,2,1226.5,2453.0
8435,158,123,11/10/2025,4,2673.4,10693.6
8436,465,170,14/05/2025,1,1226.5,1226.5
8437,719,21,21/05/2025,2,1645.97,3291.94
8438,591,52,04/09/2025,1,2248.08,2248.08
8439,940,156,14/08/2025,4,256.84,1027.36
8440,960,9,04/01/2025,4,2113.6,8454.4
8441,375,94,25/11/2025,5,627.33,3136.65
8442,104,123,13/06/2025,2,2673.4,5346.8
8443,474,156,02/03/2025,2,256.84,513.68
8444,902,184,18/07/2025,1,1206.16,1206.16
8445,140,87,21/07/2025,1,354.87,354.87
8446,715,151,10/11/2025,5,98.07,490.35
8447,193,95,21/07/2025,3,2256.06,6768.18
8448,310,103,31/10/2025,2,1971.18,3942.36
8449,548,178,18/08/2025,5,2635.78,13178.9
8450,16,27,06/12/2025,3,68.58,205.74
8451,644,166,04/07/2025,3,547.69,1643.07
8452,498,2,03/11/2025,2,1604.35,3208.7
8453,735,61,05/12/2025,3,681.82,2045.46
8454,136,122,04/10/2025,1,1884.86,1884.86
8455,405,102,19/03/2025,5,828.42,4142.1
8456,371,83,06/11/2025,2,1877.08,3754.16
8457,854,167,18/06/2025,1,2604.04,2604.04
8458,25,160,19/07/2025,2,1484.51,2969.02
8459,55,2,08/12/2025,1,1604.35,1604.35
8460,83,29,12/02/2025,1,39.58,39.58
8461,838,84,07/02/2025,4,153.74,614.96
8462,426,19,24/08/2025,5,2481.94,12409.7
8463,198,144,10/05/2025,3,568.72,1706.16
8464,992,198,17/11/2025,5,765.25,3826.25
8465,527,21,14/02/2025,2,1645.97,3291.94
8466,876,60,25/01/2025,1,1734.26,1734.26
8467,689,190,20/09/2025,5,289.51,1447.55
8468,144,168,29/09/2025,2,2069.83,4139.66
8469,875,78,21/10/2025,4,587.66,2350.64
8470,640,14,27/07/2025,5,2995.33,14976.65
8471,490,33,12/12/2025,2,1677.84,3355.68
8472,955,56,01/02/2025,1,1703.44,1703.44
8473,271,171,28/09/2025,3,1831.63,5494.89
8474,128,127,18/11/2025,4,281.63,1126.52
8475,251,161,05/07/2025,4,508.08,2032.32
8476,993,82,05/02/2025,4,2468.32,9873.28
8477,621,36,06/02/2025,2,432.46,864.92
8478,791,136,11/03/2025,5,2590.51,12952.55
8479,900,36,30/07/2025,1,432.46,432.46
8480,219,193,27/09/2025,1,423.21,423.21
8481,745,102,04/03/2025,3,828.42,2485.26
8482,493,99,23/11/2025,1,149.58,149.58
8483,645,161,15/01/2025,2,508.08,1016.16
8484,160,49,15/05/2025,4,1056.83,4227.32
8485,783,30,08/11/2025,4,660.17,2640.68
8486,245,109,07/04/2025,5,1535.45,7677.25
8487,325,161,30/10/2025,5,508.08,2540.4
8488,68,106,11/08/2025,4,2595.56,10382.24
8489,281,4,17/03/2025,2,1718.68,3437.36
8490,231,148,20/10/2025,1,1340.15,1340.15
8491,752,59,25/06/2025,2,2913.7,5827.4
8492,144,137,22/11/2025,2,2071.83,4143.66
8493,825,103,22/02/2025,4,1971.18,7884.72
8494,180,98,04/05/2025,5,1142.29,5711.45
8495,473,150,06/11/2025,3,338.18,1014.54
8496,867,160,14/06/2025,5,1484.51,7422.55
8497,866,43,10/06/2025,2,1475.06,2950.12
8498,190,158,12/05/2025,4,1416.92,5667.68
8499,265,78,23/05/2025,5,587.66,2938.3
8500,779,64,27/12/2025,4,1438.05,5752.2
8501,748,139,17/09/2025,4,2987.14,11948.56
8502,116,30,08/06/2025,1,660.17,660.17
8503,802,57,24/01/2025,2,1517.16,3034.32
8504,437,66,06/11/2025,1,273.54,273.54
8505,725,134,14/06/2025,1,636.14,636.14
8506,576,128,13/02/2025,4,1571.74,6286.96
8507,862,86,26/12/2025,3,484.85,1454.55
8508,357,153,24/11/2025,1,1709.79,1709.79
8509,932,100,04/09/2025,2,199.13,398.26
8510,544,123,27/01/2025,5,2673.4,13367.0
8511,176,92,20/02/2025,5,87.79,438.95
8512,705,39,17/05/2025,1,293.88,293.88
8513,978,100,28/08/2025,2,199.13,398.26
8514,173,30,02/04/2025,4,660.17,2640.68
8515,908,186,22/07/2025,4,1394.81,5579.24
8516,743,6,16/03/2025,2,1257.25,2514.5
8517,195,83,02/06/2025,5,1877.08,9385.4
8518,75,138,31/03/2025,1,2730.5,2730.5
8519,638,82,03/12/2025,3,2468.32,7404.96
8520,635,151,08/09/2025,5,98.07,490.35
8521,480,198,22/08/2025,2,765.25,1530.5
8522,994,147,05/11/2025,2,2884.36,5768.72
8523,851,92,24/10/2025,4,87.79,351.16
8524,324,196,04/02/2025,3,2691.92,8075.76
8525,578,165,11/05/2025,2,2278.17,4556.34
8526,738,116,16/12/2025,3,928.68,2786.04
8527,88,19,03/09/2025,1,2481.94,2481.94
8528,692,56,22/08/2025,4,1703.44,6813.76
8529,13,56,06/08/2025,5,1703.44,8517.2
8530,152,91,01/12/2025,4,929.25,3717.0
8531,475,111,22/02/2025,1,2602.98,2602.98
8532,165,94,30/05/2025,5,627.33,3136.65
8533,748,42,17/04/2025,2,2382.85,4765.7
8534,32,4,22/01/2025,5,1718.68,8593.4
8535,371,102,17/01/2025,2,828.42,1656.84
8536,761,131,23/10/2025,2,475.19,950.38
8537,988,43,23/11/2025,3,1475.06,4425.18
8538,573,36,27/08/2025,5,432.46,2162.3
8539,229,44,21/01/2025,1,2462.16,2462.16
8540,910,121,26/09/2025,5,842.12,4210.6
8541,208,22,22/11/2025,2,2301.81,4603.62
8542,452,59,30/06/2025,4,2913.7,11654.8
8543,781,75,28/06/2025,5,983.77,4918.85
8544,153,48,30/08/2025,1,2767.18,2767.18
8545,137,2,12/11/2025,1,1604.35,1604.35
8546,460,6,01/06/2025,5,1257.25,6286.25
8547,142,140,10/05/2025,4,1975.57,7902.28
8548,850,173,12/08/2025,1,1842.28,1842.28
8549,699,184,08/09/2025,2,1206.16,2412.32
8550,628,179,18/04/2025,4,1565.73,6262.92
8551,645,102,03/02/2025,3,828.42,2485.26
8552,161,160,30/06/2025,3,1484.51,4453.53
8553,340,24,10/01/2025,1,1353.55,1353.55
8554,980,94,17/01/2025,1,627.33,627.33
8555,526,30,05/06/2025,5,660.17,3300.85
8556,706,138,30/12/2025,3,2730.5,8191.5
8557,132,33,30/03/2025,4,1677.84,6711.36
8558,213,177,07/01/2025,1,1381.56,1381.56
8559,215,108,20/08/2025,1,708.88,708.88
8560,138,34,14/06/2025,2,481.05,962.1
8561,40,40,29/04/2025,5,1715.81,8579.05
8562,3,181,09/12/2025,2,1681.95,3363.9
8563,279,175,24/11/2025,2,1931.35,3862.7
8564,282,51,19/06/2025,4,2611.96,10447.84
8565,827,53,28/02/2025,5,2787.39,13936.95
8566,446,197,14/03/2025,5,2649.99,13249.95
8567,870,144,07/11/2025,1,568.72,568.72
8568,115,107,24/04/2025,4,891.64,3566.56
8569,127,109,10/11/2025,4,1535.45,6141.8
8570,395,143,13/12/2025,4,2846.83,11387.32
8571,313,3,16/04/2025,2,595.5,1191.0
8572,879,1,11/07/2025,3,321.65,964.95
8573,286,65,10/01/2025,1,1653.49,1653.49
8574,399,26,20/07/2025,4,2949.21,11796.84
8575,271,149,03/01/2025,4,472.83,1891.32
8576,32,176,28/05/2025,5,1571.53,7857.65
8577,298,189,10/10/2025,3,1401.47,4204.41
8578,29,26,02/12/2025,3,2949.21,8847.63
8579,98,126,03/06/2025,4,2693.58,10774.32
8580,147,149,21/12/2025,4,472.83,1891.32
8581,175,133,28/10/2025,1,1358.52,1358.52
8582,133,76,02/03/2025,1,286.99,286.99
8583,368,2,10/01/2025,3,1604.35,4813.05
8584,670,157,12/11/2025,4,419.58,1678.32
8585,587,181,20/02/2025,4,1681.95,6727.8
8586,749,185,04/03/2025,2,2325.56,4651.12
8587,338,42,10/07/2025,3,2382.85,7148.55
8588,164,179,23/12/2025,2,1565.73,3131.46
8589,167,35,25/01/2025,5,1391.9,6959.5
8590,333,129,09/04/2025,5,2620.65,13103.25
8591,467,166,22/11/2025,4,547.69,2190.76
8592,312,61,19/05/2025,3,681.82,2045.46
8593,758,15,12/09/2025,3,2801.89,8405.67
8594,415,45,13/12/2025,3,1793.79,5381.37
8595,204,153,24/01/2025,3,1709.79,5129.37
8596,791,28,01/03/2025,1,2980.37,2980.37
8597,937,85,16/06/2025,2,615.06,1230.12
8598,328,130,03/04/2025,4,1263.65,5054.6
8599,475,115,10/10/2025,5,138.46,692.3
8600,552,46,21/01/2025,4,131.37,525.48
8601,227,22,22/05/2025,4,2301.81,9207.24
8602,545,151,02/05/2025,1,98.07,98.07
8603,21,66,01/10/2025,3,273.54,820.62
8604,913,130,28/12/2025,1,1263.65,1263.65
8605,778,152,02/03/2025,4,1858.5,7434.0
8606,857,140,04/02/2025,4,1975.57,7902.28
8607,819,80,02/04/2025,2,2313.65,4627.3
8608,624,57,26/12/2025,3,1517.16,4551.48
8609,337,178,05/12/2025,3,2635.78,7907.34
8610,749,94,03/04/2025,5,627.33,3136.65
8611,47,84,16/10/2025,3,153.74,461.22
8612,417,114,16/08/2025,3,1690.85,5072.55
8613,508,154,15/02/2025,5,1797.15,8985.75
8614,110,175,18/08/2025,2,1931.35,3862.7
8615,607,141,10/01/2025,2,2752.99,5505.98
8616,726,79,28/08/2025,3,1789.75,5369.25
8617,422,37,09/05/2025,4,2671.08,10684.32
8618,333,197,14/02/2025,1,2649.99,2649.99
8619,399,1,19/10/2025,5,321.65,1608.25
8620,914,92,20/10/2025,5,87.79,438.95
8621,476,10,28/06/2025,1,2650.82,2650.82
8622,676,43,01/03/2025,2,1475.06,2950.12
8623,796,53,14/07/2025,2,2787.39,5574.78
8624,727,134,12/07/2025,5,636.14,3180.7
8625,63,2,11/04/2025,5,1604.35,8021.75
8626,279,118,15/12/2025,4,74.75,299.0
8627,767,19,10/12/2025,2,2481.94,4963.88
8628,520,163,22/09/2025,5,2777.8,13889.0
8629,601,159,04/01/2025,2,568.25,1136.5
8630,704,127,19/07/2025,3,281.63,844.89
8631,925,28,07/05/2025,1,2980.37,2980.37
8632,749,147,24/11/2025,5,2884.36,14421.8
8633,491,148,06/03/2025,5,1340.15,6700.75
8634,478,27,23/12/2025,3,68.58,205.74
8635,404,13,19/04/2025,2,1979.45,3958.9
8636,534,174,04/10/2025,4,1789.54,7158.16
8637,904,133,16/03/2025,3,1358.52,4075.56
8638,526,94,11/11/2025,5,627.33,3136.65
8639,525,102,30/11/2025,5,828.42,4142.1
8640,108,140,01/05/2025,3,1975.57,5926.71
8641,993,148,22/07/2025,4,1340.15,5360.6
8642,714,63,31/12/2025,1,413.92,413.92
8643,932,146,27/11/2025,1,2642.79,2642.79
8644,5,121,12/09/2025,2,842.12,1684.24
8645,602,73,26/10/2025,5,753.81,3769.05
8646,627,187,22/05/2025,3,897.37,2692.11
8647,321,119,08/06/2025,3,1079.03,3237.09
8648,284,29,20/08/2025,1,39.58,39.58
8649,413,149,07/08/2025,2,472.83,945.66
8650,139,99,26/05/2025,3,149.58,448.74
8651,670,60,20/08/2025,3,1734.26,5202.78
8652,851,91,25/02/2025,5,929.25,4646.25
8653,706,101,13/05/2025,1,2371.78,2371.78
8654,256,88,30/11/2025,5,744.28,3721.4
8655,942,132,09/11/2025,2,2731.01,5462.02
8656,529,85,28/01/2025,5,615.06,3075.3
8657,474,156,08/08/2025,5,256.84,1284.2
8658,373,130,19/08/2025,3,1263.65,3790.95
8659,520,194,11/12/2025,2,983.91,1967.82
8660,509,85,07/12/2025,4,615.06,2460.24
8661,817,142,13/07/2025,1,222.09,222.09
8662,489,135,22/04/2025,3,1751.47,5254.41
8663,314,174,08/09/2025,1,1789.54,1789.54
8664,862,178,30/01/2025,2,2635.78,5271.56
8665,454,167,18/12/2025,1,2604.04,2604.04
8666,861,120,18/07/2025,4,723.89,2895.56
8667,97,176,11/06/2025,2,1571.53,3143.06
8668,674,7,09/09/2025,1,2303.52,2303.52
8669,521,137,18/07/2025,2,2071.83,4143.66
8670,598,41,08/04/2025,2,2208.11,4416.22
8671,203,184,14/06/2025,5,1206.16,6030.8
8672,290,4,07/04/2025,2,1718.68,3437.36
8673,419,149,06/11/2025,5,472.83,2364.15
8674,349,34,20/06/2025,5,481.05,2405.25
8675,699,197,06/04/2025,1,2649.99,2649.99
8676,230,23,16/12/2025,2,1092.83,2185.66
8677,821,101,11/04/2025,3,2371.78,7115.34
8678,163,118,10/06/2025,2,74.75,149.5
8679,712,172,02/03/2025,3,2166.2,6498.6
8680,292,160,21/03/2025,4,1484.51,5938.04
8681,269,153,07/04/2025,1,1709.79,1709.79
8682,144,33,18/05/2025,2,1677.84,3355.68
8683,494,125,30/05/2025,1,692.24,692.24
8684,435,157,18/01/2025,3,419.58,1258.74
8685,600,63,10/06/2025,3,413.92,1241.76
8686,377,89,22/01/2025,4,2781.65,11126.6
8687,936,39,21/01/2025,1,293.88,293.88
8688,421,30,09/05/2025,4,660.17,2640.68
8689,76,50,08/06/2025,4,1261.23,5044.92
8690,272,93,21/05/2025,5,2225.24,11126.2
8691,819,121,26/02/2025,4,842.12,3368.48
8692,785,41,10/10/2025,1,2208.11,2208.11
8693,578,64,17/02/2025,5,1438.05,7190.25
8694,980,163,02/09/2025,2,2777.8,5555.6
8695,694,188,03/08/2025,1,2076.06,2076.06
8696,333,8,27/07/2025,4,1086.73,4346.92
8697,106,40,18/03/2025,2,1715.81,3431.62
8698,929,139,02/12/2025,2,2987.14,5974.28
8699,728,162,06/07/2025,1,116.04,116.04
8700,396,76,03/08/2025,3,286.99,860.97
8701,571,178,08/05/2025,3,2635.78,7907.34
8702,688,2,09/07/2025,3,1604.35,4813.05
8703,379,83,25/10/2025,3,1877.08,5631.24
8704,341,14,28/07/2025,2,2995.33,5990.66
8705,218,181,08/08/2025,3,1681.95,5045.85
8706,7,128,07/09/2025,4,1571.74,6286.96
8707,787,138,11/12/2025,5,2730.5,13652.5
8708,320,56,27/11/2025,2,1703.44,3406.88
8709,141,125,09/04/2025,4,692.24,2768.96
8710,591,186,01/02/2025,5,1394.81,6974.05
8711,270,174,19/01/2025,4,1789.54,7158.16
8712,30,134,22/12/2025,2,636.14,1272.28
8713,760,63,17/10/2025,4,413.92,1655.68
8714,387,185,06/08/2025,2,2325.56,4651.12
8715,912,145,05/04/2025,1,2186.7,2186.7
8716,970,176,18/03/2025,2,1571.53,3143.06
8717,64,145,11/07/2025,4,2186.7,8746.8
8718,972,87,25/07/2025,1,354.87,354.87
8719,107,118,20/01/2025,5,74.75,373.75
8720,443,165,13/01/2025,4,2278.17,9112.68
8721,940,185,24/06/2025,1,2325.56,2325.56
8722,695,28,20/01/2025,2,2980.37,5960.74
8723,58,54,17/04/2025,5,181.3,906.5
8724,259,80,17/01/2025,5,2313.65,11568.25
8725,469,112,01/09/2025,5,282.3,1411.5
8726,916,42,15/07/2025,1,2382.85,2382.85
8727,187,187,10/10/2025,1,897.37,897.37
8728,665,50,18/12/2025,2,1261.23,2522.46
8729,838,60,22/11/2025,5,1734.26,8671.3
8730,876,19,22/03/2025,5,2481.94,12409.7
8731,592,97,17/03/2025,5,2091.31,10456.55
8732,116,1,25/04/2025,3,321.65,964.95
8733,26,123,23/03/2025,1,2673.4,2673.4
8734,178,107,29/01/2025,1,891.64,891.64
8735,920,144,16/03/2025,2,568.72,1137.44
8736,524,60,16/08/2025,4,1734.26,6937.04
8737,767,72,21/08/2025,2,2991.29,5982.58
8738,799,14,27/05/2025,3,2995.33,8985.99
8739,636,144,09/09/2025,3,568.72,1706.16
8740,753,139,16/08/2025,5,2987.14,14935.7
8741,809,43,16/03/2025,5,1475.06,7375.3
8742,64,103,19/03/2025,2,1971.18,3942.36
8743,163,178,22/12/2025,5,2635.78,13178.9
8744,766,191,10/02/2025,1,357.25,357.25
8745,172,108,11/10/2025,5,708.88,3544.4
8746,55,75,01/08/2025,3,983.77,2951.31
8747,721,108,15/09/2025,3,708.88,2126.64
8748,594,83,19/05/2025,2,1877.08,3754.16
8749,503,105,18/10/2025,1,1995.69,1995.69
8750,427,178,28/11/2025,1,2635.78,2635.78
8751,437,68,21/03/2025,4,2290.86,9163.44
8752,712,161,25/06/2025,3,508.08,1524.24
8753,182,93,22/04/2025,4,2225.24,8900.96
8754,464,141,22/12/2025,4,2752.99,11011.96
8755,257,121,08/10/2025,4,842.12,3368.48
8756,928,138,08/01/2025,3,2730.5,8191.5
8757,453,1,20/05/2025,5,321.65,1608.25
8758,427,82,28/08/2025,4,2468.32,9873.28
8759,470,199,11/08/2025,1,2160.76,2160.76
8760,89,37,21/09/2025,5,2671.08,13355.4
8761,513,156,20/03/2025,4,256.84,1027.36
8762,559,79,24/07/2025,2,1789.75,3579.5
8763,535,16,11/03/2025,5,1659.24,8296.2
8764,525,38,18/12/2025,4,714.32,2857.28
8765,737,19,12/05/2025,4,2481.94,9927.76
8766,123,113,01/01/2025,1,1511.94,1511.94
8767,350,51,08/02/2025,4,2611.96,10447.84
8768,661,133,18/01/2025,4,1358.52,5434.08
8769,343,100,05/10/2025,4,199.13,796.52
8770,528,3,08/02/2025,2,595.5,1191.0
8771,707,165,13/07/2025,4,2278.17,9112.68
8772,313,121,08/07/2025,5,842.12,4210.6
8773,652,17,27/08/2025,2,2537.66,5075.32
8774,597,135,05/03/2025,2,1751.47,3502.94
8775,902,45,10/03/2025,3,1793.79,5381.37
8776,571,176,02/05/2025,3,1571.53,4714.59
8777,383,173,12/02/2025,3,1842.28,5526.84
8778,859,103,13/02/2025,1,1971.18,1971.18
8779,591,155,12/11/2025,1,2068.39,2068.39
8780,570,175,12/10/2025,3,1931.35,5794.05
8781,21,134,02/01/2025,4,636.14,2544.56
8782,954,180,30/08/2025,1,2951.82,2951.82
8783,2,178,17/12/2025,5,2635.78,13178.9
8784,410,125,07/07/2025,1,692.24,692.24
8785,175,11,28/08/2025,4,-50.0,-200.0
8786,665,27,30/08/2025,1,68.58,68.58
8787,847,74,26/05/2025,1,813.45,813.45
8788,232,58,08/10/2025,4,476.53,1906.12
8789,593,96,02/11/2025,4,1459.42,5837.68
8790,389,116,28/11/2025,2,928.68,1857.36
8791,934,76,12/02/2025,4,286.99,1147.96
8792,686,14,04/02/2025,3,2995.33,8985.99
8793,94,9,01/01/2025,5,2113.6,10568.0
8794,53,174,27/01/2025,4,1789.54,7158.16
8795,835,28,12/10/2025,4,2980.37,11921.48
8796,755,93,01/04/2025,1,2225.24,2225.24
8797,13,96,18/03/2025,1,1459.42,1459.42
8798,357,171,17/10/2025,3,1831.63,5494.89
8799,485,42,27/12/2025,2,2382.85,4765.7
8800,700,159,17/01/2025,2,568.25,1136.5
8801,84,4,14/11/2025,2,1718.68,3437.36
8802,923,121,16/11/2025,3,842.12,2526.36
8803,810,155,18/05/2025,4,2068.39,8273.56
8804,664,118,24/11/2025,3,74.75,224.25
8805,236,154,14/06/2025,4,1797.15,7188.6
8806,610,192,08/06/2025,4,2814.77,11259.08
8807,261,195,27/06/2025,2,553.06,1106.12
8808,155,99,13/05/2025,5,149.58,747.9
8809,686,167,29/01/2025,2,2604.04,5208.08
8810,289,22,26/05/2025,4,2301.81,9207.24
8811,116,90,14/08/2025,2,60.93,121.86
8812,299,11,17/02/2025,3,-50.0,-150.0
8813,923,49,23/08/2025,2,1056.83,2113.66
8814,960,200,28/04/2025,5,291.75,1458.75
8815,890,114,22/07/2025,4,1690.85,6763.4
8816,760,147,18/08/2025,5,2884.36,14421.8
8817,389,137,13/12/2025,1,2071.83,2071.83
8818,923,97,29/09/2025,1,2091.31,2091.31
8819,328,88,15/02/2025,4,744.28,2977.12
8820,828,118,03/11/2025,3,74.75,224.25
8821,674,12,24/09/2025,3,1216.64,3649.92
8822,306,158,22/09/2025,4,1416.92,5667.68
8823,522,21,20/05/2025,3,1645.97,4937.91
8824,603,157,21/09/2025,1,419.58,419.58
8825,60,55,15/09/2025,3,142.72,428.16
8826,411,44,24/01/2025,3,2462.16,7386.48
8827,691,92,11/05/2025,4,87.79,351.16
8828,272,85,17/10/2025,1,615.06,615.06
8829,633,148,12/08/2025,5,1340.15,6700.75
8830,215,47,11/07/2025,3,1157.01,3471.03
8831,784,63,16/03/2025,3,413.92,1241.76
8832,998,113,25/02/2025,5,1511.94,7559.7
8833,100,30,21/12/2025,1,660.17,660.17
8834,986,15,10/07/2025,5,2801.89,14009.45
8835,820,178,01/10/2025,1,2635.78,2635.78
8836,257,106,19/09/2025,4,2595.56,10382.24
8837,625,142,02/11/2025,3,222.09,666.27
8838,228,43,05/05/2025,1,1475.06,1475.06
8839,366,148,02/03/2025,4,1340.15,5360.6
8840,513,171,27/01/2025,2,1831.63,3663.26
8841,839,169,22/12/2025,4,2665.01,10660.04
8842,204,167,21/12/2025,3,2604.04,7812.12
8843,960,137,21/01/2025,1,2071.83,2071.83
8844,906,40,03/12/2025,2,1715.81,3431.62
8845,880,108,21/03/2025,3,708.88,2126.64
8846,355,158,06/12/2025,4,1416.92,5667.68
8847,955,35,21/06/2025,1,1391.9,1391.9
8848,872,85,07/10/2025,3,615.06,1845.18
8849,847,42,22/09/2025,5,2382.85,11914.25
8850,891,124,22/02/2025,5,2833.53,14167.65
8851,736,157,02/02/2025,2,419.58,839.16
8852,875,195,29/08/2025,3,553.06,1659.18
8853,996,175,08/11/2025,3,1931.35,5794.05
8854,747,139,17/08/2025,3,2987.14,8961.42
8855,313,99,31/05/2025,1,149.58,149.58
8856,179,150,22/08/2025,2,338.18,676.36
8857,982,27,08/10/2025,4,68.58,274.32
8858,941,65,03/04/2025,4,1653.49,6613.96
8859,83,68,10/02/2025,4,2290.86,9163.44
8860,470,47,22/06/2025,4,1157.01,4628.04
8861,549,13,26/06/2025,3,1979.45,5938.35
8862,820,37,03/04/2025,5,2671.08,13355.4
8863,434,115,14/11/2025,4,138.46,553.84
8864,942,129,29/11/2025,5,2620.65,13103.25
8865,634,117,05/10/2025,5,1192.33,5961.65
8866,538,119,19/06/2025,4,1079.03,4316.12
8867,301,72,20/09/2025,3,2991.29,8973.87
8868,265,116,05/02/2025,3,928.68,2786.04
8869,242,72,01/03/2025,1,2991.29,2991.29
8870,941,157,25/10/2025,2,419.58,839.16
8871,709,55,02/01/2025,4,142.72,570.88
8872,708,85,11/08/2025,5,615.06,3075.3
8873,187,179,20/06/2025,4,1565.73,6262.92
8874,680,17,17/04/2025,5,2537.66,12688.3
8875,258,97,22/09/2025,2,2091.31,4182.62
8876,618,7,20/03/2025,1,2303.52,2303.52
8877,861,72,27/05/2025,5,2991.29,14956.45
8878,807,76,06/11/2025,4,286.99,1147.96
8879,249,109,28/07/2025,3,1535.45,4606.35
8880,122,18,29/07/2025,3,2297.27,6891.81
8881,568,103,28/12/2025,2,1971.18,3942.36
8882,136,180,01/02/2025,2,2951.82,5903.64
8883,990,120,03/12/2025,1,723.89,723.89
8884,429,86,10/05/2025,5,484.85,2424.25
8885,531,8,29/04/2025,3,1086.73,3260.19
8886,105,97,09/03/2025,1,2091.31,2091.31
8887,724,34,22/11/2025,4,481.05,1924.2
8888,946,77,08/05/2025,2,1282.15,2564.3
8889,55,55,12/12/2025,4,142.72,570.88
8890,181,167,04/02/2025,4,2604.04,10416.16
8891,550,106,26/05/2025,2,2595.56,5191.12
8892,306,117,03/08/2025,3,1192.33,3576.99
8893,193,17,08/03/2025,1,2537.66,2537.66
8894,641,20,06/10/2025,2,1833.07,3666.14
8895,716,4,06/10/2025,4,1718.68,6874.72
8896,868,48,07/09/2025,5,2767.18,13835.9
8897,553,195,22/07/2025,1,553.06,553.06
8898,427,20,23/12/2025,3,1833.07,5499.21
8899,904,77,15/11/2025,3,1282.15,3846.45
8900,883,131,20/09/2025,3,475.19,1425.57
8901,411,97,01/07/2025,2,2091.31,4182.62
8902,444,84,10/02/2025,3,153.74,461.22
8903,536,8,18/11/2025,2,1086.73,2173.46
8904,876,142,01/04/2025,5,222.09,1110.45
8905,347,36,29/03/2025,1,432.46,432.46
8906,937,170,27/12/2025,5,1226.5,6132.5
8907,554,98,27/10/2025,4,1142.29,4569.16
8908,43,81,20/05/2025,5,2963.2,14816.0
8909,400,151,27/09/2025,5,98.07,490.35
8910,780,80,02/10/2025,2,2313.65,4627.3
8911,514,41,27/05/2025,5,2208.11,11040.55
8912,460,10,20/03/2025,3,2650.82,7952.46
8913,46,63,09/12/2025,1,413.92,413.92
8914,226,173,12/11/2025,2,1842.28,3684.56
8915,554,143,16/02/2025,4,2846.83,11387.32
8916,812,188,18/04/2025,2,2076.06,4152.12
8917,764,41,17/04/2025,1,2208.11,2208.11
8918,889,111,25/09/2025,4,2602.98,10411.92
8919,447,76,15/08/2025,2,286.99,573.98
8920,952,192,07/10/2025,4,2814.77,11259.08
8921,399,35,05/10/2025,4,1391.9,5567.6
8922,720,170,06/04/2025,3,1226.5,3679.5
8923,483,37,25/08/2025,5,2671.08,13355.4
8924,757,97,05/05/2025,1,2091.31,2091.31
8925,154,2,05/09/2025,5,1604.35,8021.75
8926,460,144,18/05/2025,2,568.72,1137.44
8927,449,21,28/07/2025,1,1645.97,1645.97
8928,187,171,27/04/2025,5,1831.63,9158.15
8929,844,57,23/11/2025,3,1517.16,4551.48
8930,649,89,03/09/2025,3,2781.65,8344.95
8931,249,88,30/03/2025,4,744.28,2977.12
8932,198,167,20/08/2025,2,2604.04,5208.08
8933,512,165,29/01/2025,1,2278.17,2278.17
8934,261,85,23/06/2025,2,615.06,1230.12
8935,544,92,29/08/2025,5,87.79,438.95
8936,224,16,25/08/2025,2,1659.24,3318.48
8937,226,191,29/03/2025,2,357.25,714.5
8938,564,89,12/01/2025,4,2781.65,11126.6
8939,320,182,11/05/2025,2,2300.18,4600.36
8940,43,196,19/06/2025,2,2691.92,5383.84
8941,351,87,30/07/2025,3,354.87,1064.61
8942,534,155,24/10/2025,2,2068.39,4136.78
8943,815,116,29/11/2025,4,928.68,3714.72
8944,40,76,23/02/2025,1,286.99,286.99
8945,426,123,03/10/2025,5,2673.4,13367.0
8946,875,18,26/10/2025,3,2297.27,6891.81
8947,432,164,24/07/2025,3,683.21,2049.63
8948,891,166,30/04/2025,4,547.69,2190.76
8949,541,101,14/07/2025,3,2371.78,7115.34
8950,624,3,23/05/2025,3,595.5,1786.5
8951,528,172,10/12/2025,3,2166.2,6498.6
8952,442,128,17/04/2025,2,1571.74,3143.48
8953,192,183,16/11/2025,2,585.75,1171.5
8954,869,19,26/05/2025,2,2481.94,4963.88
8955,558,155,30/06/2025,3,2068.39,6205.17
8956,548,120,15/01/2025,4,723.89,2895.56
8957,11,169,24/03/2025,4,2665.01,10660.04
8958,245,174,15/05/2025,5,1789.54,8947.7
8959,963,81,31/10/2025,5,2963.2,14816.0
8960,694,72,04/08/2025,2,2991.29,5982.58
8961,282,9,31/07/2025,4,2113.6,8454.4
8962,25,163,01/11/2025,5,2777.8,13889.0
8963,331,53,13/02/2025,1,2787.39,2787.39
8964,132,184,26/04/2025,1,1206.16,1206.16
8965,881,63,19/09/2025,5,413.92,2069.6
8966,30,178,04/05/2025,1,2635.78,2635.78
8967,739,130,16/02/2025,4,1263.65,5054.6
8968,888,195,15/03/2025,4,553.06,2212.24
8969,558,58,02/07/2025,2,476.53,953.06
8970,435,141,28/01/2025,5,2752.99,13764.95
8971,329,141,20/01/2025,1,2752.99,2752.99
8972,554,173,01/03/2025,1,1842.28,1842.28
8973,375,56,23/08/2025,2,1703.44,3406.88
8974,287,51,26/07/2025,3,2611.96,7835.88
8975,470,6,22/11/2025,2,1257.25,2514.5
8976,672,116,26/03/2025,4,928.68,3714.72
8977,524,197,06/02/2025,4,2649.99,10599.96
8978,327,98,08/11/2025,3,1142.29,3426.87
8979,442,169,08/07/2025,5,2665.01,13325.05
8980,474,179,08/12/2025,5,1565.73,7828.65
8981,920,76,11/09/2025,3,286.99,860.97
8982,349,146,10/11/2025,3,2642.79,7928.37
8983,584,95,14/01/2025,3,2256.06,6768.18
8984,913,88,29/11/2025,3,744.28,2232.84
8985,246,177,10/03/2025,4,1381.56,5526.24
8986,577,182,15/08/2025,1,2300.18,2300.18
8987,118,77,06/07/2025,5,1282.15,6410.75
8988,897,74,14/10/2025,1,813.45,813.45
8989,230,160,24/03/2025,3,1484.51,4453.53
8990,707,81,06/12/2025,2,2963.2,5926.4
8991,919,94,01/02/2025,2,627.33,1254.66
8992,966,117,27/11/2025,5,1192.33,5961.65
8993,1000,129,08/02/2025,2,2620.65,5241.3
8994,404,167,19/02/2025,3,2604.04,7812.12
8995,895,18,19/11/2025,5,2297.27,11486.35
8996,727,48,03/06/2025,1,2767.18,2767.18
8997,853,96,01/06/2025,4,1459.42,5837.68
8998,728,76,18/03/2025,3,286.99,860.97
8999,62,53,07/12/2025,1,2787.39,2787.39
9000,139,122,15/11/2025,4,1884.86,7539.44
9001,903,68,14/04/2025,4,2290.86,9163.44
9002,27,132,14/03/2025,5,2731.01,13655.05
9003,308,15,05/07/2025,2,2801.89,5603.78
9004,700,62,16/02/2025,2,2363.38,4726.76
9005,805,44,27/05/2025,3,2462.16,7386.48
9006,10,189,26/10/2025,2,1401.47,2802.94
9007,206,198,30/04/2025,4,765.25,3061.0
9008,297,165,22/10/2025,1,2278.17,2278.17
9009,257,24,15/02/2025,2,1353.55,2707.1
9010,843,142,05/07/2025,1,222.09,222.09
9011,736,169,01/07/2025,2,2665.01,5330.02
9012,490,147,26/10/2025,3,2884.36,8653.08
9013,582,16,25/05/2025,1,1659.24,1659.24
9014,948,123,10/05/2025,5,2673.4,13367.0
9015,91,35,20/03/2025,2,1391.9,2783.8
9016,333,78,05/01/2025,4,587.66,2350.64
9017,89,142,14/02/2025,5,222.09,1110.45
9018,978,30,04/06/2025,2,660.17,1320.34
9019,759,187,15/05/2025,2,897.37,1794.74
9020,821,129,31/08/2025,3,2620.65,7861.95
9021,71,52,04/11/2025,2,2248.08,4496.16
9022,786,176,10/08/2025,5,1571.53,7857.65
9023,709,46,07/08/2025,4,131.37,525.48
9024,560,107,06/04/2025,1,891.64,891.64
9025,506,62,07/03/2025,3,2363.38,7090.14
9026,119,197,19/03/2025,1,2649.99,2649.99
9027,27,198,14/11/2025,2,765.25,1530.5
9028,89,179,15/09/2025,2,1565.73,3131.46
9029,86,58,17/02/2025,1,476.53,476.53
9030,297,152,14/10/2025,3,1858.5,5575.5
9031,36,42,27/09/2025,5,2382.85,11914.25
9032,974,155,12/10/2025,1,2068.39,2068.39
9033,559,166,31/12/2025,5,547.69,2738.45
9034,72,149,13/12/2025,4,472.83,1891.32
9035,423,78,22/03/2025,3,587.66,1762.98
9036,193,30,25/02/2025,5,660.17,3300.85
9037,693,148,19/01/2025,5,1340.15,6700.75
9038,526,40,10/12/2025,1,1715.81,1715.81
9039,223,50,20/07/2025,3,1261.23,3783.69
9040,988,144,18/02/2025,2,568.72,1137.44
9041,453,39,09/08/2025,2,293.88,587.76
9042,903,161,08/09/2025,4,508.08,2032.32
9043,56,77,05/09/2025,1,1282.15,1282.15
9044,88,3,20/12/2025,2,595.5,1191.0
9045,562,145,13/11/2025,1,2186.7,2186.7
9046,118,130,29/05/2025,4,1263.65,5054.6
9047,37,83,27/02/2025,1,1877.08,1877.08
9048,245,185,23/03/2025,2,2325.56,4651.12
9049,24,196,20/05/2025,2,2691.92,5383.84
9050,976,68,08/07/2025,5,2290.86,11454.3
9051,441,8,09/02/2025,4,1086.73,4346.92
9052,263,133,20/07/2025,4,1358.52,5434.08
9053,354,15,21/08/2025,4,2801.89,11207.56
9054,356,193,03/07/2025,2,423.21,846.42
9055,725,168,19/03/2025,4,2069.83,8279.32
9056,232,20,17/04/2025,4,1833.07,7332.28
9057,121,101,11/04/2025,1,2371.78,2371.78
9058,679,128,09/02/2025,5,1571.74,7858.7
9059,96,167,11/06/2025,1,2604.04,2604.04
9060,790,177,16/01/2025,4,1381.56,5526.24
9061,978,49,10/11/2025,5,1056.83,5284.15
9062,389,198,31/01/2025,2,765.25,1530.5
9063,435,103,12/01/2025,4,1971.18,7884.72
9064,14,89,08/11/2025,5,2781.65,13908.25
9065,288,104,23/07/2025,5,218.46,1092.3
9066,407,176,06/05/2025,5,1571.53,7857.65
9067,882,184,07/05/2025,2,1206.16,2412.32
9068,224,177,31/01/2025,4,1381.56,5526.24
9069,30,127,15/12/2025,1,281.63,281.63
9070,326,134,14/01/2025,1,636.14,636.14
9071,594,127,21/05/2025,1,281.63,281.63
9072,672,13,04/08/2025,5,1979.45,9897.25
9073,203,64,21/04/2025,2,1438.05,2876.1
9074,306,56,27/07/2025,1,1703.44,1703.44
9075,346,137,31/05/2025,4,2071.83,8287.32
9076,293,179,22/12/2025,5,1565.73,7828.65
9077,539,142,16/11/2025,2,222.09,444.18
9078,897,167,05/05/2025,2,2604.04,5208.08
9079,480,86,03/01/2025,5,484.85,2424.25
9080,861,148,06/04/2025,4,1340.15,5360.6
9081,146,135,05/10/2025,3,1751.47,5254.41
9082,859,178,18/12/2025,2,2635.78,5271.56
9083,383,141,21/05/2025,3,2752.99,8258.97
9084,365,81,19/04/2025,1,2963.2,2963.2
9085,636,197,22/10/2025,1,2649.99,2649.99
9086,978,108,20/04/2025,1,708.88,708.88
9087,942,80,26/03/2025,5,2313.65,11568.25
9088,797,193,08/08/2025,2,423.21,846.42
9089,508,139,16/04/2025,5,2987.14,14935.7
9090,561,182,11/04/2025,4,2300.18,9200.72
9091,406,145,16/03/2025,2,2186.7,4373.4
9092,976,62,09/01/2025,5,2363.38,11816.9
9093,34,67,30/07/2025,2,1314.78,2629.56
9094,262,113,23/09/2025,3,1511.94,4535.82
9095,319,106,21/05/2025,4,2595.56,10382.24
9096,530,111,31/12/2025,4,2602.98,10411.92
9097,273,26,29/04/2025,4,2949.21,11796.84
9098,503,197,08/03/2025,1,2649.99,2649.99
9099,40,103,24/02/2025,2,1971.18,3942.36
9100,469,86,28/03/2025,3,484.85,1454.55
9101,589,114,24/07/2025,4,1690.85,6763.4
9102,39,32,03/07/2025,3,2758.95,8276.85
9103,526,78,20/09/2025,1,587.66,587.66
9104,106,29,10/05/2025,3,39.58,118.74
9105,819,21,13/08/2025,3,1645.97,4937.91
9106,183,140,28/12/2025,1,1975.57,1975.57
9107,320,183,26/12/2025,2,585.75,1171.5
9108,389,18,01/08/2025,1,2297.27,2297.27
9109,552,98,22/02/2025,1,1142.29,1142.29
9110,315,99,12/04/2025,1,149.58,149.58
9111,899,97,15/02/2025,1,2091.31,2091.31
9112,529,156,24/07/2025,2,256.84,513.68
9113,767,192,20/06/2025,1,2814.77,2814.77
9114,350,87,14/07/2025,3,354.87,1064.61
9115,995,90,31/03/2025,3,60.93,182.79
9116,760,102,07/05/2025,5,828.42,4142.1
9117,389,130,29/04/2025,3,1263.65,3790.95
9118,512,116,17/05/2025,1,928.68,928.68
9119,827,7,29/05/2025,2,2303.52,4607.04
9120,899,174,20/11/2025,3,1789.54,5368.62
9121,703,81,23/06/2025,3,2963.2,8889.6
9122,868,146,12/12/2025,3,2642.79,7928.37
9123,421,109,05/01/2025,1,1535.45,1535.45
9124,237,2,17/02/2025,1,1604.35,1604.35
9125,616,106,19/03/2025,2,2595.56,5191.12
9126,509,199,23/04/2025,2,2160.76,4321.52
9127,992,134,28/10/2025,4,636.14,2544.56
9128,483,69,20/12/2025,2,1686.7,3373.4
9129,102,167,17/04/2025,4,2604.04,10416.16
9130,400,136,01/10/2025,2,2590.51,5181.02
9131,377,169,25/10/2025,1,2665.01,2665.01
9132,333,174,11/01/2025,4,1789.54,7158.16
9133,809,150,13/05/2025,2,338.18,676.36
9134,31,200,21/10/2025,5,291.75,1458.75
9135,88,105,17/01/2025,3,1995.69,5987.07
9136,557,30,07/04/2025,1,660.17,660.17
9137,422,178,10/01/2025,3,2635.78,7907.34
9138,247,71,18/11/2025,5,604.38,3021.9
9139,258,144,07/04/2025,3,568.72,1706.16
9140,893,191,26/08/2025,4,357.25,1429.0
9141,35,4,30/03/2025,4,1718.68,6874.72
9142,830,125,19/06/2025,5,692.24,3461.2
9143,730,170,21/06/2025,5,1226.5,6132.5
9144,898,182,06/06/2025,1,2300.18,2300.18
9145,831,47,01/07/2025,5,1157.01,5785.05
9146,262,73,18/07/2025,5,753.81,3769.05
9147,439,148,31/05/2025,3,1340.15,4020.45
9148,142,22,23/12/2025,4,2301.81,9207.24
9149,715,91,08/03/2025,4,929.25,3717.0
9150,487,88,14/09/2025,2,744.28,1488.56
9151,8,4,01/08/2025,1,1718.68,1718.68
9152,991,191,28/11/2025,1,357.25,357.25
9153,458,53,06/06/2025,3,2787.39,8362.17
9154,473,149,23/12/2025,3,472.83,1418.49
9155,770,82,05/04/2025,5,2468.32,12341.6
9156,240,81,29/07/2025,1,2963.2,2963.2
9157,729,55,27/04/2025,5,142.72,713.6
9158,844,42,23/05/2025,4,2382.85,9531.4
9159,932,188,07/11/2025,5,2076.06,10380.3
9160,499,184,18/12/2025,1,1206.16,1206.16
9161,979,175,28/01/2025,1,1931.35,1931.35
9162,93,114,27/08/2025,1,1690.85,1690.85
9163,570,27,16/12/2025,2,68.58,137.16
9164,730,160,22/11/2025,3,1484.51,4453.53
9165,672,87,27/07/2025,4,354.87,1419.48
9166,975,20,21/01/2025,2,1833.07,3666.14
9167,877,70,04/06/2025,5,1198.05,5990.25
9168,573,73,24/12/2025,1,753.81,753.81
9169,944,74,17/11/2025,2,813.45,1626.9
9170,723,164,10/06/2025,2,683.21,1366.42
9171,731,90,05/10/2025,2,60.93,121.86
9172,207,164,05/09/2025,2,683.21,1366.42
9173,174,173,30/08/2025,5,1842.28,9211.4
9174,731,92,04/12/2025,4,87.79,351.16
9175,504,147,05/03/2025,5,2884.36,14421.8
9176,676,54,12/03/2025,1,181.3,181.3
9177,425,84,21/05/2025,4,153.74,614.96
9178,653,117,19/02/2025,4,1192.33,4769.32
9179,848,22,23/09/2025,3,2301.81,6905.43
9180,574,34,26/09/2025,1,481.05,481.05
9181,887,120,12/12/2025,1,723.89,723.89
9182,912,134,23/05/2025,5,636.14,3180.7
9183,75,185,07/09/2025,1,2325.56,2325.56
9184,746,148,01/03/2025,1,1340.15,1340.15
9185,427,31,03/06/2025,1,84.67,84.67
9186,956,103,11/05/2025,3,1971.18,5913.54
9187,391,183,22/02/2025,1,585.75,585.75
9188,597,130,31/01/2025,2,1263.65,2527.3
9189,777,148,05/07/2025,4,1340.15,5360.6
9190,820,78,04/06/2025,2,587.66,1175.32
9191,895,126,10/12/2025,2,2693.58,5387.16
9192,529,140,30/12/2025,3,1975.57,5926.71
9193,190,62,09/12/2025,4,2363.38,9453.52
9194,495,75,12/12/2025,5,983.77,4918.85
9195,859,187,23/08/2025,4,897.37,3589.48
9196,5,15,14/10/2025,4,2801.89,11207.56
9197,574,31,24/06/2025,2,84.67,169.34
9198,249,45,18/02/2025,3,1793.79,5381.37
9199,161,23,16/01/2025,5,1092.83,5464.15
9200,564,42,27/07/2025,2,2382.85,4765.7
9201,495,147,31/01/2025,5,2884.36,14421.8
9202,630,105,30/07/2025,4,1995.69,7982.76
9203,746,5,05/10/2025,2,1684.1,3368.2
9204,441,93,09/10/2025,2,2225.24,4450.48
9205,221,147,24/08/2025,3,2884.36,8653.08
9206,65,105,26/07/2025,3,1995.69,5987.07
9207,777,172,10/03/2025,5,2166.2,10831.0
9208,999,28,08/01/2025,1,2980.37,2980.37
9209,194,175,05/01/2025,4,1931.35,7725.4
9210,852,194,11/01/2025,5,983.91,4919.55
9211,458,12,07/09/2025,2,1216.64,2433.28
9212,533,199,28/09/2025,1,2160.76,2160.76
9213,647,132,27/12/2025,4,2731.01,10924.04
9214,783,112,26/04/2025,5,282.3,1411.5
9215,169,10,28/12/2025,4,2650.82,10603.28
9216,36,147,01/05/2025,5,2884.36,14421.8
9217,280,130,01/11/2025,3,1263.65,3790.95
9218,159,173,09/09/2025,4,1842.28,7369.12
9219,740,78,14/08/2025,5,587.66,2938.3
9220,886,105,12/11/2025,2,1995.69,3991.38
9221,420,89,01/09/2025,1,2781.65,2781.65
9222,818,74,24/06/2025,3,813.45,2440.35
9223,405,82,10/03/2025,4,2468.32,9873.28
9224,438,121,04/07/2025,4,842.12,3368.48
9225,694,71,03/11/2025,1,604.38,604.38
9226,523,42,22/02/2025,5,2382.85,11914.25
9227,458,151,13/09/2025,3,98.07,294.21
9228,489,148,02/01/2025,3,1340.15,4020.45
9229,880,11,07/06/2025,2,-50.0,-100.0
9230,342,196,18/03/2025,2,2691.92,5383.84
9231,63,48,02/04/2025,4,2767.18,11068.72
9232,407,157,30/01/2025,2,419.58,839.16
9233,222,33,06/12/2025,4,1677.84,6711.36
9234,975,66,29/03/2025,3,273.54,820.62
9235,976,96,25/04/2025,4,1459.42,5837.68
9236,248,3,17/01/2025,5,595.5,2977.5
9237,473,193,21/01/2025,3,423.21,1269.63
9238,751,98,21/06/2025,2,1142.29,2284.58
9239,89,111,25/06/2025,5,2602.98,13014.9
9240,151,166,20/05/2025,2,547.69,1095.38
9241,477,103,08/07/2025,4,1971.18,7884.72
9242,126,33,29/12/2025,3,1677.84,5033.52
9243,572,52,21/11/2025,4,2248.08,8992.32
9244,589,152,01/02/2025,1,1858.5,1858.5
9245,738,92,24/07/2025,2,87.79,175.58
9246,741,197,04/11/2025,4,2649.99,10599.96
9247,954,54,11/03/2025,2,181.3,362.6
9248,505,112,22/04/2025,2,282.3,564.6
9249,265,34,30/09/2025,2,481.05,962.1
9250,967,91,23/03/2025,4,929.25,3717.0
9251,792,198,29/04/2025,5,765.25,3826.25
9252,477,36,12/09/2025,2,432.46,864.92
9253,691,46,22/06/2025,2,131.37,262.74
9254,769,149,22/02/2025,2,472.83,945.66
9255,37,60,30/08/2025,2,1734.26,3468.52
9256,845,197,04/01/2025,1,2649.99,2649.99
9257,557,178,09/06/2025,5,2635.78,13178.9
9258,146,168,09/05/2025,2,2069.83,4139.66
9259,959,9,17/08/2025,2,2113.6,4227.2
9260,12,69,08/04/2025,2,1686.7,3373.4
9261,239,195,16/12/2025,2,553.06,1106.12
9262,127,162,21/09/2025,5,116.04,580.2
9263,216,137,07/07/2025,3,2071.83,6215.49
9264,409,163,07/03/2025,1,2777.8,2777.8
9265,369,166,08/10/2025,4,547.69,2190.76
9266,641,4,26/08/2025,3,1718.68,5156.04
9267,225,113,31/10/2025,1,1511.94,1511.94
9268,537,182,18/12/2025,3,2300.18,6900.54
9269,694,30,04/08/2025,4,660.17,2640.68
9270,586,169,04/10/2025,4,2665.01,10660.04
9271,17,168,01/06/2025,4,2069.83,8279.32
9272,379,181,07/06/2025,3,1681.95,5045.85
9273,310,187,19/02/2025,2,897.37,1794.74
9274,377,126,24/04/2025,5,2693.58,13467.9
9275,475,159,11/08/2025,2,568.25,1136.5
9276,297,8,16/04/2025,3,1086.73,3260.19
9277,731,38,12/04/2025,4,714.32,2857.28
9278,664,155,25/09/2025,4,2068.39,8273.56
9279,543,93,15/04/2025,5,2225.24,11126.2
9280,270,186,27/09/2025,2,1394.81,2789.62
9281,570,55,20/01/2025,5,142.72,713.6
9282,227,155,11/11/2025,4,2068.39,8273.56
9283,933,156,13/12/2025,4,256.84,1027.36
9284,689,133,13/12/2025,2,1358.52,2717.04
9285,217,21,12/01/2025,3,1645.97,4937.91
9286,244,43,01/11/2025,1,1475.06,1475.06
9287,523,96,12/12/2025,5,1459.42,7297.1
9288,431,89,11/02/2025,3,2781.65,8344.95
9289,698,176,07/03/2025,1,1571.53,1571.53
9290,340,3,12/08/2025,4,595.5,2382.0
9291,445,189,27/07/2025,5,1401.47,7007.35
9292,654,172,26/07/2025,1,2166.2,2166.2
9293,662,118,02/06/2025,2,74.75,149.5
9294,507,107,17/02/2025,4,891.64,3566.56
9295,892,77,23/10/2025,5,1282.15,6410.75
9296,695,137,07/05/2025,4,2071.83,8287.32
9297,146,144,03/07/2025,5,568.72,2843.6
9298,742,158,01/01/2025,1,1416.92,1416.92
9299,237,136,05/04/2025,3,2590.51,7771.53
9300,318,38,15/07/2025,4,714.32,2857.28
9301,173,40,16/06/2025,1,1715.81,1715.81
9302,361,145,04/05/2025,4,2186.7,8746.8
9303,930,174,01/06/2025,4,1789.54,7158.16
9304,211,147,27/04/2025,4,2884.36,11537.44
9305,611,155,11/11/2025,3,2068.39,6205.17
9306,345,153,04/01/2025,3,1709.79,5129.37
9307,206,143,28/06/2025,5,2846.83,14234.15
9308,329,191,01/08/2025,3,357.25,1071.75
9309,371,112,12/04/2025,3,282.3,846.9
9310,77,121,20/09/2025,1,842.12,842.12
9311,503,56,28/01/2025,1,1703.44,1703.44
9312,154,190,09/01/2025,1,289.51,289.51
9313,679,38,15/04/2025,4,714.32,2857.28
9314,390,172,24/04/2025,4,2166.2,8664.8
9315,700,191,29/06/2025,2,357.25,714.5
9316,754,100,15/04/2025,4,199.13,796.52
9317,738,181,29/03/2025,2,1681.95,3363.9
9318,970,187,26/05/2025,2,897.37,1794.74
9319,941,130,18/05/2025,4,1263.65,5054.6
9320,578,55,03/02/2025,5,142.72,713.6
9321,437,171,03/01/2025,4,1831.63,7326.52
9322,817,25,05/03/2025,5,20.58,102.9
9323,35,155,04/06/2025,1,2068.39,2068.39
9324,562,133,22/07/2025,4,1358.52,5434.08
9325,738,187,15/08/2025,1,897.37,897.37
9326,213,191,31/07/2025,2,357.25,714.5
9327,317,78,13/10/2025,4,587.66,2350.64
9328,908,147,07/12/2025,2,2884.36,5768.72
9329,481,132,11/11/2025,3,2731.01,8193.03
9330,372,162,16/02/2025,3,116.04,348.12
9331,496,111,12/11/2025,1,2602.98,2602.98
9332,687,6,12/04/2025,5,1257.25,6286.25
9333,508,25,30/05/2025,4,20.58,82.32
9334,938,198,23/11/2025,3,765.25,2295.75
9335,973,144,08/01/2025,1,568.72,568.72
9336,293,90,07/05/2025,4,60.93,243.72
9337,733,70,11/08/2025,4,1198.05,4792.2
9338,985,148,11/05/2025,3,1340.15,4020.45
9339,937,127,19/12/2025,2,281.63,563.26
9340,984,60,14/08/2025,5,1734.26,8671.3
9341,787,141,31/12/2025,1,2752.99,2752.99
9342,334,34,21/10/2025,5,481.05,2405.25
9343,31,169,19/07/2025,3,2665.01,7995.03
9344,448,89,11/10/2025,1,2781.65,2781.65
9345,196,114,05/06/2025,5,1690.85,8454.25
9346,758,116,16/02/2025,4,928.68,3714.72
9347,608,136,15/09/2025,5,2590.51,12952.55
9348,243,114,06/05/2025,3,1690.85,5072.55
9349,835,68,23/01/2025,3,2290.86,6872.58
9350,621,104,13/06/2025,5,218.46,1092.3
9351,634,55,21/01/2025,5,142.72,713.6
9352,405,41,30/01/2025,3,2208.11,6624.33
9353,154,62,19/09/2025,1,2363.38,2363.38
9354,882,147,11/12/2025,5,2884.36,14421.8
9355,400,72,08/11/2025,4,2991.29,11965.16
9356,976,164,16/05/2025,2,683.21,1366.42
9357,953,57,29/04/2025,3,1517.16,4551.48
9358,367,65,27/07/2025,5,1653.49,8267.45
9359,610,85,27/02/2025,2,615.06,1230.12
9360,192,27,19/07/2025,3,68.58,205.74
9361,33,61,20/08/2025,5,681.82,3409.1
9362,66,2,07/10/2025,5,1604.35,8021.75
9363,47,54,08/06/2025,3,181.3,543.9
9364,430,160,15/07/2025,3,1484.51,4453.53
9365,438,1,28/10/2025,3,321.65,964.95
9366,822,16,02/09/2025,2,1659.24,3318.48
9367,413,67,22/05/2025,4,1314.78,5259.12
9368,471,111,04/03/2025,5,2602.98,13014.9
9369,673,190,07/08/2025,1,289.51,289.51
9370,84,48,01/03/2025,2,2767.18,5534.36
9371,832,87,02/05/2025,1,354.87,354.87
9372,745,148,24/12/2025,4,1340.15,5360.6
9373,321,90,29/07/2025,5,60.93,304.65
9374,728,129,23/11/2025,1,2620.65,2620.65
9375,577,164,22/01/2025,1,683.21,683.21
9376,807,78,10/06/2025,1,587.66,587.66
9377,534,155,21/04/2025,2,2068.39,4136.78
9378,222,96,06/10/2025,2,1459.42,2918.84
9379,426,183,01/01/2025,4,585.75,2343.0
9380,103,58,10/06/2025,5,476.53,2382.65
9381,324,192,14/01/2025,1,2814.77,2814.77
9382,172,151,04/09/2025,3,98.07,294.21
9383,198,133,24/02/2025,1,1358.52,1358.52
9384,897,8,05/04/2025,1,1086.73,1086.73
9385,877,76,27/08/2025,3,286.99,860.97
9386,97,139,11/07/2025,1,2987.14,2987.14
9387,573,15,01/12/2025,4,2801.89,11207.56
9388,828,24,01/06/2025,5,1353.55,6767.75
9389,623,146,01/03/2025,5,2642.79,13213.95
9390,195,103,19/01/2025,3,1971.18,5913.54
9391,899,92,03/03/2025,3,87.79,263.37
9392,590,25,24/04/2025,5,20.58,102.9
9393,854,148,30/09/2025,4,1340.15,5360.6
9394,449,21,10/08/2025,5,1645.97,8229.85
9395,815,170,09/02/2025,4,1226.5,4906.0
9396,495,2,06/01/2025,5,1604.35,8021.75
9397,658,80,17/03/2025,5,2313.65,11568.25
9398,612,53,13/10/2025,2,2787.39,5574.78
9399,929,184,09/01/2025,3,1206.16,3618.48
9400,503,180,04/11/2025,1,2951.82,2951.82
9401,433,22,30/10/2025,2,2301.81,4603.62
9402,226,54,08/02/2025,2,181.3,362.6
9403,781,50,23/10/2025,3,1261.23,3783.69
9404,362,42,22/01/2025,2,2382.85,4765.7
9405,577,198,22/01/2025,3,765.25,2295.75
9406,682,14,02/09/2025,2,2995.33,5990.66
9407,894,174,30/08/2025,1,1789.54,1789.54
9408,508,93,12/10/2025,5,2225.24,11126.2
9409,358,99,18/08/2025,2,149.58,299.16
9410,262,139,18/07/2025,1,2987.14,2987.14
9411,410,28,20/12/2025,1,2980.37,2980.37
9412,941,47,09/03/2025,4,1157.01,4628.04
9413,739,9,31/01/2025,2,2113.6,4227.2
9414,398,152,07/02/2025,3,1858.5,5575.5
9415,440,82,11/12/2025,4,2468.32,9873.28
9416,96,44,02/03/2025,1,2462.16,2462.16
9417,568,111,26/11/2025,1,2602.98,2602.98
9418,65,139,04/03/2025,1,2987.14,2987.14
9419,684,187,09/12/2025,2,897.37,1794.74
9420,728,166,14/12/2025,2,547.69,1095.38
9421,630,156,11/04/2025,2,256.84,513.68
9422,61,47,02/07/2025,3,1157.01,3471.03
9423,598,191,11/09/2025,5,357.25,1786.25
9424,595,185,31/01/2025,2,2325.56,4651.12
9425,440,39,28/02/2025,2,293.88,587.76
9426,810,73,04/11/2025,3,753.81,2261.43
9427,441,143,25/12/2025,5,2846.83,14234.15
9428,620,27,26/10/2025,1,68.58,68.58
9429,721,100,20/10/2025,1,199.13,199.13
9430,782,104,25/01/2025,5,218.46,1092.3
9431,991,74,16/01/2025,3,813.45,2440.35
9432,353,42,03/02/2025,1,2382.85,2382.85
9433,145,194,22/04/2025,1,983.91,983.91
9434,812,109,23/09/2025,1,1535.45,1535.45
9435,126,104,22/02/2025,3,218.46,655.38
9436,965,177,07/01/2025,5,1381.56,6907.8
9437,260,66,22/01/2025,4,273.54,1094.16
9438,898,139,21/12/2025,1,2987.14,2987.14
9439,626,128,12/05/2025,1,1571.74,1571.74
9440,40,199,01/05/2025,5,2160.76,10803.8
9441,280,109,16/06/2025,5,1535.45,7677.25
9442,270,72,30/06/2025,5,2991.29,14956.45
9443,31,104,30/10/2025,1,218.46,218.46
9444,697,190,14/09/2025,3,289.51,868.53
9445,36,106,21/12/2025,2,2595.56,5191.12
9446,968,117,24/06/2025,3,1192.33,3576.99
9447,408,111,13/10/2025,5,2602.98,13014.9
9448,226,176,23/11/2025,5,1571.53,7857.65
9449,560,90,01/12/2025,5,60.93,304.65
9450,42,125,14/03/2025,3,692.24,2076.72
9451,623,71,06/06/2025,1,604.38,604.38
9452,147,171,03/12/2025,5,1831.63,9158.15
9453,17,75,03/07/2025,5,983.77,4918.85
9454,466,167,09/08/2025,4,2604.04,10416.16
9455,184,81,12/12/2025,2,2963.2,5926.4
9456,780,161,28/05/2025,5,508.08,2540.4
9457,466,104,06/11/2025,4,218.46,873.84
9458,88,154,10/04/2025,3,1797.15,5391.45
9459,46,25,27/05/2025,4,20.58,82.32
9460,508,36,19/11/2025,5,432.46,2162.3
9461,411,32,31/05/2025,4,2758.95,11035.8
9462,689,183,23/09/2025,4,585.75,2343.0
9463,328,150,10/03/2025,1,338.18,338.18
9464,990,176,08/03/2025,4,1571.53,6286.12
9465,624,115,13/02/2025,4,138.46,553.84
9466,124,195,18/07/2025,4,553.06,2212.24
9467,141,197,24/07/2025,5,2649.99,13249.95
9468,446,3,07/06/2025,2,595.5,1191.0
9469,612,134,19/05/2025,2,636.14,1272.28
9470,828,103,01/11/2025,5,1971.18,9855.9
9471,940,162,05/09/2025,4,116.04,464.16
9472,667,12,22/07/2025,1,1216.64,1216.64
9473,379,97,12/09/2025,2,2091.31,4182.62
9474,764,126,23/01/2025,3,2693.58,8080.74
9475,162,17,12/09/2025,3,2537.66,7612.98
9476,975,34,14/02/2025,2,481.05,962.1
9477,735,38,17/03/2025,3,714.32,2142.96
9478,281,46,24/06/2025,2,131.37,262.74
9479,156,88,18/01/2025,4,744.28,2977.12
9480,1,134,25/09/2025,3,636.14,1908.42
9481,858,159,04/11/2025,3,568.25,1704.75
9482,400,17,03/04/2025,4,2537.66,10150.64
9483,111,93,23/06/2025,1,2225.24,2225.24
9484,792,39,17/11/2025,1,293.88,293.88
9485,369,188,19/06/2025,2,2076.06,4152.12
9486,204,197,07/04/2025,1,2649.99,2649.99
9487,737,31,20/05/2025,5,84.67,423.35
9488,381,106,18/06/2025,1,2595.56,2595.56
9489,628,160,28/05/2025,2,1484.51,2969.02
9490,680,39,18/03/2025,2,293.88,587.76
9491,130,186,04/01/2025,1,1394.81,1394.81
9492,620,22,24/10/2025,2,2301.81,4603.62
9493,278,67,25/02/2025,2,1314.78,2629.56
9494,812,71,24/05/2025,1,604.38,604.38
9495,883,8,06/09/2025,5,1086.73,5433.65
9496,525,57,22/12/2025,3,1517.16,4551.48
9497,929,51,04/09/2025,4,2611.96,10447.84
9498,606,196,19/03/2025,5,2691.92,13459.6
9499,706,78,18/03/2025,1,587.66,587.66
9500,99,30,29/09/2025,4,660.17,2640.68
9501,151,59,22/04/2025,1,2913.7,2913.7
9502,504,160,15/12/2025,5,1484.51,7422.55
9503,923,191,11/02/2025,5,357.25,1786.25
9504,515,28,22/01/2025,1,2980.37,2980.37
9505,824,175,16/07/2025,5,1931.35,9656.75
9506,155,80,29/07/2025,2,2313.65,4627.3
9507,353,119,12/11/2025,5,1079.03,5395.15
9508,773,112,14/12/2025,2,282.3,564.6
9509,341,93,31/08/2025,5,2225.24,11126.2
9510,463,73,07/03/2025,3,753.81,2261.43
9511,428,55,15/09/2025,3,142.72,428.16
9512,536,137,11/04/2025,2,2071.83,4143.66
9513,767,194,17/11/2025,4,983.91,3935.64
9514,153,81,01/06/2025,3,2963.2,8889.6
9515,766,48,24/11/2025,2,2767.18,5534.36
9516,330,52,01/03/2025,3,2248.08,6744.24
9517,70,120,14/12/2025,5,723.89,3619.45
9518,571,194,11/10/2025,2,983.91,1967.82
9519,26,85,08/05/2025,1,615.06,615.06
9520,258,87,28/04/2025,3,354.87,1064.61
9521,568,189,06/04/2025,5,1401.47,7007.35
9522,524,121,04/01/2025,2,842.12,1684.24
9523,269,113,31/08/2025,4,1511.94,6047.76
9524,446,98,29/12/2025,4,1142.29,4569.16
9525,46,137,04/10/2025,2,2071.83,4143.66
9526,560,127,14/06/2025,3,281.63,844.89
9527,724,179,17/08/2025,5,1565.73,7828.65
9528,81,186,29/01/2025,2,1394.81,2789.62
9529,641,121,17/04/2025,3,842.12,2526.36
9530,74,176,19/07/2025,2,1571.53,3143.06
9531,569,93,08/04/2025,5,2225.24,11126.2
9532,106,96,22/07/2025,2,1459.42,2918.84
9533,132,25,04/09/2025,1,20.58,20.58
9534,862,76,12/05/2025,1,286.99,286.99
9535,810,68,02/01/2025,2,2290.86,4581.72
9536,651,32,18/07/2025,1,2758.95,2758.95
9537,84,72,02/07/2025,3,2991.29,8973.87
9538,146,152,15/07/2025,5,1858.5,9292.5
9539,954,79,29/12/2025,3,1789.75,5369.25
9540,473,80,15/04/2025,3,2313.65,6940.95
9541,219,18,10/11/2025,5,2297.27,11486.35
9542,871,123,04/03/2025,1,2673.4,2673.4
9543,700,93,27/04/2025,2,2225.24,4450.48
9544,839,63,25/10/2025,3,413.92,1241.76
9545,956,116,15/11/2025,2,928.68,1857.36
9546,443,158,15/01/2025,4,1416.92,5667.68
9547,95,7,16/04/2025,1,2303.52,2303.52
9548,811,163,26/04/2025,3,2777.8,8333.4
9549,302,78,04/11/2025,5,587.66,2938.3
9550,509,94,25/12/2025,5,627.33,3136.65
9551,365,142,17/11/2025,4,222.09,888.36
9552,71,188,26/09/2025,5,2076.06,10380.3
9553,519,24,20/09/2025,4,1353.55,5414.2
9554,414,14,01/03/2025,2,2995.33,5990.66
9555,376,147,20/03/2025,5,2884.36,14421.8
9556,512,156,22/04/2025,3,256.84,770.52
9557,468,112,21/09/2025,2,282.3,564.6
9558,131,126,26/10/2025,3,2693.58,8080.74
9559,889,12,20/04/2025,2,1216.64,2433.28
9560,121,42,06/04/2025,2,2382.85,4765.7
9561,235,155,16/05/2025,3,2068.39,6205.17
9562,571,11,08/01/2025,4,-50.0,-200.0
9563,297,116,18/12/2025,2,928.68,1857.36
9564,121,80,22/04/2025,5,2313.65,11568.25
9565,817,102,26/08/2025,5,828.42,4142.1
9566,318,118,12/09/2025,4,74.75,299.0
9567,262,2,10/01/2025,4,1604.35,6417.4
9568,227,104,30/07/2025,4,218.46,873.84
9569,881,196,25/07/2025,3,2691.92,8075.76
9570,13,1,13/07/2025,4,321.65,1286.6
9571,986,184,24/03/2025,2,1206.16,2412.32
9572,876,141,03/03/2025,2,2752.99,5505.98
9573,887,47,07/03/2025,5,1157.01,5785.05
9574,124,149,15/09/2025,2,472.83,945.66
9575,426,138,04/09/2025,2,2730.5,5461.0
9576,569,67,10/03/2025,4,1314.78,5259.12
9577,437,67,03/11/2025,2,1314.78,2629.56
9578,211,51,03/06/2025,1,2611.96,2611.96
9579,740,200,26/11/2025,3,291.75,875.25
9580,601,111,27/03/2025,5,2602.98,13014.9
9581,679,195,25/07/2025,1,553.06,553.06
9582,411,169,17/01/2025,4,2665.01,10660.04
9583,909,70,30/06/2025,5,1198.05,5990.25
9584,238,25,14/04/2025,2,20.58,41.16
9585,259,168,16/04/2025,3,2069.83,6209.49
9586,349,134,24/10/2025,3,636.14,1908.42
9587,900,144,27/02/2025,1,568.72,568.72
9588,990,134,10/08/2025,3,636.14,1908.42
9589,360,26,14/05/2025,2,2949.21,5898.42
9590,186,31,19/07/2025,1,84.67,84.67
9591,768,61,13/10/2025,4,681.82,2727.28
9592,699,23,29/12/2025,4,1092.83,4371.32
9593,20,79,30/12/2025,5,1789.75,8948.75
9594,744,58,10/05/2025,4,476.53,1906.12
9595,641,136,12/02/2025,1,2590.51,2590.51
9596,706,106,24/10/2025,3,2595.56,7786.68
9597,359,93,17/11/2025,5,2225.24,11126.2
9598,727,96,13/05/2025,5,1459.42,7297.1
9599,171,19,07/05/2025,5,2481.94,12409.7
9600,512,147,23/02/2025,2,2884.36,5768.72
9601,214,196,10/04/2025,4,2691.92,10767.68
9602,932,177,22/06/2025,4,1381.56,5526.24
9603,591,128,08/09/2025,2,1571.74,3143.48
9604,410,119,24/09/2025,4,1079.03,4316.12
9605,505,122,07/07/2025,4,1884.86,7539.44
9606,582,54,14/10/2025,3,181.3,543.9
9607,436,19,08/06/2025,2,2481.94,4963.88
9608,92,125,01/11/2025,3,692.24,2076.72
9609,75,150,23/04/2025,3,338.18,1014.54
9610,794,143,08/10/2025,1,2846.83,2846.83
9611,669,140,02/04/2025,3,1975.57,5926.71
9612,443,126,09/04/2025,2,2693.58,5387.16
9613,206,156,07/01/2025,5,256.84,1284.2
9614,696,126,28/02/2025,4,2693.58,10774.32
9615,373,8,18/02/2025,1,1086.73,1086.73
9616,77,21,09/11/2025,2,1645.97,3291.94
9617,109,86,27/09/2025,3,484.85,1454.55
9618,991,1,25/05/2025,3,321.65,964.95
9619,188,192,31/07/2025,2,2814.77,5629.54
9620,996,65,13/11/2025,4,1653.49,6613.96
9621,161,195,14/05/2025,1,553.06,553.06
9622,600,155,14/02/2025,1,2068.39,2068.39
9623,3,186,21/07/2025,5,1394.81,6974.05
9624,100,99,24/08/2025,3,149.58,448.74
9625,721,156,09/06/2025,1,256.84,256.84
9626,860,161,20/10/2025,5,508.08,2540.4
9627,979,23,04/09/2025,3,1092.83,3278.49
9628,230,136,15/07/2025,1,2590.51,2590.51
9629,466,157,15/07/2025,5,419.58,2097.9
9630,473,171,18/07/2025,2,1831.63,3663.26
9631,463,47,27/10/2025,1,1157.01,1157.01
9632,692,101,24/01/2025,1,2371.78,2371.78
9633,821,47,23/08/2025,2,1157.01,2314.02
9634,186,111,25/04/2025,3,2602.98,7808.94
9635,691,45,06/07/2025,1,1793.79,1793.79
9636,522,100,17/10/2025,5,199.13,995.65
9637,450,41,05/07/2025,3,2208.11,6624.33
9638,636,121,07/12/2025,1,842.12,842.12
9639,865,193,05/07/2025,3,423.21,1269.63
9640,937,175,13/11/2025,4,1931.35,7725.4
9641,201,41,28/08/2025,4,2208.11,8832.44
9642,8,31,15/12/2025,1,84.67,84.67
9643,344,79,19/02/2025,5,1789.75,8948.75
9644,854,120,16/04/2025,4,723.89,2895.56
9645,641,47,03/01/2025,4,1157.01,4628.04
9646,837,151,18/09/2025,4,98.07,392.28
9647,349,105,10/10/2025,5,1995.69,9978.45
9648,705,138,04/08/2025,5,2730.5,13652.5
9649,773,17,26/09/2025,1,2537.66,2537.66
9650,352,173,31/08/2025,5,1842.28,9211.4
9651,206,89,13/07/2025,5,2781.65,13908.25
9652,992,123,31/05/2025,5,2673.4,13367.0
9653,850,55,30/07/2025,2,142.72,285.44
9654,281,70,27/01/2025,4,1198.05,4792.2
9655,173,98,18/03/2025,2,1142.29,2284.58
9656,502,102,03/12/2025,4,828.42,3313.68
9657,435,196,01/11/2025,3,2691.92,8075.76
9658,404,68,23/09/2025,3,2290.86,6872.58
9659,456,168,17/07/2025,4,2069.83,8279.32
9660,634,67,21/11/2025,5,1314.78,6573.9
9661,272,114,28/06/2025,1,1690.85,1690.85
9662,363,161,21/05/2025,2,508.08,1016.16
9663,875,114,13/06/2025,3,1690.85,5072.55
9664,664,10,10/05/2025,2,2650.82,5301.64
9665,25,199,04/05/2025,3,2160.76,6482.28
9666,454,127,04/11/2025,2,281.63,563.26
9667,663,2,20/05/2025,5,1604.35,8021.75
9668,696,192,09/11/2025,5,2814.77,14073.85
9669,408,81,25/11/2025,2,2963.2,5926.4
9670,639,67,14/01/2025,3,1314.78,3944.34
9671,243,113,24/05/2025,3,1511.94,4535.82
9672,568,9,26/09/2025,4,2113.6,8454.4
9673,8,96,30/09/2025,2,1459.42,2918.84
9674,222,51,10/07/2025,5,2611.96,13059.8
9675,948,104,07/04/2025,5,218.46,1092.3
9676,192,185,03/03/2025,5,2325.56,11627.8
9677,254,105,14/07/2025,5,1995.69,9978.45
9678,311,190,22/01/2025,5,289.51,1447.55
9679,714,71,01/09/2025,1,604.38,604.38
9680,227,118,29/01/2025,2,74.75,149.5
9681,991,71,30/06/2025,1,604.38,604.38
9682,2,185,22/04/2025,4,2325.56,9302.24
9683,181,181,16/01/2025,3,1681.95,5045.85
9684,322,27,14/03/2025,1,68.58,68.58
9685,418,93,28/04/2025,5,2225.24,11126.2
9686,891,137,20/11/2025,4,2071.83,8287.32
9687,596,111,14/04/2025,2,2602.98,5205.96
9688,913,75,28/08/2025,4,983.77,3935.08
9689,288,166,17/05/2025,4,547.69,2190.76
9690,709,101,20/01/2025,4,2371.78,9487.12
9691,254,56,06/09/2025,2,1703.44,3406.88
9692,202,147,31/08/2025,5,2884.36,14421.8
9693,271,29,01/11/2025,3,39.58,118.74
9694,151,14,26/05/2025,5,2995.33,14976.65
9695,838,18,15/02/2025,1,2297.27,2297.27
9696,22,46,12/08/2025,4,131.37,525.48
9697,46,124,26/02/2025,5,2833.53,14167.65
9698,699,153,28/02/2025,3,1709.79,5129.37
9699,402,77,15/05/2025,5,1282.15,6410.75
9700,607,119,17/10/2025,4,1079.03,4316.12
9701,650,121,23/09/2025,2,842.12,1684.24
9702,202,61,07/08/2025,1,681.82,681.82
9703,90,68,21/04/2025,3,2290.86,6872.58
9704,911,83,02/12/2025,4,1877.08,7508.32
9705,381,70,28/09/2025,4,1198.05,4792.2
9706,605,54,12/01/2025,3,181.3,543.9
9707,969,89,29/07/2025,2,2781.65,5563.3
9708,33,48,15/01/2025,4,2767.18,11068.72
9709,744,104,29/08/2025,5,218.46,1092.3
9710,343,111,31/01/2025,4,2602.98,10411.92
9711,493,22,15/12/2025,5,2301.81,11509.05
9712,965,31,04/11/2025,2,84.67,169.34
9713,187,62,18/02/2025,4,2363.38,9453.52
9714,884,56,26/02/2025,5,1703.44,8517.2
9715,131,49,25/08/2025,4,1056.83,4227.32
9716,260,94,27/11/2025,5,627.33,3136.65
9717,603,134,11/12/2025,3,636.14,1908.42
9718,105,180,08/05/2025,2,2951.82,5903.64
9719,511,106,17/08/2025,5,2595.56,12977.8
9720,10,86,06/01/2025,5,484.85,2424.25
9721,502,149,23/01/2025,1,472.83,472.83
9722,644,193,25/11/2025,4,423.21,1692.84
9723,373,31,07/08/2025,1,84.67,84.67
9724,274,11,19/01/2025,4,-50.0,-200.0
9725,989,117,15/04/2025,5,1192.33,5961.65
9726,780,138,14/08/2025,3,2730.5,8191.5
9727,544,188,20/09/2025,3,2076.06,6228.18
9728,993,51,27/04/2025,1,2611.96,2611.96
9729,261,133,25/08/2025,3,1358.52,4075.56
9730,219,111,04/12/2025,3,2602.98,7808.94
9731,292,177,30/05/2025,1,1381.56,1381.56
9732,899,68,08/03/2025,5,2290.86,11454.3
9733,491,48,30/01/2025,5,2767.18,13835.9
9734,630,3,02/03/2025,2,595.5,1191.0
9735,888,116,17/09/2025,5,928.68,4643.4
9736,251,170,12/05/2025,4,1226.5,4906.0
9737,252,190,08/08/2025,1,289.51,289.51
9738,505,191,16/06/2025,5,357.25,1786.25
9739,765,160,17/05/2025,5,1484.51,7422.55
9740,971,67,22/01/2025,3,1314.78,3944.34
9741,565,144,11/06/2025,5,568.72,2843.6
9742,761,151,13/01/2025,2,98.07,196.14
9743,205,48,25/08/2025,1,2767.18,2767.18
9744,642,96,03/01/2025,4,1459.42,5837.68
9745,866,183,21/03/2025,3,585.75,1757.25
9746,434,159,28/01/2025,5,568.25,2841.25
9747,128,191,23/03/2025,3,357.25,1071.75
9748,212,167,08/03/2025,1,2604.04,2604.04
9749,622,154,25/07/2025,5,1797.15,8985.75
9750,391,51,11/01/2025,2,2611.96,5223.92
9751,983,154,06/05/2025,2,1797.15,3594.3
9752,367,103,16/05/2025,3,1971.18,5913.54
9753,993,1,16/01/2025,2,321.65,643.3
9754,451,153,02/03/2025,5,1709.79,8548.95
9755,823,91,31/01/2025,3,929.25,2787.75
9756,824,47,17/04/2025,4,1157.01,4628.04
9757,947,42,02/03/2025,1,2382.85,2382.85
9758,150,161,02/07/2025,5,508.08,2540.4
9759,221,24,17/06/2025,5,1353.55,6767.75
9760,5,6,07/03/2025,3,1257.25,3771.75
9761,206,21,13/03/2025,5,1645.97,8229.85
9762,717,10,22/09/2025,4,2650.82,10603.28
9763,130,15,28/09/2025,3,2801.89,8405.67
9764,896,32,18/10/2025,1,2758.95,2758.95
9765,244,15,02/06/2025,3,2801.89,8405.67
9766,544,74,22/04/2025,4,813.45,3253.8
9767,938,133,16/08/2025,3,1358.52,4075.56
9768,775,125,17/08/2025,5,692.24,3461.2
9769,907,53,27/09/2025,5,2787.39,13936.95
9770,964,192,19/05/2025,2,2814.77,5629.54
9771,851,184,23/11/2025,3,1206.16,3618.48
9772,697,84,27/09/2025,2,153.74,307.48
9773,850,27,13/02/2025,3,68.58,205.74
9774,549,41,16/03/2025,4,2208.11,8832.44
9775,881,174,21/09/2025,2,1789.54,3579.08
9776,892,36,21/05/2025,4,432.46,1729.84
9777,873,34,01/07/2025,5,481.05,2405.25
9778,889,26,25/06/2025,5,2949.21,14746.05
9779,190,93,28/11/2025,3,2225.24,6675.72
9780,479,176,28/09/2025,4,1571.53,6286.12
9781,803,135,22/06/2025,1,1751.47,1751.47
9782,927,87,22/01/2025,5,354.87,1774.35
9783,250,14,05/03/2025,5,2995.33,14976.65
9784,589,109,18/06/2025,5,1535.45,7677.25
9785,866,78,14/09/2025,3,587.66,1762.98
9786,465,100,12/12/2025,1,199.13,199.13
9787,819,87,29/12/2025,1,354.87,354.87
9788,781,76,11/10/2025,5,286.99,1434.95
9789,289,150,16/06/2025,1,338.18,338.18
9790,755,8,20/10/2025,5,1086.73,5433.65
9791,140,168,28/05/2025,3,2069.83,6209.49
9792,417,183,22/01/2025,3,585.75,1757.25
9793,244,86,16/08/2025,1,484.85,484.85
9794,956,106,04/07/2025,5,2595.56,12977.8
9795,355,91,24/12/2025,5,929.25,4646.25
9796,820,199,08/07/2025,2,2160.76,4321.52
9797,882,86,19/09/2025,5,484.85,2424.25
9798,80,16,31/12/2025,5,1659.24,8296.2
9799,138,170,17/08/2025,2,1226.5,2453.0
9800,450,199,03/06/2025,3,2160.76,6482.28
9801,458,197,18/11/2025,4,2649.99,10599.96
9802,509,127,10/07/2025,3,281.63,844.89
9803,589,47,26/05/2025,3,1157.01,3471.03
9804,901,182,06/03/2025,1,2300.18,2300.18
9805,223,132,17/03/2025,4,2731.01,10924.04
9806,872,74,08/05/2025,5,813.45,4067.25
9807,495,153,12/11/2025,4,1709.79,6839.16
9808,40,5,01/02/2025,4,1684.1,6736.4
9809,728,73,06/07/2025,3,753.81,2261.43
9810,615,73,08/06/2025,5,753.81,3769.05
9811,583,177,25/08/2025,4,1381.56,5526.24
9812,918,68,12/08/2025,1,2290.86,2290.86
9813,437,34,14/12/2025,2,481.05,962.1
9814,578,88,04/12/2025,4,744.28,2977.12
9815,866,126,20/03/2025,1,2693.58,2693.58
9816,338,94,24/04/2025,5,627.33,3136.65
9817,352,8,19/08/2025,2,1086.73,2173.46
9818,442,115,16/11/2025,3,138.46,415.38
9819,752,6,04/06/2025,4,1257.25,5029.0
9820,127,40,09/09/2025,2,1715.81,3431.62
9821,152,174,23/07/2025,4,1789.54,7158.16
9822,370,51,25/05/2025,1,2611.96,2611.96
9823,837,95,22/12/2025,1,2256.06,2256.06
9824,643,52,22/02/2025,3,2248.08,6744.24
9825,509,164,29/01/2025,1,683.21,683.21
9826,348,73,22/06/2025,3,753.81,2261.43
9827,570,62,30/06/2025,3,2363.38,7090.14
9828,365,160,06/07/2025,3,1484.51,4453.53
9829,946,112,04/03/2025,2,282.3,564.6
9830,435,143,15/04/2025,2,2846.83,5693.66
9831,382,169,25/12/2025,4,2665.01,10660.04
9832,994,196,01/08/2025,4,2691.92,10767.68
9833,522,14,10/11/2025,5,2995.33,14976.65
9834,365,195,04/06/2025,1,553.06,553.06
9835,823,191,16/02/2025,5,357.25,1786.25
9836,31,129,27/01/2025,4,2620.65,10482.6
9837,301,52,31/08/2025,1,2248.08,2248.08
9838,91,95,15/12/2025,3,2256.06,6768.18
9839,483,144,23/03/2025,3,568.72,1706.16
9840,96,161,22/08/2025,5,508.08,2540.4
9841,598,60,20/07/2025,2,1734.26,3468.52
9842,570,99,12/11/2025,1,149.58,149.58
9843,699,63,09/12/2025,1,413.92,413.92
9844,697,108,26/09/2025,1,708.88,708.88
9845,590,133,07/10/2025,5,1358.52,6792.6
9846,359,166,15/02/2025,1,547.69,547.69
9847,35,95,10/10/2025,3,2256.06,6768.18
9848,202,153,17/02/2025,1,1709.79,1709.79
9849,111,95,30/03/2025,2,2256.06,4512.12
9850,45,42,26/05/2025,4,2382.85,9531.4
9851,50,9,29/12/2025,5,2113.6,10568.0
9852,195,176,29/12/2025,2,1571.53,3143.06
9853,223,147,05/05/2025,4,2884.36,11537.44
9854,512,151,05/04/2025,1,98.07,98.07
9855,932,1,06/10/2025,2,321.65,643.3
9856,574,163,23/09/2025,4,2777.8,11111.2
9857,174,168,14/10/2025,1,2069.83,2069.83
9858,546,158,28/09/2025,2,1416.92,2833.84
9859,305,73,24/09/2025,4,753.81,3015.24
9860,102,193,20/08/2025,4,423.21,1692.84
9861,443,104,20/05/2025,2,218.46,436.92
9862,902,35,06/10/2025,1,1391.9,1391.9
9863,239,77,25/12/2025,5,1282.15,6410.75
9864,95,48,06/04/2025,3,2767.18,8301.54
9865,761,197,11/08/2025,4,2649.99,10599.96
9866,300,124,18/03/2025,3,2833.53,8500.59
9867,746,106,21/05/2025,3,2595.56,7786.68
9868,869,8,26/08/2025,3,1086.73,3260.19
9869,664,144,17/12/2025,2,568.72,1137.44
9870,784,43,03/11/2025,4,1475.06,5900.24
9871,841,112,03/05/2025,4,282.3,1129.2
9872,453,153,23/09/2025,3,1709.79,5129.37
9873,96,175,31/08/2025,5,1931.35,9656.75
9874,455,78,09/11/2025,3,587.66,1762.98
9875,581,44,18/07/2025,3,2462.16,7386.48
9876,540,115,06/06/2025,1,138.46,138.46
9877,955,66,09/11/2025,4,273.54,1094.16
9878,223,146,27/12/2025,5,2642.79,13213.95
9879,343,64,17/06/2025,1,1438.05,1438.05
9880,339,112,09/06/2025,4,282.3,1129.2
9881,670,37,11/11/2025,2,2671.08,5342.16
9882,286,3,17/11/2025,2,595.5,1191.0
9883,388,150,12/10/2025,1,338.18,338.18
9884,962,145,18/05/2025,4,2186.7,8746.8
9885,785,151,19/07/2025,4,98.07,392.28
9886,429,171,02/02/2025,5,1831.63,9158.15
9887,982,32,04/04/2025,5,2758.95,13794.75
9888,860,36,16/03/2025,5,432.46,2162.3
9889,249,171,17/05/2025,2,1831.63,3663.26
9890,393,144,12/03/2025,4,568.72,2274.88
9891,191,14,28/08/2025,2,2995.33,5990.66
9892,213,59,28/12/2025,4,2913.7,11654.8
9893,572,199,28/01/2025,3,2160.76,6482.28
9894,397,173,15/04/2025,1,1842.28,1842.28
9895,528,106,04/06/2025,4,2595.56,10382.24
9896,724,134,11/09/2025,3,636.14,1908.42
9897,514,63,16/05/2025,1,413.92,413.92
9898,807,85,27/10/2025,3,615.06,1845.18
9899,395,176,12/12/2025,3,1571.53,4714.59
9900,795,116,30/11/2025,4,928.68,3714.72
9901,840,171,24/08/2025,3,1831.63,5494.89
9902,515,99,13/12/2025,5,149.58,747.9
9903,3,14,22/06/2025,3,2995.33,8985.99
9904,69,189,22/07/2025,2,1401.47,2802.94
9905,653,192,30/11/2025,4,2814.77,11259.08
9906,435,67,05/11/2025,3,1314.78,3944.34
9907,271,55,25/04/2025,4,142.72,570.88
9908,170,120,08/07/2025,1,723.89,723.89
9909,421,28,11/08/2025,3,2980.37,8941.11
9910,364,50,10/05/2025,3,1261.23,3783.69
9911,182,11,30/05/2025,1,-50.0,-50.0
9912,155,23,09/08/2025,5,1092.83,5464.15
9913,454,65,21/02/2025,4,1653.49,6613.96
9914,887,95,26/01/2025,2,2256.06,4512.12
9915,256,84,20/11/2025,1,153.74,153.74
9916,589,24,28/09/2025,5,1353.55,6767.75
9917,356,172,24/06/2025,1,2166.2,2166.2
9918,419,96,01/05/2025,1,1459.42,1459.42
9919,230,82,13/06/2025,5,2468.32,12341.6
9920,51,140,17/11/2025,1,1975.57,1975.57
9921,270,49,06/04/2025,2,1056.83,2113.66
9922,727,145,01/09/2025,5,2186.7,10933.5
9923,921,109,30/12/2025,4,1535.45,6141.8
9924,210,48,10/12/2025,4,2767.18,11068.72
9925,606,178,23/05/2025,1,2635.78,2635.78
9926,132,54,08/10/2025,2,181.3,362.6
9927,99,1,21/01/2025,4,321.65,1286.6
9928,943,191,12/11/2025,5,357.25,1786.25
9929,994,20,23/01/2025,4,1833.07,7332.28
9930,40,94,06/03/2025,2,627.33,1254.66
9931,618,21,17/05/2025,5,1645.97,8229.85
9932,358,118,25/10/2025,3,74.75,224.25
9933,852,197,05/07/2025,4,2649.99,10599.96
9934,633,154,20/06/2025,1,1797.15,1797.15
9935,868,34,10/01/2025,4,481.05,1924.2
9936,721,47,12/11/2025,3,1157.01,3471.03
9937,636,110,27/02/2025,1,2713.54,2713.54
9938,822,75,12/06/2025,2,983.77,1967.54
9939,926,129,23/01/2025,2,2620.65,5241.3
9940,320,2,03/09/2025,4,1604.35,6417.4
9941,750,190,05/03/2025,3,289.51,868.53
9942,227,11,09/02/2025,4,-50.0,-200.0
9943,12,153,13/03/2025,2,1709.79,3419.58
9944,112,103,28/10/2025,5,1971.18,9855.9
9945,467,74,13/04/2025,3,813.45,2440.35
9946,843,118,25/05/2025,1,74.75,74.75
9947,458,62,23/01/2025,2,2363.38,4726.76
9948,291,63,09/11/2025,1,413.92,413.92
9949,130,114,08/05/2025,3,1690.85,5072.55
9950,820,23,31/07/2025,2,1092.83,2185.66
9951,436,106,23/07/2025,3,2595.56,7786.68
9952,877,12,24/04/2025,2,1216.64,2433.28
9953,207,103,31/07/2025,1,1971.18,1971.18
9954,992,92,19/09/2025,3,87.79,263.37
9955,23,108,09/05/2025,2,708.88,1417.76
9956,465,84,23/06/2025,3,153.74,461.22
9957,154,108,13/03/2025,4,708.88,2835.52
9958,916,14,27/07/2025,2,2995.33,5990.66
9959,645,122,15/03/2025,1,1884.86,1884.86
9960,466,186,27/02/2025,3,1394.81,4184.43
9961,8,2,17/12/2025,3,1604.35,4813.05
9962,946,112,07/09/2025,5,282.3,1411.5
9963,43,110,02/01/2025,5,2713.54,13567.7
9964,327,119,06/02/2025,1,1079.03,1079.03
9965,995,46,24/12/2025,1,131.37,131.37
9966,536,24,21/08/2025,4,1353.55,5414.2
9967,891,177,14/04/2025,5,1381.56,6907.8
9968,830,47,06/07/2025,2,1157.01,2314.02
9969,819,49,28/04/2025,5,1056.83,5284.15
9970,779,179,09/01/2025,2,1565.73,3131.46
9971,645,95,29/09/2025,3,2256.06,6768.18
9972,289,188,25/12/2025,5,2076.06,10380.3
9973,328,21,19/06/2025,4,1645.97,6583.88
9974,485,15,25/10/2025,4,2801.89,11207.56
9975,304,49,25/02/2025,2,1056.83,2113.66
9976,724,136,17/01/2025,2,2590.51,5181.02
9977,152,70,22/07/2025,2,1198.05,2396.1
9978,700,68,28/09/2025,4,2290.86,9163.44
9979,803,86,26/02/2025,3,484.85,1454.55
9980,588,7,18/01/2025,2,2303.52,4607.04
9981,312,18,15/06/2025,1,2297.27,2297.27
9982,728,79,16/09/2025,5,1789.75,8948.75
9983,34,200,20/02/2025,3,291.75,875.25
9984,52,156,08/04/2025,2,256.84,513.68
9985,292,101,07/05/2025,3,2371.78,7115.34
9986,230,107,02/05/2025,2,891.64,1783.28
9987,7,81,29/12/2025,4,2963.2,11852.8
9988,791,95,10/04/2025,3,2256.06,6768.18
9989,477,180,02/01/2025,1,2951.82,2951.82
9990,592,139,03/03/2025,3,2987.14,8961.42
9991,416,198,30/04/2025,3,765.25,2295.75
9992,462,115,24/11/2025,1,138.46,138.46
9993,663,38,25/08/2025,1,714.32,714.32
9994,11,192,14/08/2025,3,2814.77,8444.31
9995,63,29,24/06/2025,2,39.58,79.16
9996,721,180,28/03/2025,5,2951.82,14759.1
9997,566,175,19/04/2025,2,1931.35,3862.7
9998,943,161,29/08/2025,5,508.08,2540.4
9999,95,115,11/07/2025,5,138.46,692.3
10000,390,136,21/08/2025,1,2590.51,2590.51
